ID,Created,Name,Description,Playlist URL
0a9dac759c584cc4810c6697db05d118,2025-09-15T13:07:45Z,Cheerful Murder Scene in a Movie,"Pick an Upbeat Song, That One Might Not Normally Think of, to Play Over a Brutal Murder Scene

Also sparkles felt it important to note that this scene is in slow motion",https://open.spotify.com/playlist/7HWRVXoxAMnb5MGw7joW18
0e7e635ae7c44d8ab6e6f712f5827e52,2025-09-22T14:53:47Z,Unusual instrumentation,"we're looking for a band, but not just a guitar / bass / drums band",https://open.spotify.com/playlist/2tZgh2yq32FPLNUQIDPZqR
900b619e920e4e0bbbe78575966382c2,2025-09-29T17:57:34Z,Everyone Makes Mistakes: The Worst Song by a Band You Love,A round by Jess. more points for worse songs.,https://open.spotify.com/playlist/4JS3Csn8JXhcRBeCegldHs
522b13ba04ec4642aecfa1348d277da0,2025-10-06T20:29:03Z,Band name doesn't match genre,,https://open.spotify.com/playlist/5UIBloLI9RqFe8OteOwZbj
5eaa0409ea0448238f7b814cba6057be,2025-10-13T20:00:02Z,"""You May Have Missed""",hidden gems from 2025 so far,https://open.spotify.com/playlist/6GiCaLFb1GbyUzaaJgCPd3
