Spotify URI,Voter ID,Created,Points Assigned,Comment,Round ID
spotify:track:1oYYd2gnWZYrt89EBXdFiO,1f8ca948510946fa8edffd20518859ea,2023-06-13T03:09:55Z,4,,540f5a1f555146b79987b55bd8e2f5b8
spotify:track:1TKPfF2fvn6gVLVfp3iG4j,1f8ca948510946fa8edffd20518859ea,2023-06-13T03:09:55Z,5,,540f5a1f555146b79987b55bd8e2f5b8
spotify:track:4bO6DljpuAeQh6HS20i0I5,1f8ca948510946fa8edffd20518859ea,2023-06-13T03:09:55Z,6,,540f5a1f555146b79987b55bd8e2f5b8
spotify:track:6Vjk8MNXpQpi0F4BefdTyq,1f8ca948510946fa8edffd20518859ea,2023-06-13T03:09:55Z,5,,540f5a1f555146b79987b55bd8e2f5b8
spotify:track:1oYYd2gnWZYrt89EBXdFiO,942db94f20df4bbf8653da742bb672bd,2023-06-13T13:25:08Z,2,Feel like they have more dad-ish songs,540f5a1f555146b79987b55bd8e2f5b8
spotify:track:1TKPfF2fvn6gVLVfp3iG4j,942db94f20df4bbf8653da742bb672bd,2023-06-13T13:25:08Z,2,Cool dad alert,540f5a1f555146b79987b55bd8e2f5b8
spotify:track:2kkvB3RNRzwjFdGhaUA0tz,942db94f20df4bbf8653da742bb672bd,2023-06-13T13:25:08Z,4,Extra point for the description. Such a dad trivia fact,540f5a1f555146b79987b55bd8e2f5b8
spotify:track:2sCoROOlNQyFpRQEe6A5lv,942db94f20df4bbf8653da742bb672bd,2023-06-13T13:25:08Z,3,Your dad is cool,540f5a1f555146b79987b55bd8e2f5b8
spotify:track:5By7Pzgl6TMuVJG168VWzS,942db94f20df4bbf8653da742bb672bd,2023-06-13T13:25:08Z,1,Should have posted the Gregorian chant,540f5a1f555146b79987b55bd8e2f5b8
spotify:track:6QHYEZlm9wyfXfEM1vSu1P,942db94f20df4bbf8653da742bb672bd,2023-06-13T13:25:08Z,3,Solid boat jam,540f5a1f555146b79987b55bd8e2f5b8
spotify:track:6Vjk8MNXpQpi0F4BefdTyq,942db94f20df4bbf8653da742bb672bd,2023-06-13T13:25:08Z,5,VERY serious dad jam,540f5a1f555146b79987b55bd8e2f5b8
spotify:track:1oYYd2gnWZYrt89EBXdFiO,1dacffd0545140b2970d73e29fe6cf33,2023-06-13T13:59:29Z,4,,540f5a1f555146b79987b55bd8e2f5b8
spotify:track:2kkvB3RNRzwjFdGhaUA0tz,1dacffd0545140b2970d73e29fe6cf33,2023-06-13T13:59:29Z,6,,540f5a1f555146b79987b55bd8e2f5b8
spotify:track:2sCoROOlNQyFpRQEe6A5lv,1dacffd0545140b2970d73e29fe6cf33,2023-06-13T13:59:29Z,1,,540f5a1f555146b79987b55bd8e2f5b8
spotify:track:4bO6DljpuAeQh6HS20i0I5,1dacffd0545140b2970d73e29fe6cf33,2023-06-13T13:59:29Z,2,,540f5a1f555146b79987b55bd8e2f5b8
spotify:track:5By7Pzgl6TMuVJG168VWzS,1dacffd0545140b2970d73e29fe6cf33,2023-06-13T13:59:29Z,2,,540f5a1f555146b79987b55bd8e2f5b8
spotify:track:6QHYEZlm9wyfXfEM1vSu1P,1dacffd0545140b2970d73e29fe6cf33,2023-06-13T13:59:29Z,2,,540f5a1f555146b79987b55bd8e2f5b8
spotify:track:6Vjk8MNXpQpi0F4BefdTyq,1dacffd0545140b2970d73e29fe6cf33,2023-06-13T13:59:29Z,3,,540f5a1f555146b79987b55bd8e2f5b8
spotify:track:1oYYd2gnWZYrt89EBXdFiO,5df547c9f7ed41278698daa1917fdd24,2023-06-13T16:59:23Z,2,,540f5a1f555146b79987b55bd8e2f5b8
spotify:track:1TKPfF2fvn6gVLVfp3iG4j,5df547c9f7ed41278698daa1917fdd24,2023-06-13T16:59:23Z,5,,540f5a1f555146b79987b55bd8e2f5b8
spotify:track:2kkvB3RNRzwjFdGhaUA0tz,5df547c9f7ed41278698daa1917fdd24,2023-06-13T16:59:23Z,4,"Did not know this, bonus points for the lore drop.",540f5a1f555146b79987b55bd8e2f5b8
spotify:track:4bO6DljpuAeQh6HS20i0I5,5df547c9f7ed41278698daa1917fdd24,2023-06-13T16:59:23Z,2,,540f5a1f555146b79987b55bd8e2f5b8
spotify:track:5By7Pzgl6TMuVJG168VWzS,5df547c9f7ed41278698daa1917fdd24,2023-06-13T16:59:23Z,3,"Gregorian chant Beatles fan is not a type of guy I’ve heard of before, thanks for introducing me",540f5a1f555146b79987b55bd8e2f5b8
spotify:track:6QHYEZlm9wyfXfEM1vSu1P,5df547c9f7ed41278698daa1917fdd24,2023-06-13T16:59:23Z,2,,540f5a1f555146b79987b55bd8e2f5b8
spotify:track:6Vjk8MNXpQpi0F4BefdTyq,5df547c9f7ed41278698daa1917fdd24,2023-06-13T16:59:23Z,2,,540f5a1f555146b79987b55bd8e2f5b8
spotify:track:1oYYd2gnWZYrt89EBXdFiO,e305e2cab85b4f929234bfdf98d6c6d0,2023-06-13T21:33:05Z,5,,540f5a1f555146b79987b55bd8e2f5b8
spotify:track:1TKPfF2fvn6gVLVfp3iG4j,e305e2cab85b4f929234bfdf98d6c6d0,2023-06-13T21:33:05Z,3,,540f5a1f555146b79987b55bd8e2f5b8
spotify:track:2kkvB3RNRzwjFdGhaUA0tz,e305e2cab85b4f929234bfdf98d6c6d0,2023-06-13T21:33:05Z,2,,540f5a1f555146b79987b55bd8e2f5b8
spotify:track:2sCoROOlNQyFpRQEe6A5lv,e305e2cab85b4f929234bfdf98d6c6d0,2023-06-13T21:33:05Z,4,,540f5a1f555146b79987b55bd8e2f5b8
spotify:track:4bO6DljpuAeQh6HS20i0I5,e305e2cab85b4f929234bfdf98d6c6d0,2023-06-13T21:33:05Z,1,,540f5a1f555146b79987b55bd8e2f5b8
spotify:track:5By7Pzgl6TMuVJG168VWzS,e305e2cab85b4f929234bfdf98d6c6d0,2023-06-13T21:33:05Z,3,,540f5a1f555146b79987b55bd8e2f5b8
spotify:track:6Vjk8MNXpQpi0F4BefdTyq,e305e2cab85b4f929234bfdf98d6c6d0,2023-06-13T21:33:05Z,2,,540f5a1f555146b79987b55bd8e2f5b8
spotify:track:1oYYd2gnWZYrt89EBXdFiO,58386a2a504f4fd08caed77112bedc82,2023-06-14T21:52:30Z,4,,540f5a1f555146b79987b55bd8e2f5b8
spotify:track:1TKPfF2fvn6gVLVfp3iG4j,58386a2a504f4fd08caed77112bedc82,2023-06-14T21:52:30Z,4,,540f5a1f555146b79987b55bd8e2f5b8
spotify:track:2sCoROOlNQyFpRQEe6A5lv,58386a2a504f4fd08caed77112bedc82,2023-06-14T21:52:30Z,5,,540f5a1f555146b79987b55bd8e2f5b8
spotify:track:4bO6DljpuAeQh6HS20i0I5,58386a2a504f4fd08caed77112bedc82,2023-06-14T21:52:30Z,4,,540f5a1f555146b79987b55bd8e2f5b8
spotify:track:5By7Pzgl6TMuVJG168VWzS,58386a2a504f4fd08caed77112bedc82,2023-06-14T21:52:30Z,3,,540f5a1f555146b79987b55bd8e2f5b8
spotify:track:1TKPfF2fvn6gVLVfp3iG4j,fee7e973fd6f45d48299e77843f5cb17,2023-06-15T00:02:27Z,2,,540f5a1f555146b79987b55bd8e2f5b8
spotify:track:2kkvB3RNRzwjFdGhaUA0tz,fee7e973fd6f45d48299e77843f5cb17,2023-06-15T00:02:27Z,5,,540f5a1f555146b79987b55bd8e2f5b8
spotify:track:2sCoROOlNQyFpRQEe6A5lv,fee7e973fd6f45d48299e77843f5cb17,2023-06-15T00:02:27Z,2,,540f5a1f555146b79987b55bd8e2f5b8
spotify:track:4bO6DljpuAeQh6HS20i0I5,fee7e973fd6f45d48299e77843f5cb17,2023-06-15T00:02:27Z,3,,540f5a1f555146b79987b55bd8e2f5b8
spotify:track:5By7Pzgl6TMuVJG168VWzS,fee7e973fd6f45d48299e77843f5cb17,2023-06-15T00:02:27Z,5,,540f5a1f555146b79987b55bd8e2f5b8
spotify:track:6QHYEZlm9wyfXfEM1vSu1P,fee7e973fd6f45d48299e77843f5cb17,2023-06-15T00:02:27Z,1,,540f5a1f555146b79987b55bd8e2f5b8
spotify:track:6Vjk8MNXpQpi0F4BefdTyq,fee7e973fd6f45d48299e77843f5cb17,2023-06-15T00:02:27Z,2,,540f5a1f555146b79987b55bd8e2f5b8
spotify:track:1oYYd2gnWZYrt89EBXdFiO,bdd60b40c4ca4c78a0cbf518560cd06c,2023-06-15T01:22:05Z,5,Really on the money if dad talks through the song about how good Stewart Copeland is,540f5a1f555146b79987b55bd8e2f5b8
spotify:track:1TKPfF2fvn6gVLVfp3iG4j,bdd60b40c4ca4c78a0cbf518560cd06c,2023-06-15T01:22:05Z,3,,540f5a1f555146b79987b55bd8e2f5b8
spotify:track:2sCoROOlNQyFpRQEe6A5lv,bdd60b40c4ca4c78a0cbf518560cd06c,2023-06-15T01:22:05Z,4,A surprise but I love it!,540f5a1f555146b79987b55bd8e2f5b8
spotify:track:4bO6DljpuAeQh6HS20i0I5,bdd60b40c4ca4c78a0cbf518560cd06c,2023-06-15T01:22:05Z,4,,540f5a1f555146b79987b55bd8e2f5b8
spotify:track:5By7Pzgl6TMuVJG168VWzS,bdd60b40c4ca4c78a0cbf518560cd06c,2023-06-15T01:22:05Z,1,,540f5a1f555146b79987b55bd8e2f5b8
spotify:track:6QHYEZlm9wyfXfEM1vSu1P,bdd60b40c4ca4c78a0cbf518560cd06c,2023-06-15T01:22:05Z,2,,540f5a1f555146b79987b55bd8e2f5b8
spotify:track:6Vjk8MNXpQpi0F4BefdTyq,bdd60b40c4ca4c78a0cbf518560cd06c,2023-06-15T01:22:05Z,1,,540f5a1f555146b79987b55bd8e2f5b8
spotify:track:18AXbzPzBS8Y3AkgSxzJPb,1f8ca948510946fa8edffd20518859ea,2023-06-16T05:02:01Z,3,,09e4dfe5e8f747a7a292592e4d99cb77
spotify:track:1dyTcli07c77mtQK3ahUZR,1f8ca948510946fa8edffd20518859ea,2023-06-16T05:02:01Z,7,points for most pedantic answer,09e4dfe5e8f747a7a292592e4d99cb77
spotify:track:3Vby4nGmtbDo7HDJamOWkT,1f8ca948510946fa8edffd20518859ea,2023-06-16T05:02:01Z,6,the pre smartphone victories like this really did hit harder,09e4dfe5e8f747a7a292592e4d99cb77
spotify:track:7v9Q0dAb9t7h8gJOkcJHay,1f8ca948510946fa8edffd20518859ea,2023-06-16T05:02:01Z,4,,09e4dfe5e8f747a7a292592e4d99cb77
spotify:track:0n97PkKoTpnp5L343TMAgB,942db94f20df4bbf8653da742bb672bd,2023-06-16T11:56:07Z,3,,09e4dfe5e8f747a7a292592e4d99cb77
spotify:track:18AXbzPzBS8Y3AkgSxzJPb,942db94f20df4bbf8653da742bb672bd,2023-06-16T11:56:07Z,2,,09e4dfe5e8f747a7a292592e4d99cb77
spotify:track:1dyTcli07c77mtQK3ahUZR,942db94f20df4bbf8653da742bb672bd,2023-06-16T11:56:07Z,5,Which note do you start on for the pedantic scale,09e4dfe5e8f747a7a292592e4d99cb77
spotify:track:3Vby4nGmtbDo7HDJamOWkT,942db94f20df4bbf8653da742bb672bd,2023-06-16T11:56:07Z,3,I appreciate the thematic resonance with the last song,09e4dfe5e8f747a7a292592e4d99cb77
spotify:track:4jUBzVmMj8FRUjTKcOqgTn,942db94f20df4bbf8653da742bb672bd,2023-06-16T11:56:07Z,3,,09e4dfe5e8f747a7a292592e4d99cb77
spotify:track:6gLn8QhAYL4dEwdpVjfCPl,942db94f20df4bbf8653da742bb672bd,2023-06-16T11:56:07Z,1,,09e4dfe5e8f747a7a292592e4d99cb77
spotify:track:7v9Q0dAb9t7h8gJOkcJHay,942db94f20df4bbf8653da742bb672bd,2023-06-16T11:56:07Z,3,,09e4dfe5e8f747a7a292592e4d99cb77
spotify:track:0n97PkKoTpnp5L343TMAgB,e305e2cab85b4f929234bfdf98d6c6d0,2023-06-16T22:48:22Z,1,,09e4dfe5e8f747a7a292592e4d99cb77
spotify:track:18AXbzPzBS8Y3AkgSxzJPb,e305e2cab85b4f929234bfdf98d6c6d0,2023-06-16T22:48:22Z,1,,09e4dfe5e8f747a7a292592e4d99cb77
spotify:track:3Vby4nGmtbDo7HDJamOWkT,e305e2cab85b4f929234bfdf98d6c6d0,2023-06-16T22:48:22Z,1,,09e4dfe5e8f747a7a292592e4d99cb77
spotify:track:4jUBzVmMj8FRUjTKcOqgTn,e305e2cab85b4f929234bfdf98d6c6d0,2023-06-16T22:48:22Z,4,,09e4dfe5e8f747a7a292592e4d99cb77
spotify:track:4zx4pi0DHGKX0cn4KCoUpz,e305e2cab85b4f929234bfdf98d6c6d0,2023-06-16T22:48:22Z,5,,09e4dfe5e8f747a7a292592e4d99cb77
spotify:track:6gLn8QhAYL4dEwdpVjfCPl,e305e2cab85b4f929234bfdf98d6c6d0,2023-06-16T22:48:22Z,4,,09e4dfe5e8f747a7a292592e4d99cb77
spotify:track:7v9Q0dAb9t7h8gJOkcJHay,e305e2cab85b4f929234bfdf98d6c6d0,2023-06-16T22:48:22Z,4,,09e4dfe5e8f747a7a292592e4d99cb77
spotify:track:0n97PkKoTpnp5L343TMAgB,fee7e973fd6f45d48299e77843f5cb17,2023-06-17T22:51:16Z,2,,09e4dfe5e8f747a7a292592e4d99cb77
spotify:track:18AXbzPzBS8Y3AkgSxzJPb,fee7e973fd6f45d48299e77843f5cb17,2023-06-17T22:51:16Z,3,,09e4dfe5e8f747a7a292592e4d99cb77
spotify:track:1dyTcli07c77mtQK3ahUZR,fee7e973fd6f45d48299e77843f5cb17,2023-06-17T22:51:16Z,5,,09e4dfe5e8f747a7a292592e4d99cb77
spotify:track:3Vby4nGmtbDo7HDJamOWkT,fee7e973fd6f45d48299e77843f5cb17,2023-06-17T22:51:16Z,4,,09e4dfe5e8f747a7a292592e4d99cb77
spotify:track:4jUBzVmMj8FRUjTKcOqgTn,fee7e973fd6f45d48299e77843f5cb17,2023-06-17T22:51:16Z,3,,09e4dfe5e8f747a7a292592e4d99cb77
spotify:track:4zx4pi0DHGKX0cn4KCoUpz,fee7e973fd6f45d48299e77843f5cb17,2023-06-17T22:51:16Z,1,,09e4dfe5e8f747a7a292592e4d99cb77
spotify:track:6gLn8QhAYL4dEwdpVjfCPl,fee7e973fd6f45d48299e77843f5cb17,2023-06-17T22:51:16Z,2,,09e4dfe5e8f747a7a292592e4d99cb77
spotify:track:18AXbzPzBS8Y3AkgSxzJPb,1dacffd0545140b2970d73e29fe6cf33,2023-06-18T17:17:33Z,3,,09e4dfe5e8f747a7a292592e4d99cb77
spotify:track:1dyTcli07c77mtQK3ahUZR,1dacffd0545140b2970d73e29fe6cf33,2023-06-18T17:17:33Z,1,,09e4dfe5e8f747a7a292592e4d99cb77
spotify:track:3Vby4nGmtbDo7HDJamOWkT,1dacffd0545140b2970d73e29fe6cf33,2023-06-18T17:17:33Z,4,,09e4dfe5e8f747a7a292592e4d99cb77
spotify:track:4jUBzVmMj8FRUjTKcOqgTn,1dacffd0545140b2970d73e29fe6cf33,2023-06-18T17:17:33Z,4,,09e4dfe5e8f747a7a292592e4d99cb77
spotify:track:4zx4pi0DHGKX0cn4KCoUpz,1dacffd0545140b2970d73e29fe6cf33,2023-06-18T17:17:33Z,1,,09e4dfe5e8f747a7a292592e4d99cb77
spotify:track:6gLn8QhAYL4dEwdpVjfCPl,1dacffd0545140b2970d73e29fe6cf33,2023-06-18T17:17:33Z,5,,09e4dfe5e8f747a7a292592e4d99cb77
spotify:track:7v9Q0dAb9t7h8gJOkcJHay,1dacffd0545140b2970d73e29fe6cf33,2023-06-18T17:17:33Z,2,,09e4dfe5e8f747a7a292592e4d99cb77
spotify:track:1dyTcli07c77mtQK3ahUZR,58386a2a504f4fd08caed77112bedc82,2023-06-18T21:22:15Z,4,,09e4dfe5e8f747a7a292592e4d99cb77
spotify:track:3Vby4nGmtbDo7HDJamOWkT,58386a2a504f4fd08caed77112bedc82,2023-06-18T21:22:15Z,4,,09e4dfe5e8f747a7a292592e4d99cb77
spotify:track:4jUBzVmMj8FRUjTKcOqgTn,58386a2a504f4fd08caed77112bedc82,2023-06-18T21:22:15Z,3,,09e4dfe5e8f747a7a292592e4d99cb77
spotify:track:6gLn8QhAYL4dEwdpVjfCPl,58386a2a504f4fd08caed77112bedc82,2023-06-18T21:22:15Z,3,,09e4dfe5e8f747a7a292592e4d99cb77
spotify:track:7v9Q0dAb9t7h8gJOkcJHay,58386a2a504f4fd08caed77112bedc82,2023-06-18T21:22:15Z,6,,09e4dfe5e8f747a7a292592e4d99cb77
spotify:track:0n97PkKoTpnp5L343TMAgB,bdd60b40c4ca4c78a0cbf518560cd06c,2023-06-19T01:47:57Z,5,,09e4dfe5e8f747a7a292592e4d99cb77
spotify:track:18AXbzPzBS8Y3AkgSxzJPb,bdd60b40c4ca4c78a0cbf518560cd06c,2023-06-19T01:47:57Z,5,,09e4dfe5e8f747a7a292592e4d99cb77
spotify:track:1dyTcli07c77mtQK3ahUZR,bdd60b40c4ca4c78a0cbf518560cd06c,2023-06-19T01:47:57Z,2,,09e4dfe5e8f747a7a292592e4d99cb77
spotify:track:4jUBzVmMj8FRUjTKcOqgTn,bdd60b40c4ca4c78a0cbf518560cd06c,2023-06-19T01:47:57Z,1,,09e4dfe5e8f747a7a292592e4d99cb77
spotify:track:4zx4pi0DHGKX0cn4KCoUpz,bdd60b40c4ca4c78a0cbf518560cd06c,2023-06-19T01:47:57Z,5,,09e4dfe5e8f747a7a292592e4d99cb77
spotify:track:7v9Q0dAb9t7h8gJOkcJHay,bdd60b40c4ca4c78a0cbf518560cd06c,2023-06-19T01:47:57Z,2,,09e4dfe5e8f747a7a292592e4d99cb77
spotify:track:0n97PkKoTpnp5L343TMAgB,5df547c9f7ed41278698daa1917fdd24,2023-06-19T02:01:13Z,4,,09e4dfe5e8f747a7a292592e4d99cb77
spotify:track:18AXbzPzBS8Y3AkgSxzJPb,5df547c9f7ed41278698daa1917fdd24,2023-06-19T02:01:13Z,3,,09e4dfe5e8f747a7a292592e4d99cb77
spotify:track:1dyTcli07c77mtQK3ahUZR,5df547c9f7ed41278698daa1917fdd24,2023-06-19T02:01:13Z,3,,09e4dfe5e8f747a7a292592e4d99cb77
spotify:track:3Vby4nGmtbDo7HDJamOWkT,5df547c9f7ed41278698daa1917fdd24,2023-06-19T02:01:13Z,3,,09e4dfe5e8f747a7a292592e4d99cb77
spotify:track:4jUBzVmMj8FRUjTKcOqgTn,5df547c9f7ed41278698daa1917fdd24,2023-06-19T02:01:13Z,2,,09e4dfe5e8f747a7a292592e4d99cb77
spotify:track:4zx4pi0DHGKX0cn4KCoUpz,5df547c9f7ed41278698daa1917fdd24,2023-06-19T02:01:13Z,3,,09e4dfe5e8f747a7a292592e4d99cb77
spotify:track:7v9Q0dAb9t7h8gJOkcJHay,5df547c9f7ed41278698daa1917fdd24,2023-06-19T02:01:13Z,2,,09e4dfe5e8f747a7a292592e4d99cb77
spotify:track:1wkjc0lmVOJbkBsTZ3kWqE,942db94f20df4bbf8653da742bb672bd,2023-06-20T08:53:56Z,4,"Hate to say it, pretty tight.",85fed51bcf7949be8adac16f1bcd07e4
spotify:track:31FiS1jMI38kYfC8ey358W,942db94f20df4bbf8653da742bb672bd,2023-06-20T08:53:56Z,2,"Whenever I listen to this piece, I want it to be better. The actual gesture of the disintegrating tapes is great, but the concept always comes off as so self involved for me. 

Thank you for listening to my new podcast, ""ambient opinions""",85fed51bcf7949be8adac16f1bcd07e4
spotify:track:3ICbytvnpJwI5pvV8axRk7,942db94f20df4bbf8653da742bb672bd,2023-06-20T08:53:56Z,6,I'm pretty sure this is the greatest opening lyric of any song ever.,85fed51bcf7949be8adac16f1bcd07e4
spotify:track:56WkfBKWfbvauMgeK8nivR,942db94f20df4bbf8653da742bb672bd,2023-06-20T08:53:56Z,2,"It's a jam, but it should have gone in the sax solos round.",85fed51bcf7949be8adac16f1bcd07e4
spotify:track:6Jub05dvpbF4Im83NqMCUg,942db94f20df4bbf8653da742bb672bd,2023-06-20T08:53:56Z,4,Stole this round for another music league and this one cleaned up.,85fed51bcf7949be8adac16f1bcd07e4
spotify:track:7x7Ej1fQsdve9jNOvN0AOU,942db94f20df4bbf8653da742bb672bd,2023-06-20T08:53:56Z,2,,85fed51bcf7949be8adac16f1bcd07e4
spotify:track:31FiS1jMI38kYfC8ey358W,e305e2cab85b4f929234bfdf98d6c6d0,2023-06-20T21:42:07Z,4,,85fed51bcf7949be8adac16f1bcd07e4
spotify:track:3ICbytvnpJwI5pvV8axRk7,e305e2cab85b4f929234bfdf98d6c6d0,2023-06-20T21:42:07Z,3,,85fed51bcf7949be8adac16f1bcd07e4
spotify:track:4dk40nfaQav6b4ZsJ9OYUo,e305e2cab85b4f929234bfdf98d6c6d0,2023-06-20T21:42:07Z,2,,85fed51bcf7949be8adac16f1bcd07e4
spotify:track:56WkfBKWfbvauMgeK8nivR,e305e2cab85b4f929234bfdf98d6c6d0,2023-06-20T21:42:07Z,3,,85fed51bcf7949be8adac16f1bcd07e4
spotify:track:6Jub05dvpbF4Im83NqMCUg,e305e2cab85b4f929234bfdf98d6c6d0,2023-06-20T21:42:07Z,2,,85fed51bcf7949be8adac16f1bcd07e4
spotify:track:7Gq1h1mIUgYqfr1vP6oGnI,e305e2cab85b4f929234bfdf98d6c6d0,2023-06-20T21:42:07Z,2,,85fed51bcf7949be8adac16f1bcd07e4
spotify:track:7x7Ej1fQsdve9jNOvN0AOU,e305e2cab85b4f929234bfdf98d6c6d0,2023-06-20T21:42:07Z,4,,85fed51bcf7949be8adac16f1bcd07e4
spotify:track:1wkjc0lmVOJbkBsTZ3kWqE,1dacffd0545140b2970d73e29fe6cf33,2023-06-20T22:43:13Z,1,,85fed51bcf7949be8adac16f1bcd07e4
spotify:track:31FiS1jMI38kYfC8ey358W,1dacffd0545140b2970d73e29fe6cf33,2023-06-20T22:43:13Z,1,,85fed51bcf7949be8adac16f1bcd07e4
spotify:track:3ICbytvnpJwI5pvV8axRk7,1dacffd0545140b2970d73e29fe6cf33,2023-06-20T22:43:13Z,4,,85fed51bcf7949be8adac16f1bcd07e4
spotify:track:4dk40nfaQav6b4ZsJ9OYUo,1dacffd0545140b2970d73e29fe6cf33,2023-06-20T22:43:13Z,6,,85fed51bcf7949be8adac16f1bcd07e4
spotify:track:56WkfBKWfbvauMgeK8nivR,1dacffd0545140b2970d73e29fe6cf33,2023-06-20T22:43:13Z,1,,85fed51bcf7949be8adac16f1bcd07e4
spotify:track:7Gq1h1mIUgYqfr1vP6oGnI,1dacffd0545140b2970d73e29fe6cf33,2023-06-20T22:43:13Z,5,,85fed51bcf7949be8adac16f1bcd07e4
spotify:track:7x7Ej1fQsdve9jNOvN0AOU,1dacffd0545140b2970d73e29fe6cf33,2023-06-20T22:43:13Z,2,,85fed51bcf7949be8adac16f1bcd07e4
spotify:track:1wkjc0lmVOJbkBsTZ3kWqE,bdd60b40c4ca4c78a0cbf518560cd06c,2023-06-20T23:36:59Z,2,I have no idea what to make of this cover. It certainly changes the vibe of the original.,85fed51bcf7949be8adac16f1bcd07e4
spotify:track:3ICbytvnpJwI5pvV8axRk7,bdd60b40c4ca4c78a0cbf518560cd06c,2023-06-20T23:36:59Z,3,Wow! Ahead of its time!,85fed51bcf7949be8adac16f1bcd07e4
spotify:track:4dk40nfaQav6b4ZsJ9OYUo,bdd60b40c4ca4c78a0cbf518560cd06c,2023-06-20T23:36:59Z,3,,85fed51bcf7949be8adac16f1bcd07e4
spotify:track:56WkfBKWfbvauMgeK8nivR,bdd60b40c4ca4c78a0cbf518560cd06c,2023-06-20T23:36:59Z,2,,85fed51bcf7949be8adac16f1bcd07e4
spotify:track:6Jub05dvpbF4Im83NqMCUg,bdd60b40c4ca4c78a0cbf518560cd06c,2023-06-20T23:36:59Z,5,I thought of this one later too actually! It would have been a good one!,85fed51bcf7949be8adac16f1bcd07e4
spotify:track:7Gq1h1mIUgYqfr1vP6oGnI,bdd60b40c4ca4c78a0cbf518560cd06c,2023-06-20T23:36:59Z,2,,85fed51bcf7949be8adac16f1bcd07e4
spotify:track:7x7Ej1fQsdve9jNOvN0AOU,bdd60b40c4ca4c78a0cbf518560cd06c,2023-06-20T23:36:59Z,3,,85fed51bcf7949be8adac16f1bcd07e4
spotify:track:1wkjc0lmVOJbkBsTZ3kWqE,5df547c9f7ed41278698daa1917fdd24,2023-06-21T01:47:23Z,5,"This is so sick, I can’t believe it was a Drake song once",85fed51bcf7949be8adac16f1bcd07e4
spotify:track:31FiS1jMI38kYfC8ey358W,5df547c9f7ed41278698daa1917fdd24,2023-06-21T01:47:23Z,2,,85fed51bcf7949be8adac16f1bcd07e4
spotify:track:3ICbytvnpJwI5pvV8axRk7,5df547c9f7ed41278698daa1917fdd24,2023-06-21T01:47:23Z,3,,85fed51bcf7949be8adac16f1bcd07e4
spotify:track:4dk40nfaQav6b4ZsJ9OYUo,5df547c9f7ed41278698daa1917fdd24,2023-06-21T01:47:23Z,3,Never seen CMBYN but this song is a classic,85fed51bcf7949be8adac16f1bcd07e4
spotify:track:56WkfBKWfbvauMgeK8nivR,5df547c9f7ed41278698daa1917fdd24,2023-06-21T01:47:23Z,3,,85fed51bcf7949be8adac16f1bcd07e4
spotify:track:6Jub05dvpbF4Im83NqMCUg,5df547c9f7ed41278698daa1917fdd24,2023-06-21T01:47:23Z,1,,85fed51bcf7949be8adac16f1bcd07e4
spotify:track:7Gq1h1mIUgYqfr1vP6oGnI,5df547c9f7ed41278698daa1917fdd24,2023-06-21T01:47:23Z,3,,85fed51bcf7949be8adac16f1bcd07e4
spotify:track:4dk40nfaQav6b4ZsJ9OYUo,1f8ca948510946fa8edffd20518859ea,2023-06-21T04:55:20Z,4,,85fed51bcf7949be8adac16f1bcd07e4
spotify:track:56WkfBKWfbvauMgeK8nivR,1f8ca948510946fa8edffd20518859ea,2023-06-21T04:55:20Z,5,,85fed51bcf7949be8adac16f1bcd07e4
spotify:track:6Jub05dvpbF4Im83NqMCUg,1f8ca948510946fa8edffd20518859ea,2023-06-21T04:55:20Z,5,,85fed51bcf7949be8adac16f1bcd07e4
spotify:track:7Gq1h1mIUgYqfr1vP6oGnI,1f8ca948510946fa8edffd20518859ea,2023-06-21T04:55:20Z,3,,85fed51bcf7949be8adac16f1bcd07e4
spotify:track:7x7Ej1fQsdve9jNOvN0AOU,1f8ca948510946fa8edffd20518859ea,2023-06-21T04:55:20Z,3,,85fed51bcf7949be8adac16f1bcd07e4
spotify:track:1wkjc0lmVOJbkBsTZ3kWqE,58386a2a504f4fd08caed77112bedc82,2023-06-21T09:37:15Z,3,,85fed51bcf7949be8adac16f1bcd07e4
spotify:track:31FiS1jMI38kYfC8ey358W,58386a2a504f4fd08caed77112bedc82,2023-06-21T09:37:15Z,2,,85fed51bcf7949be8adac16f1bcd07e4
spotify:track:3ICbytvnpJwI5pvV8axRk7,58386a2a504f4fd08caed77112bedc82,2023-06-21T09:37:15Z,6,,85fed51bcf7949be8adac16f1bcd07e4
spotify:track:56WkfBKWfbvauMgeK8nivR,58386a2a504f4fd08caed77112bedc82,2023-06-21T09:37:15Z,3,,85fed51bcf7949be8adac16f1bcd07e4
spotify:track:7Gq1h1mIUgYqfr1vP6oGnI,58386a2a504f4fd08caed77112bedc82,2023-06-21T09:37:15Z,3,,85fed51bcf7949be8adac16f1bcd07e4
spotify:track:7x7Ej1fQsdve9jNOvN0AOU,58386a2a504f4fd08caed77112bedc82,2023-06-21T09:37:15Z,3,,85fed51bcf7949be8adac16f1bcd07e4
spotify:track:1wkjc0lmVOJbkBsTZ3kWqE,fee7e973fd6f45d48299e77843f5cb17,2023-06-21T13:57:25Z,4,,85fed51bcf7949be8adac16f1bcd07e4
spotify:track:31FiS1jMI38kYfC8ey358W,fee7e973fd6f45d48299e77843f5cb17,2023-06-21T13:57:25Z,1,"This felt like a descent into madness, I totally thought it would evolve into something more over the course of the hour",85fed51bcf7949be8adac16f1bcd07e4
spotify:track:3ICbytvnpJwI5pvV8axRk7,fee7e973fd6f45d48299e77843f5cb17,2023-06-21T13:57:25Z,4,"Let me tell you, the whiplash of the last song to ""I got nipples on my titties"" was ridiculous",85fed51bcf7949be8adac16f1bcd07e4
spotify:track:4dk40nfaQav6b4ZsJ9OYUo,fee7e973fd6f45d48299e77843f5cb17,2023-06-21T13:57:25Z,5,,85fed51bcf7949be8adac16f1bcd07e4
spotify:track:6Jub05dvpbF4Im83NqMCUg,fee7e973fd6f45d48299e77843f5cb17,2023-06-21T13:57:25Z,2,,85fed51bcf7949be8adac16f1bcd07e4
spotify:track:7Gq1h1mIUgYqfr1vP6oGnI,fee7e973fd6f45d48299e77843f5cb17,2023-06-21T13:57:25Z,2,,85fed51bcf7949be8adac16f1bcd07e4
spotify:track:7x7Ej1fQsdve9jNOvN0AOU,fee7e973fd6f45d48299e77843f5cb17,2023-06-21T13:57:25Z,2,,85fed51bcf7949be8adac16f1bcd07e4
spotify:track:2mV4xg3mvO5aXPLMoD7WrR,1f8ca948510946fa8edffd20518859ea,2023-06-24T04:48:10Z,4,,17891cd332684662ab20c1369ae0796c
spotify:track:45956r7fKLUhPjFUstiBj5,1f8ca948510946fa8edffd20518859ea,2023-06-24T04:48:10Z,2,,17891cd332684662ab20c1369ae0796c
spotify:track:4RzgwNEhL2TxgK0RVmCRPf,1f8ca948510946fa8edffd20518859ea,2023-06-24T04:48:10Z,8,,17891cd332684662ab20c1369ae0796c
spotify:track:68f6tRjoIIAm22BSmDugcM,1f8ca948510946fa8edffd20518859ea,2023-06-24T04:48:10Z,6,,17891cd332684662ab20c1369ae0796c
spotify:track:1eH0IlIt3QwY9ECkYD4osO,e305e2cab85b4f929234bfdf98d6c6d0,2023-06-24T18:38:37Z,2,,17891cd332684662ab20c1369ae0796c
spotify:track:2mV4xg3mvO5aXPLMoD7WrR,e305e2cab85b4f929234bfdf98d6c6d0,2023-06-24T18:38:37Z,1,,17891cd332684662ab20c1369ae0796c
spotify:track:45956r7fKLUhPjFUstiBj5,e305e2cab85b4f929234bfdf98d6c6d0,2023-06-24T18:38:37Z,1,,17891cd332684662ab20c1369ae0796c
spotify:track:4RzgwNEhL2TxgK0RVmCRPf,e305e2cab85b4f929234bfdf98d6c6d0,2023-06-24T18:38:37Z,3,,17891cd332684662ab20c1369ae0796c
spotify:track:4sWE6nmRtxUwuiaNhR7zxd,e305e2cab85b4f929234bfdf98d6c6d0,2023-06-24T18:38:37Z,6,,17891cd332684662ab20c1369ae0796c
spotify:track:4yhlLfpfuOEXsQ0LHHe9vD,e305e2cab85b4f929234bfdf98d6c6d0,2023-06-24T18:38:37Z,4,,17891cd332684662ab20c1369ae0796c
spotify:track:68f6tRjoIIAm22BSmDugcM,e305e2cab85b4f929234bfdf98d6c6d0,2023-06-24T18:38:37Z,3,,17891cd332684662ab20c1369ae0796c
spotify:track:1eH0IlIt3QwY9ECkYD4osO,1dacffd0545140b2970d73e29fe6cf33,2023-06-25T02:07:46Z,4,,17891cd332684662ab20c1369ae0796c
spotify:track:2mV4xg3mvO5aXPLMoD7WrR,1dacffd0545140b2970d73e29fe6cf33,2023-06-25T02:07:46Z,4,,17891cd332684662ab20c1369ae0796c
spotify:track:45956r7fKLUhPjFUstiBj5,1dacffd0545140b2970d73e29fe6cf33,2023-06-25T02:07:46Z,5,,17891cd332684662ab20c1369ae0796c
spotify:track:4RzgwNEhL2TxgK0RVmCRPf,1dacffd0545140b2970d73e29fe6cf33,2023-06-25T02:07:46Z,1,,17891cd332684662ab20c1369ae0796c
spotify:track:68f6tRjoIIAm22BSmDugcM,1dacffd0545140b2970d73e29fe6cf33,2023-06-25T02:07:46Z,4,,17891cd332684662ab20c1369ae0796c
spotify:track:79MMMdYL00iwKVHBSAUkLY,1dacffd0545140b2970d73e29fe6cf33,2023-06-25T02:07:46Z,2,,17891cd332684662ab20c1369ae0796c
spotify:track:1eH0IlIt3QwY9ECkYD4osO,58386a2a504f4fd08caed77112bedc82,2023-06-25T07:31:23Z,2,,17891cd332684662ab20c1369ae0796c
spotify:track:2mV4xg3mvO5aXPLMoD7WrR,58386a2a504f4fd08caed77112bedc82,2023-06-25T07:31:23Z,3,,17891cd332684662ab20c1369ae0796c
spotify:track:4RzgwNEhL2TxgK0RVmCRPf,58386a2a504f4fd08caed77112bedc82,2023-06-25T07:31:23Z,3,,17891cd332684662ab20c1369ae0796c
spotify:track:4sWE6nmRtxUwuiaNhR7zxd,58386a2a504f4fd08caed77112bedc82,2023-06-25T07:31:23Z,3,,17891cd332684662ab20c1369ae0796c
spotify:track:4yhlLfpfuOEXsQ0LHHe9vD,58386a2a504f4fd08caed77112bedc82,2023-06-25T07:31:23Z,3,,17891cd332684662ab20c1369ae0796c
spotify:track:68f6tRjoIIAm22BSmDugcM,58386a2a504f4fd08caed77112bedc82,2023-06-25T07:31:23Z,3,,17891cd332684662ab20c1369ae0796c
spotify:track:79MMMdYL00iwKVHBSAUkLY,58386a2a504f4fd08caed77112bedc82,2023-06-25T07:31:23Z,3,,17891cd332684662ab20c1369ae0796c
spotify:track:1eH0IlIt3QwY9ECkYD4osO,942db94f20df4bbf8653da742bb672bd,2023-06-25T14:15:59Z,5,Your dad is cool,17891cd332684662ab20c1369ae0796c
spotify:track:2mV4xg3mvO5aXPLMoD7WrR,942db94f20df4bbf8653da742bb672bd,2023-06-25T14:15:59Z,2,So none of the racist stuff then?,17891cd332684662ab20c1369ae0796c
spotify:track:45956r7fKLUhPjFUstiBj5,942db94f20df4bbf8653da742bb672bd,2023-06-25T14:15:59Z,2,,17891cd332684662ab20c1369ae0796c
spotify:track:4RzgwNEhL2TxgK0RVmCRPf,942db94f20df4bbf8653da742bb672bd,2023-06-25T14:15:59Z,2,,17891cd332684662ab20c1369ae0796c
spotify:track:4yhlLfpfuOEXsQ0LHHe9vD,942db94f20df4bbf8653da742bb672bd,2023-06-25T14:15:59Z,3,,17891cd332684662ab20c1369ae0796c
spotify:track:68f6tRjoIIAm22BSmDugcM,942db94f20df4bbf8653da742bb672bd,2023-06-25T14:15:59Z,4,Great visual,17891cd332684662ab20c1369ae0796c
spotify:track:79MMMdYL00iwKVHBSAUkLY,942db94f20df4bbf8653da742bb672bd,2023-06-25T14:15:59Z,2,,17891cd332684662ab20c1369ae0796c
spotify:track:1eH0IlIt3QwY9ECkYD4osO,5df547c9f7ed41278698daa1917fdd24,2023-06-26T01:03:21Z,3,,17891cd332684662ab20c1369ae0796c
spotify:track:2mV4xg3mvO5aXPLMoD7WrR,5df547c9f7ed41278698daa1917fdd24,2023-06-26T01:03:21Z,3,,17891cd332684662ab20c1369ae0796c
spotify:track:45956r7fKLUhPjFUstiBj5,5df547c9f7ed41278698daa1917fdd24,2023-06-26T01:03:21Z,4,,17891cd332684662ab20c1369ae0796c
spotify:track:4sWE6nmRtxUwuiaNhR7zxd,5df547c9f7ed41278698daa1917fdd24,2023-06-26T01:03:21Z,4,,17891cd332684662ab20c1369ae0796c
spotify:track:4yhlLfpfuOEXsQ0LHHe9vD,5df547c9f7ed41278698daa1917fdd24,2023-06-26T01:03:21Z,2,,17891cd332684662ab20c1369ae0796c
spotify:track:68f6tRjoIIAm22BSmDugcM,5df547c9f7ed41278698daa1917fdd24,2023-06-26T01:03:21Z,2,,17891cd332684662ab20c1369ae0796c
spotify:track:79MMMdYL00iwKVHBSAUkLY,5df547c9f7ed41278698daa1917fdd24,2023-06-26T01:03:21Z,2,,17891cd332684662ab20c1369ae0796c
spotify:track:1eH0IlIt3QwY9ECkYD4osO,fee7e973fd6f45d48299e77843f5cb17,2023-06-26T01:19:55Z,2,,17891cd332684662ab20c1369ae0796c
spotify:track:45956r7fKLUhPjFUstiBj5,fee7e973fd6f45d48299e77843f5cb17,2023-06-26T01:19:55Z,2,,17891cd332684662ab20c1369ae0796c
spotify:track:4RzgwNEhL2TxgK0RVmCRPf,fee7e973fd6f45d48299e77843f5cb17,2023-06-26T01:19:55Z,2,,17891cd332684662ab20c1369ae0796c
spotify:track:4sWE6nmRtxUwuiaNhR7zxd,fee7e973fd6f45d48299e77843f5cb17,2023-06-26T01:19:55Z,4,,17891cd332684662ab20c1369ae0796c
spotify:track:4yhlLfpfuOEXsQ0LHHe9vD,fee7e973fd6f45d48299e77843f5cb17,2023-06-26T01:19:55Z,4,,17891cd332684662ab20c1369ae0796c
spotify:track:68f6tRjoIIAm22BSmDugcM,fee7e973fd6f45d48299e77843f5cb17,2023-06-26T01:19:55Z,2,,17891cd332684662ab20c1369ae0796c
spotify:track:79MMMdYL00iwKVHBSAUkLY,fee7e973fd6f45d48299e77843f5cb17,2023-06-26T01:19:55Z,4,,17891cd332684662ab20c1369ae0796c
spotify:track:1eH0IlIt3QwY9ECkYD4osO,bdd60b40c4ca4c78a0cbf518560cd06c,2023-06-26T01:54:51Z,2,,17891cd332684662ab20c1369ae0796c
spotify:track:2mV4xg3mvO5aXPLMoD7WrR,bdd60b40c4ca4c78a0cbf518560cd06c,2023-06-26T01:54:51Z,2,,17891cd332684662ab20c1369ae0796c
spotify:track:45956r7fKLUhPjFUstiBj5,bdd60b40c4ca4c78a0cbf518560cd06c,2023-06-26T01:54:51Z,3,,17891cd332684662ab20c1369ae0796c
spotify:track:4RzgwNEhL2TxgK0RVmCRPf,bdd60b40c4ca4c78a0cbf518560cd06c,2023-06-26T01:54:51Z,4,,17891cd332684662ab20c1369ae0796c
spotify:track:4sWE6nmRtxUwuiaNhR7zxd,bdd60b40c4ca4c78a0cbf518560cd06c,2023-06-26T01:54:51Z,3,,17891cd332684662ab20c1369ae0796c
spotify:track:4yhlLfpfuOEXsQ0LHHe9vD,bdd60b40c4ca4c78a0cbf518560cd06c,2023-06-26T01:54:51Z,3,,17891cd332684662ab20c1369ae0796c
spotify:track:79MMMdYL00iwKVHBSAUkLY,bdd60b40c4ca4c78a0cbf518560cd06c,2023-06-26T01:54:51Z,3,,17891cd332684662ab20c1369ae0796c
spotify:track:1Y63rJLx2KbigqvlXXwRNX,1f8ca948510946fa8edffd20518859ea,2023-06-27T04:10:37Z,3,,e64abbb177934df6a1d13a8380744623
spotify:track:3VOx1cwDUHVBOK0Qaktvvp,1f8ca948510946fa8edffd20518859ea,2023-06-27T04:10:37Z,5,,e64abbb177934df6a1d13a8380744623
spotify:track:4mn5HdatHKN7iFGDes9G8i,1f8ca948510946fa8edffd20518859ea,2023-06-27T04:10:37Z,7,,e64abbb177934df6a1d13a8380744623
spotify:track:6LinqKaMUsazZ5NG2H1fyG,1f8ca948510946fa8edffd20518859ea,2023-06-27T04:10:37Z,5,,e64abbb177934df6a1d13a8380744623
spotify:track:1Y63rJLx2KbigqvlXXwRNX,1dacffd0545140b2970d73e29fe6cf33,2023-06-27T15:15:50Z,1,,e64abbb177934df6a1d13a8380744623
spotify:track:390ey4VzRGd88FHKCIflG7,1dacffd0545140b2970d73e29fe6cf33,2023-06-27T15:15:50Z,2,,e64abbb177934df6a1d13a8380744623
spotify:track:3wxYcbyu0iYx8ZEwIrw5eB,1dacffd0545140b2970d73e29fe6cf33,2023-06-27T15:15:50Z,6,,e64abbb177934df6a1d13a8380744623
spotify:track:4mn5HdatHKN7iFGDes9G8i,1dacffd0545140b2970d73e29fe6cf33,2023-06-27T15:15:50Z,1,,e64abbb177934df6a1d13a8380744623
spotify:track:6BrMEbPSSj55nQhkgf6DnE,1dacffd0545140b2970d73e29fe6cf33,2023-06-27T15:15:50Z,2,,e64abbb177934df6a1d13a8380744623
spotify:track:6LinqKaMUsazZ5NG2H1fyG,1dacffd0545140b2970d73e29fe6cf33,2023-06-27T15:15:50Z,5,,e64abbb177934df6a1d13a8380744623
spotify:track:6wVKhKxNHLRiLlNwLheFBz,1dacffd0545140b2970d73e29fe6cf33,2023-06-27T15:15:50Z,3,,e64abbb177934df6a1d13a8380744623
spotify:track:390ey4VzRGd88FHKCIflG7,bdd60b40c4ca4c78a0cbf518560cd06c,2023-06-27T15:29:05Z,5,New to me. I like it.,e64abbb177934df6a1d13a8380744623
spotify:track:3VOx1cwDUHVBOK0Qaktvvp,bdd60b40c4ca4c78a0cbf518560cd06c,2023-06-27T15:29:05Z,4,"Never heard of them, this is a jam indeed",e64abbb177934df6a1d13a8380744623
spotify:track:3wxYcbyu0iYx8ZEwIrw5eB,bdd60b40c4ca4c78a0cbf518560cd06c,2023-06-27T15:29:05Z,3,,e64abbb177934df6a1d13a8380744623
spotify:track:4mn5HdatHKN7iFGDes9G8i,bdd60b40c4ca4c78a0cbf518560cd06c,2023-06-27T15:29:05Z,2,,e64abbb177934df6a1d13a8380744623
spotify:track:6BrMEbPSSj55nQhkgf6DnE,bdd60b40c4ca4c78a0cbf518560cd06c,2023-06-27T15:29:05Z,2,,e64abbb177934df6a1d13a8380744623
spotify:track:6LinqKaMUsazZ5NG2H1fyG,bdd60b40c4ca4c78a0cbf518560cd06c,2023-06-27T15:29:05Z,3,,e64abbb177934df6a1d13a8380744623
spotify:track:6wVKhKxNHLRiLlNwLheFBz,bdd60b40c4ca4c78a0cbf518560cd06c,2023-06-27T15:29:05Z,1,,e64abbb177934df6a1d13a8380744623
spotify:track:1Y63rJLx2KbigqvlXXwRNX,e305e2cab85b4f929234bfdf98d6c6d0,2023-06-27T19:45:04Z,2,,e64abbb177934df6a1d13a8380744623
spotify:track:390ey4VzRGd88FHKCIflG7,e305e2cab85b4f929234bfdf98d6c6d0,2023-06-27T19:45:04Z,10,Yup,e64abbb177934df6a1d13a8380744623
spotify:track:3VOx1cwDUHVBOK0Qaktvvp,e305e2cab85b4f929234bfdf98d6c6d0,2023-06-27T19:45:04Z,2,,e64abbb177934df6a1d13a8380744623
spotify:track:3wxYcbyu0iYx8ZEwIrw5eB,e305e2cab85b4f929234bfdf98d6c6d0,2023-06-27T19:45:04Z,1,,e64abbb177934df6a1d13a8380744623
spotify:track:4mn5HdatHKN7iFGDes9G8i,e305e2cab85b4f929234bfdf98d6c6d0,2023-06-27T19:45:04Z,2,,e64abbb177934df6a1d13a8380744623
spotify:track:6BrMEbPSSj55nQhkgf6DnE,e305e2cab85b4f929234bfdf98d6c6d0,2023-06-27T19:45:04Z,2,,e64abbb177934df6a1d13a8380744623
spotify:track:6wVKhKxNHLRiLlNwLheFBz,e305e2cab85b4f929234bfdf98d6c6d0,2023-06-27T19:45:04Z,1,,e64abbb177934df6a1d13a8380744623
spotify:track:1Y63rJLx2KbigqvlXXwRNX,58386a2a504f4fd08caed77112bedc82,2023-06-27T22:53:49Z,5,,e64abbb177934df6a1d13a8380744623
spotify:track:3wxYcbyu0iYx8ZEwIrw5eB,58386a2a504f4fd08caed77112bedc82,2023-06-27T22:53:49Z,5,,e64abbb177934df6a1d13a8380744623
spotify:track:4mn5HdatHKN7iFGDes9G8i,58386a2a504f4fd08caed77112bedc82,2023-06-27T22:53:49Z,3,,e64abbb177934df6a1d13a8380744623
spotify:track:6LinqKaMUsazZ5NG2H1fyG,58386a2a504f4fd08caed77112bedc82,2023-06-27T22:53:49Z,4,,e64abbb177934df6a1d13a8380744623
spotify:track:6wVKhKxNHLRiLlNwLheFBz,58386a2a504f4fd08caed77112bedc82,2023-06-27T22:53:49Z,3,,e64abbb177934df6a1d13a8380744623
spotify:track:1Y63rJLx2KbigqvlXXwRNX,942db94f20df4bbf8653da742bb672bd,2023-06-28T11:48:01Z,4,That goes hard.,e64abbb177934df6a1d13a8380744623
spotify:track:390ey4VzRGd88FHKCIflG7,942db94f20df4bbf8653da742bb672bd,2023-06-28T11:48:01Z,4,Sophie gonna Sophie,e64abbb177934df6a1d13a8380744623
spotify:track:3VOx1cwDUHVBOK0Qaktvvp,942db94f20df4bbf8653da742bb672bd,2023-06-28T11:48:01Z,3,Perfect for when you want to jam Pup but don’t have time!,e64abbb177934df6a1d13a8380744623
spotify:track:3wxYcbyu0iYx8ZEwIrw5eB,942db94f20df4bbf8653da742bb672bd,2023-06-28T11:48:01Z,2,,e64abbb177934df6a1d13a8380744623
spotify:track:4mn5HdatHKN7iFGDes9G8i,942db94f20df4bbf8653da742bb672bd,2023-06-28T11:48:01Z,1,,e64abbb177934df6a1d13a8380744623
spotify:track:6BrMEbPSSj55nQhkgf6DnE,942db94f20df4bbf8653da742bb672bd,2023-06-28T11:48:01Z,0,Generally find the smiths boring but this is bad even for them,e64abbb177934df6a1d13a8380744623
spotify:track:6LinqKaMUsazZ5NG2H1fyG,942db94f20df4bbf8653da742bb672bd,2023-06-28T11:48:01Z,6,This album was so good and gritty. Defining part of my high school experience.,e64abbb177934df6a1d13a8380744623
spotify:track:1Y63rJLx2KbigqvlXXwRNX,5df547c9f7ed41278698daa1917fdd24,2023-06-29T00:01:38Z,3,,e64abbb177934df6a1d13a8380744623
spotify:track:3VOx1cwDUHVBOK0Qaktvvp,5df547c9f7ed41278698daa1917fdd24,2023-06-29T00:01:38Z,3,,e64abbb177934df6a1d13a8380744623
spotify:track:3wxYcbyu0iYx8ZEwIrw5eB,5df547c9f7ed41278698daa1917fdd24,2023-06-29T00:01:38Z,3,,e64abbb177934df6a1d13a8380744623
spotify:track:4mn5HdatHKN7iFGDes9G8i,5df547c9f7ed41278698daa1917fdd24,2023-06-29T00:01:38Z,3,,e64abbb177934df6a1d13a8380744623
spotify:track:6BrMEbPSSj55nQhkgf6DnE,5df547c9f7ed41278698daa1917fdd24,2023-06-29T00:01:38Z,3,,e64abbb177934df6a1d13a8380744623
spotify:track:6LinqKaMUsazZ5NG2H1fyG,5df547c9f7ed41278698daa1917fdd24,2023-06-29T00:01:38Z,3,,e64abbb177934df6a1d13a8380744623
spotify:track:6wVKhKxNHLRiLlNwLheFBz,5df547c9f7ed41278698daa1917fdd24,2023-06-29T00:01:38Z,2,,e64abbb177934df6a1d13a8380744623
spotify:track:1Y63rJLx2KbigqvlXXwRNX,fee7e973fd6f45d48299e77843f5cb17,2023-06-29T00:26:37Z,3,,e64abbb177934df6a1d13a8380744623
spotify:track:390ey4VzRGd88FHKCIflG7,fee7e973fd6f45d48299e77843f5cb17,2023-06-29T00:26:37Z,2,,e64abbb177934df6a1d13a8380744623
spotify:track:3VOx1cwDUHVBOK0Qaktvvp,fee7e973fd6f45d48299e77843f5cb17,2023-06-29T00:26:37Z,3,,e64abbb177934df6a1d13a8380744623
spotify:track:3wxYcbyu0iYx8ZEwIrw5eB,fee7e973fd6f45d48299e77843f5cb17,2023-06-29T00:26:37Z,4,,e64abbb177934df6a1d13a8380744623
spotify:track:6BrMEbPSSj55nQhkgf6DnE,fee7e973fd6f45d48299e77843f5cb17,2023-06-29T00:26:37Z,3,,e64abbb177934df6a1d13a8380744623
spotify:track:6LinqKaMUsazZ5NG2H1fyG,fee7e973fd6f45d48299e77843f5cb17,2023-06-29T00:26:37Z,1,,e64abbb177934df6a1d13a8380744623
spotify:track:6wVKhKxNHLRiLlNwLheFBz,fee7e973fd6f45d48299e77843f5cb17,2023-06-29T00:26:37Z,4,,e64abbb177934df6a1d13a8380744623
spotify:track:0mbImplrU76kIvd52GlNbt,1f8ca948510946fa8edffd20518859ea,2023-06-29T22:49:25Z,5,,5fbeb562e1e94ea582049b44522a22dc
spotify:track:2cyx8eXKX8dPcFvRRXBhMf,1f8ca948510946fa8edffd20518859ea,2023-06-29T22:49:25Z,6,,5fbeb562e1e94ea582049b44522a22dc
spotify:track:545ywpRjBzKhMjYv1Z6HIr,1f8ca948510946fa8edffd20518859ea,2023-06-29T22:49:25Z,2,,5fbeb562e1e94ea582049b44522a22dc
spotify:track:6pfhyFIP10boLwr4mcSE0g,1f8ca948510946fa8edffd20518859ea,2023-06-29T22:49:25Z,7,this is rough,5fbeb562e1e94ea582049b44522a22dc
spotify:track:0mbImplrU76kIvd52GlNbt,e305e2cab85b4f929234bfdf98d6c6d0,2023-06-29T23:57:59Z,3,,5fbeb562e1e94ea582049b44522a22dc
spotify:track:4gdb0FUqh9rZEQhLs53gpx,e305e2cab85b4f929234bfdf98d6c6d0,2023-06-29T23:57:59Z,4,I don't mind it,5fbeb562e1e94ea582049b44522a22dc
spotify:track:545ywpRjBzKhMjYv1Z6HIr,e305e2cab85b4f929234bfdf98d6c6d0,2023-06-29T23:57:59Z,3,,5fbeb562e1e94ea582049b44522a22dc
spotify:track:5hR0wTnydz6lmErOV4c0sp,e305e2cab85b4f929234bfdf98d6c6d0,2023-06-29T23:57:59Z,3,,5fbeb562e1e94ea582049b44522a22dc
spotify:track:5N7g8GtBMFxoyH01LgSYb5,e305e2cab85b4f929234bfdf98d6c6d0,2023-06-29T23:57:59Z,3,,5fbeb562e1e94ea582049b44522a22dc
spotify:track:5u6vq36B51mxtIrAzyV3YD,e305e2cab85b4f929234bfdf98d6c6d0,2023-06-29T23:57:59Z,1,,5fbeb562e1e94ea582049b44522a22dc
spotify:track:6pfhyFIP10boLwr4mcSE0g,e305e2cab85b4f929234bfdf98d6c6d0,2023-06-29T23:57:59Z,3,,5fbeb562e1e94ea582049b44522a22dc
spotify:track:0mbImplrU76kIvd52GlNbt,1dacffd0545140b2970d73e29fe6cf33,2023-06-30T21:40:11Z,2,,5fbeb562e1e94ea582049b44522a22dc
spotify:track:2cyx8eXKX8dPcFvRRXBhMf,1dacffd0545140b2970d73e29fe6cf33,2023-06-30T21:40:11Z,5,,5fbeb562e1e94ea582049b44522a22dc
spotify:track:4gdb0FUqh9rZEQhLs53gpx,1dacffd0545140b2970d73e29fe6cf33,2023-06-30T21:40:11Z,5,,5fbeb562e1e94ea582049b44522a22dc
spotify:track:545ywpRjBzKhMjYv1Z6HIr,1dacffd0545140b2970d73e29fe6cf33,2023-06-30T21:40:11Z,1,,5fbeb562e1e94ea582049b44522a22dc
spotify:track:5hR0wTnydz6lmErOV4c0sp,1dacffd0545140b2970d73e29fe6cf33,2023-06-30T21:40:11Z,1,,5fbeb562e1e94ea582049b44522a22dc
spotify:track:5u6vq36B51mxtIrAzyV3YD,1dacffd0545140b2970d73e29fe6cf33,2023-06-30T21:40:11Z,3,,5fbeb562e1e94ea582049b44522a22dc
spotify:track:6pfhyFIP10boLwr4mcSE0g,1dacffd0545140b2970d73e29fe6cf33,2023-06-30T21:40:11Z,3,,5fbeb562e1e94ea582049b44522a22dc
spotify:track:0mbImplrU76kIvd52GlNbt,58386a2a504f4fd08caed77112bedc82,2023-06-30T22:07:48Z,2,,5fbeb562e1e94ea582049b44522a22dc
spotify:track:2cyx8eXKX8dPcFvRRXBhMf,58386a2a504f4fd08caed77112bedc82,2023-06-30T22:07:48Z,4,,5fbeb562e1e94ea582049b44522a22dc
spotify:track:4gdb0FUqh9rZEQhLs53gpx,58386a2a504f4fd08caed77112bedc82,2023-06-30T22:07:48Z,2,,5fbeb562e1e94ea582049b44522a22dc
spotify:track:545ywpRjBzKhMjYv1Z6HIr,58386a2a504f4fd08caed77112bedc82,2023-06-30T22:07:48Z,4,,5fbeb562e1e94ea582049b44522a22dc
spotify:track:5N7g8GtBMFxoyH01LgSYb5,58386a2a504f4fd08caed77112bedc82,2023-06-30T22:07:48Z,4,,5fbeb562e1e94ea582049b44522a22dc
spotify:track:5u6vq36B51mxtIrAzyV3YD,58386a2a504f4fd08caed77112bedc82,2023-06-30T22:07:48Z,4,,5fbeb562e1e94ea582049b44522a22dc
spotify:track:0mbImplrU76kIvd52GlNbt,942db94f20df4bbf8653da742bb672bd,2023-07-01T07:43:01Z,4,,5fbeb562e1e94ea582049b44522a22dc
spotify:track:2cyx8eXKX8dPcFvRRXBhMf,942db94f20df4bbf8653da742bb672bd,2023-07-01T07:43:01Z,2,,5fbeb562e1e94ea582049b44522a22dc
spotify:track:4gdb0FUqh9rZEQhLs53gpx,942db94f20df4bbf8653da742bb672bd,2023-07-01T07:43:01Z,6,Hell yeah,5fbeb562e1e94ea582049b44522a22dc
spotify:track:545ywpRjBzKhMjYv1Z6HIr,942db94f20df4bbf8653da742bb672bd,2023-07-01T07:43:01Z,2,,5fbeb562e1e94ea582049b44522a22dc
spotify:track:5hR0wTnydz6lmErOV4c0sp,942db94f20df4bbf8653da742bb672bd,2023-07-01T07:43:01Z,3,,5fbeb562e1e94ea582049b44522a22dc
spotify:track:5N7g8GtBMFxoyH01LgSYb5,942db94f20df4bbf8653da742bb672bd,2023-07-01T07:43:01Z,1,,5fbeb562e1e94ea582049b44522a22dc
spotify:track:6pfhyFIP10boLwr4mcSE0g,942db94f20df4bbf8653da742bb672bd,2023-07-01T07:43:01Z,2,,5fbeb562e1e94ea582049b44522a22dc
spotify:track:0mbImplrU76kIvd52GlNbt,5df547c9f7ed41278698daa1917fdd24,2023-07-02T21:27:11Z,2,,5fbeb562e1e94ea582049b44522a22dc
spotify:track:2cyx8eXKX8dPcFvRRXBhMf,5df547c9f7ed41278698daa1917fdd24,2023-07-02T21:27:11Z,2,,5fbeb562e1e94ea582049b44522a22dc
spotify:track:4gdb0FUqh9rZEQhLs53gpx,5df547c9f7ed41278698daa1917fdd24,2023-07-02T21:27:11Z,2,,5fbeb562e1e94ea582049b44522a22dc
spotify:track:5hR0wTnydz6lmErOV4c0sp,5df547c9f7ed41278698daa1917fdd24,2023-07-02T21:27:11Z,3,,5fbeb562e1e94ea582049b44522a22dc
spotify:track:5u6vq36B51mxtIrAzyV3YD,5df547c9f7ed41278698daa1917fdd24,2023-07-02T21:27:11Z,3,,5fbeb562e1e94ea582049b44522a22dc
spotify:track:6pfhyFIP10boLwr4mcSE0g,5df547c9f7ed41278698daa1917fdd24,2023-07-02T21:27:11Z,8,"I used to be obsessed with this song in HS. Love that Trace’s bandmate is also an overshadowed sibling (Mason Musso, brother of Hannah Montana cast member Mitchell Musso.) ",5fbeb562e1e94ea582049b44522a22dc
spotify:track:2cyx8eXKX8dPcFvRRXBhMf,fee7e973fd6f45d48299e77843f5cb17,2023-07-03T01:28:21Z,4,,5fbeb562e1e94ea582049b44522a22dc
spotify:track:4gdb0FUqh9rZEQhLs53gpx,fee7e973fd6f45d48299e77843f5cb17,2023-07-03T01:28:21Z,3,,5fbeb562e1e94ea582049b44522a22dc
spotify:track:545ywpRjBzKhMjYv1Z6HIr,fee7e973fd6f45d48299e77843f5cb17,2023-07-03T01:28:21Z,2,,5fbeb562e1e94ea582049b44522a22dc
spotify:track:5hR0wTnydz6lmErOV4c0sp,fee7e973fd6f45d48299e77843f5cb17,2023-07-03T01:28:21Z,3,,5fbeb562e1e94ea582049b44522a22dc
spotify:track:5N7g8GtBMFxoyH01LgSYb5,fee7e973fd6f45d48299e77843f5cb17,2023-07-03T01:28:21Z,2,,5fbeb562e1e94ea582049b44522a22dc
spotify:track:6pfhyFIP10boLwr4mcSE0g,fee7e973fd6f45d48299e77843f5cb17,2023-07-03T01:28:21Z,6,,5fbeb562e1e94ea582049b44522a22dc
spotify:track:0mbImplrU76kIvd52GlNbt,bdd60b40c4ca4c78a0cbf518560cd06c,2023-07-03T01:38:29Z,4,,5fbeb562e1e94ea582049b44522a22dc
spotify:track:2cyx8eXKX8dPcFvRRXBhMf,bdd60b40c4ca4c78a0cbf518560cd06c,2023-07-03T01:38:29Z,2,,5fbeb562e1e94ea582049b44522a22dc
spotify:track:4gdb0FUqh9rZEQhLs53gpx,bdd60b40c4ca4c78a0cbf518560cd06c,2023-07-03T01:38:29Z,4,,5fbeb562e1e94ea582049b44522a22dc
spotify:track:545ywpRjBzKhMjYv1Z6HIr,bdd60b40c4ca4c78a0cbf518560cd06c,2023-07-03T01:38:29Z,2,,5fbeb562e1e94ea582049b44522a22dc
spotify:track:5hR0wTnydz6lmErOV4c0sp,bdd60b40c4ca4c78a0cbf518560cd06c,2023-07-03T01:38:29Z,3,,5fbeb562e1e94ea582049b44522a22dc
spotify:track:5N7g8GtBMFxoyH01LgSYb5,bdd60b40c4ca4c78a0cbf518560cd06c,2023-07-03T01:38:29Z,2,Took me a while to figure out who the brother was. Good song and appreciate a Brattleboro band.,5fbeb562e1e94ea582049b44522a22dc
spotify:track:5u6vq36B51mxtIrAzyV3YD,bdd60b40c4ca4c78a0cbf518560cd06c,2023-07-03T01:38:29Z,3,I like it!,5fbeb562e1e94ea582049b44522a22dc
spotify:track:2e2AXpIiJpet5b4qg85Gh6,1f8ca948510946fa8edffd20518859ea,2023-07-05T05:44:12Z,5,,ef72919a1d2f4d609f5fea99b947e18e
spotify:track:2hdy9Wt9qp7M7d0U3ossu2,1f8ca948510946fa8edffd20518859ea,2023-07-05T05:44:12Z,2,,ef72919a1d2f4d609f5fea99b947e18e
spotify:track:41gi9iAWpFW3ps8Tvii6z0,1f8ca948510946fa8edffd20518859ea,2023-07-05T05:44:12Z,5,,ef72919a1d2f4d609f5fea99b947e18e
spotify:track:4wiYstSyUiNtdpWsqbrCOp,1f8ca948510946fa8edffd20518859ea,2023-07-05T05:44:12Z,1,,ef72919a1d2f4d609f5fea99b947e18e
spotify:track:7nu0Lc0jJltztDxsGeoPiG,1f8ca948510946fa8edffd20518859ea,2023-07-05T05:44:12Z,7,,ef72919a1d2f4d609f5fea99b947e18e
spotify:track:2hdy9Wt9qp7M7d0U3ossu2,942db94f20df4bbf8653da742bb672bd,2023-07-05T07:59:24Z,3,,ef72919a1d2f4d609f5fea99b947e18e
spotify:track:3n69hLUdIsSa1WlRmjMZlW,942db94f20df4bbf8653da742bb672bd,2023-07-05T07:59:24Z,2,,ef72919a1d2f4d609f5fea99b947e18e
spotify:track:3tm6LVXZJg0lG4hQm5ytrT,942db94f20df4bbf8653da742bb672bd,2023-07-05T07:59:24Z,3,,ef72919a1d2f4d609f5fea99b947e18e
spotify:track:41gi9iAWpFW3ps8Tvii6z0,942db94f20df4bbf8653da742bb672bd,2023-07-05T07:59:24Z,2,,ef72919a1d2f4d609f5fea99b947e18e
spotify:track:4jKq1e80xAYixkIwt6YyV1,942db94f20df4bbf8653da742bb672bd,2023-07-05T07:59:24Z,2,,ef72919a1d2f4d609f5fea99b947e18e
spotify:track:4wiYstSyUiNtdpWsqbrCOp,942db94f20df4bbf8653da742bb672bd,2023-07-05T07:59:24Z,4,,ef72919a1d2f4d609f5fea99b947e18e
spotify:track:7nu0Lc0jJltztDxsGeoPiG,942db94f20df4bbf8653da742bb672bd,2023-07-05T07:59:24Z,4,,ef72919a1d2f4d609f5fea99b947e18e
spotify:track:2e2AXpIiJpet5b4qg85Gh6,e305e2cab85b4f929234bfdf98d6c6d0,2023-07-05T20:16:02Z,3,,ef72919a1d2f4d609f5fea99b947e18e
spotify:track:2hdy9Wt9qp7M7d0U3ossu2,e305e2cab85b4f929234bfdf98d6c6d0,2023-07-05T20:16:02Z,5,,ef72919a1d2f4d609f5fea99b947e18e
spotify:track:3n69hLUdIsSa1WlRmjMZlW,e305e2cab85b4f929234bfdf98d6c6d0,2023-07-05T20:16:02Z,1,,ef72919a1d2f4d609f5fea99b947e18e
spotify:track:3tm6LVXZJg0lG4hQm5ytrT,e305e2cab85b4f929234bfdf98d6c6d0,2023-07-05T20:16:02Z,2,,ef72919a1d2f4d609f5fea99b947e18e
spotify:track:41gi9iAWpFW3ps8Tvii6z0,e305e2cab85b4f929234bfdf98d6c6d0,2023-07-05T20:16:02Z,6,,ef72919a1d2f4d609f5fea99b947e18e
spotify:track:4wiYstSyUiNtdpWsqbrCOp,e305e2cab85b4f929234bfdf98d6c6d0,2023-07-05T20:16:02Z,3,,ef72919a1d2f4d609f5fea99b947e18e
spotify:track:2e2AXpIiJpet5b4qg85Gh6,bdd60b40c4ca4c78a0cbf518560cd06c,2023-07-06T02:09:41Z,2,,ef72919a1d2f4d609f5fea99b947e18e
spotify:track:2hdy9Wt9qp7M7d0U3ossu2,bdd60b40c4ca4c78a0cbf518560cd06c,2023-07-06T02:09:41Z,3,,ef72919a1d2f4d609f5fea99b947e18e
spotify:track:3n69hLUdIsSa1WlRmjMZlW,bdd60b40c4ca4c78a0cbf518560cd06c,2023-07-06T02:09:41Z,2,,ef72919a1d2f4d609f5fea99b947e18e
spotify:track:3tm6LVXZJg0lG4hQm5ytrT,bdd60b40c4ca4c78a0cbf518560cd06c,2023-07-06T02:09:41Z,6,I am shocked to learn that there is speculation that this is not a double entendre,ef72919a1d2f4d609f5fea99b947e18e
spotify:track:41gi9iAWpFW3ps8Tvii6z0,bdd60b40c4ca4c78a0cbf518560cd06c,2023-07-06T02:09:41Z,3,,ef72919a1d2f4d609f5fea99b947e18e
spotify:track:4wiYstSyUiNtdpWsqbrCOp,bdd60b40c4ca4c78a0cbf518560cd06c,2023-07-06T02:09:41Z,2,,ef72919a1d2f4d609f5fea99b947e18e
spotify:track:7nu0Lc0jJltztDxsGeoPiG,bdd60b40c4ca4c78a0cbf518560cd06c,2023-07-06T02:09:41Z,2,,ef72919a1d2f4d609f5fea99b947e18e
spotify:track:3n69hLUdIsSa1WlRmjMZlW,1dacffd0545140b2970d73e29fe6cf33,2023-07-06T12:39:47Z,5,,ef72919a1d2f4d609f5fea99b947e18e
spotify:track:3tm6LVXZJg0lG4hQm5ytrT,1dacffd0545140b2970d73e29fe6cf33,2023-07-06T12:39:47Z,7,,ef72919a1d2f4d609f5fea99b947e18e
spotify:track:41gi9iAWpFW3ps8Tvii6z0,1dacffd0545140b2970d73e29fe6cf33,2023-07-06T12:39:47Z,5,,ef72919a1d2f4d609f5fea99b947e18e
spotify:track:4jKq1e80xAYixkIwt6YyV1,1dacffd0545140b2970d73e29fe6cf33,2023-07-06T12:39:47Z,1,,ef72919a1d2f4d609f5fea99b947e18e
spotify:track:7nu0Lc0jJltztDxsGeoPiG,1dacffd0545140b2970d73e29fe6cf33,2023-07-06T12:39:47Z,2,,ef72919a1d2f4d609f5fea99b947e18e
spotify:track:2e2AXpIiJpet5b4qg85Gh6,58386a2a504f4fd08caed77112bedc82,2023-07-06T21:40:30Z,4,,ef72919a1d2f4d609f5fea99b947e18e
spotify:track:3n69hLUdIsSa1WlRmjMZlW,58386a2a504f4fd08caed77112bedc82,2023-07-06T21:40:30Z,5,,ef72919a1d2f4d609f5fea99b947e18e
spotify:track:3tm6LVXZJg0lG4hQm5ytrT,58386a2a504f4fd08caed77112bedc82,2023-07-06T21:40:30Z,4,,ef72919a1d2f4d609f5fea99b947e18e
spotify:track:4jKq1e80xAYixkIwt6YyV1,58386a2a504f4fd08caed77112bedc82,2023-07-06T21:40:30Z,4,,ef72919a1d2f4d609f5fea99b947e18e
spotify:track:4wiYstSyUiNtdpWsqbrCOp,58386a2a504f4fd08caed77112bedc82,2023-07-06T21:40:30Z,3,,ef72919a1d2f4d609f5fea99b947e18e
spotify:track:2e2AXpIiJpet5b4qg85Gh6,5df547c9f7ed41278698daa1917fdd24,2023-07-07T01:13:52Z,5,,ef72919a1d2f4d609f5fea99b947e18e
spotify:track:3n69hLUdIsSa1WlRmjMZlW,5df547c9f7ed41278698daa1917fdd24,2023-07-07T01:13:52Z,3,,ef72919a1d2f4d609f5fea99b947e18e
spotify:track:41gi9iAWpFW3ps8Tvii6z0,5df547c9f7ed41278698daa1917fdd24,2023-07-07T01:13:52Z,2,,ef72919a1d2f4d609f5fea99b947e18e
spotify:track:4jKq1e80xAYixkIwt6YyV1,5df547c9f7ed41278698daa1917fdd24,2023-07-07T01:13:52Z,3,,ef72919a1d2f4d609f5fea99b947e18e
spotify:track:4wiYstSyUiNtdpWsqbrCOp,5df547c9f7ed41278698daa1917fdd24,2023-07-07T01:13:52Z,2,,ef72919a1d2f4d609f5fea99b947e18e
spotify:track:7nu0Lc0jJltztDxsGeoPiG,5df547c9f7ed41278698daa1917fdd24,2023-07-07T01:13:52Z,5,"Bonus points for SOPHIE, love this!",ef72919a1d2f4d609f5fea99b947e18e
spotify:track:2e2AXpIiJpet5b4qg85Gh6,fee7e973fd6f45d48299e77843f5cb17,2023-07-07T01:16:45Z,1,,ef72919a1d2f4d609f5fea99b947e18e
spotify:track:2hdy9Wt9qp7M7d0U3ossu2,fee7e973fd6f45d48299e77843f5cb17,2023-07-07T01:16:45Z,4,,ef72919a1d2f4d609f5fea99b947e18e
spotify:track:3tm6LVXZJg0lG4hQm5ytrT,fee7e973fd6f45d48299e77843f5cb17,2023-07-07T01:16:45Z,3,,ef72919a1d2f4d609f5fea99b947e18e
spotify:track:41gi9iAWpFW3ps8Tvii6z0,fee7e973fd6f45d48299e77843f5cb17,2023-07-07T01:16:45Z,3,,ef72919a1d2f4d609f5fea99b947e18e
spotify:track:4jKq1e80xAYixkIwt6YyV1,fee7e973fd6f45d48299e77843f5cb17,2023-07-07T01:16:45Z,2,,ef72919a1d2f4d609f5fea99b947e18e
spotify:track:4wiYstSyUiNtdpWsqbrCOp,fee7e973fd6f45d48299e77843f5cb17,2023-07-07T01:16:45Z,2,,ef72919a1d2f4d609f5fea99b947e18e
spotify:track:7nu0Lc0jJltztDxsGeoPiG,fee7e973fd6f45d48299e77843f5cb17,2023-07-07T01:16:45Z,5,,ef72919a1d2f4d609f5fea99b947e18e
spotify:track:5uGZtSYorCUAqw03hzwvTn,1f8ca948510946fa8edffd20518859ea,2023-07-09T17:09:28Z,4,,86d4b83c3cac42498756a2358ff5e74a
spotify:track:5V6cZkGkjdkODBPjTeoDoU,1f8ca948510946fa8edffd20518859ea,2023-07-09T17:09:28Z,3,,86d4b83c3cac42498756a2358ff5e74a
spotify:track:6OyKBwLzq4h15XmxeWf5n4,1f8ca948510946fa8edffd20518859ea,2023-07-09T17:09:28Z,6,,86d4b83c3cac42498756a2358ff5e74a
spotify:track:7zwYPvnB9UeUnHJNSMp44m,1f8ca948510946fa8edffd20518859ea,2023-07-09T17:09:28Z,7,,86d4b83c3cac42498756a2358ff5e74a
spotify:track:4GFAu0p2aXgXxzEquGiv3v,5df547c9f7ed41278698daa1917fdd24,2023-07-09T18:05:08Z,4,"RIP to the cut joke, would love to hear it in the Slack after this round!",86d4b83c3cac42498756a2358ff5e74a
spotify:track:5uGZtSYorCUAqw03hzwvTn,5df547c9f7ed41278698daa1917fdd24,2023-07-09T18:05:08Z,3,,86d4b83c3cac42498756a2358ff5e74a
spotify:track:6n7DUOZGILo0dU9pwjQsbA,5df547c9f7ed41278698daa1917fdd24,2023-07-09T18:05:08Z,3,,86d4b83c3cac42498756a2358ff5e74a
spotify:track:6OyKBwLzq4h15XmxeWf5n4,5df547c9f7ed41278698daa1917fdd24,2023-07-09T18:05:08Z,5,"My favorite bar in Austin plays this just about every week at Emo Bingo, heard it a million times and it always goes hard.",86d4b83c3cac42498756a2358ff5e74a
spotify:track:7zwYPvnB9UeUnHJNSMp44m,5df547c9f7ed41278698daa1917fdd24,2023-07-09T18:05:08Z,5,"Been meaning to get into more shoegaze, this rules!",86d4b83c3cac42498756a2358ff5e74a
spotify:track:4GFAu0p2aXgXxzEquGiv3v,e305e2cab85b4f929234bfdf98d6c6d0,2023-07-09T18:24:37Z,3,,86d4b83c3cac42498756a2358ff5e74a
spotify:track:5uGZtSYorCUAqw03hzwvTn,e305e2cab85b4f929234bfdf98d6c6d0,2023-07-09T18:24:37Z,3,,86d4b83c3cac42498756a2358ff5e74a
spotify:track:5V6cZkGkjdkODBPjTeoDoU,e305e2cab85b4f929234bfdf98d6c6d0,2023-07-09T18:24:37Z,5,,86d4b83c3cac42498756a2358ff5e74a
spotify:track:6n7DUOZGILo0dU9pwjQsbA,e305e2cab85b4f929234bfdf98d6c6d0,2023-07-09T18:24:37Z,4,,86d4b83c3cac42498756a2358ff5e74a
spotify:track:6OyKBwLzq4h15XmxeWf5n4,e305e2cab85b4f929234bfdf98d6c6d0,2023-07-09T18:24:37Z,5,,86d4b83c3cac42498756a2358ff5e74a
spotify:track:4GFAu0p2aXgXxzEquGiv3v,1dacffd0545140b2970d73e29fe6cf33,2023-07-09T18:50:17Z,10,,86d4b83c3cac42498756a2358ff5e74a
spotify:track:5V6cZkGkjdkODBPjTeoDoU,1dacffd0545140b2970d73e29fe6cf33,2023-07-09T18:50:17Z,10,,86d4b83c3cac42498756a2358ff5e74a
spotify:track:4GFAu0p2aXgXxzEquGiv3v,942db94f20df4bbf8653da742bb672bd,2023-07-10T09:17:56Z,5,2 extra points to make up for this very appropriate song getting cut.,86d4b83c3cac42498756a2358ff5e74a
spotify:track:5uGZtSYorCUAqw03hzwvTn,942db94f20df4bbf8653da742bb672bd,2023-07-10T09:17:56Z,3,,86d4b83c3cac42498756a2358ff5e74a
spotify:track:5V6cZkGkjdkODBPjTeoDoU,942db94f20df4bbf8653da742bb672bd,2023-07-10T09:17:56Z,4,,86d4b83c3cac42498756a2358ff5e74a
spotify:track:6n7DUOZGILo0dU9pwjQsbA,942db94f20df4bbf8653da742bb672bd,2023-07-10T09:17:56Z,2,This song is annoying.,86d4b83c3cac42498756a2358ff5e74a
spotify:track:7zwYPvnB9UeUnHJNSMp44m,942db94f20df4bbf8653da742bb672bd,2023-07-10T09:17:56Z,6,,86d4b83c3cac42498756a2358ff5e74a
spotify:track:4GFAu0p2aXgXxzEquGiv3v,bdd60b40c4ca4c78a0cbf518560cd06c,2023-07-10T13:14:27Z,2,,86d4b83c3cac42498756a2358ff5e74a
spotify:track:5V6cZkGkjdkODBPjTeoDoU,bdd60b40c4ca4c78a0cbf518560cd06c,2023-07-10T13:14:27Z,4,,86d4b83c3cac42498756a2358ff5e74a
spotify:track:6n7DUOZGILo0dU9pwjQsbA,bdd60b40c4ca4c78a0cbf518560cd06c,2023-07-10T13:14:27Z,3,,86d4b83c3cac42498756a2358ff5e74a
spotify:track:6OyKBwLzq4h15XmxeWf5n4,bdd60b40c4ca4c78a0cbf518560cd06c,2023-07-10T13:14:27Z,5,Very much been in this situation.,86d4b83c3cac42498756a2358ff5e74a
spotify:track:7zwYPvnB9UeUnHJNSMp44m,bdd60b40c4ca4c78a0cbf518560cd06c,2023-07-10T13:14:27Z,6,loved this article,86d4b83c3cac42498756a2358ff5e74a
spotify:track:1mOw5kWpeZBLVHuOX0Qjc3,bdd60b40c4ca4c78a0cbf518560cd06c,2023-07-12T02:36:36Z,5,,5d21640ce0f740819e559ecc09920a44
spotify:track:5MN0s0ylJLO9nfnGmAUaDq,bdd60b40c4ca4c78a0cbf518560cd06c,2023-07-12T02:36:36Z,5,Never heard this band before. I dig it.,5d21640ce0f740819e559ecc09920a44
spotify:track:6Hd8mrDwBQ8rLo70FwFG5C,bdd60b40c4ca4c78a0cbf518560cd06c,2023-07-12T02:36:36Z,5,,5d21640ce0f740819e559ecc09920a44
spotify:track:7FTmBYe7DHiOx1ZdaNzbZb,bdd60b40c4ca4c78a0cbf518560cd06c,2023-07-12T02:36:36Z,5,,5d21640ce0f740819e559ecc09920a44
spotify:track:10f0hrbCBiQk9STrFG3EU7,e305e2cab85b4f929234bfdf98d6c6d0,2023-07-12T19:43:16Z,2,,5d21640ce0f740819e559ecc09920a44
spotify:track:1mOw5kWpeZBLVHuOX0Qjc3,e305e2cab85b4f929234bfdf98d6c6d0,2023-07-12T19:43:16Z,3,,5d21640ce0f740819e559ecc09920a44
spotify:track:3rS2J6Qvv0PLfmwPepzFSQ,e305e2cab85b4f929234bfdf98d6c6d0,2023-07-12T19:43:16Z,4,,5d21640ce0f740819e559ecc09920a44
spotify:track:5Bfy6Wfj4G1GBYWlMfQ1by,e305e2cab85b4f929234bfdf98d6c6d0,2023-07-12T19:43:16Z,3,,5d21640ce0f740819e559ecc09920a44
spotify:track:5MN0s0ylJLO9nfnGmAUaDq,e305e2cab85b4f929234bfdf98d6c6d0,2023-07-12T19:43:16Z,3,,5d21640ce0f740819e559ecc09920a44
spotify:track:5Q8IYNSjOjwzFGKMfmrAdK,e305e2cab85b4f929234bfdf98d6c6d0,2023-07-12T19:43:16Z,2,,5d21640ce0f740819e559ecc09920a44
spotify:track:6Hd8mrDwBQ8rLo70FwFG5C,e305e2cab85b4f929234bfdf98d6c6d0,2023-07-12T19:43:16Z,3,,5d21640ce0f740819e559ecc09920a44
spotify:track:10f0hrbCBiQk9STrFG3EU7,1dacffd0545140b2970d73e29fe6cf33,2023-07-12T20:53:04Z,2,,5d21640ce0f740819e559ecc09920a44
spotify:track:3rS2J6Qvv0PLfmwPepzFSQ,1dacffd0545140b2970d73e29fe6cf33,2023-07-12T20:53:04Z,1,,5d21640ce0f740819e559ecc09920a44
spotify:track:5Bfy6Wfj4G1GBYWlMfQ1by,1dacffd0545140b2970d73e29fe6cf33,2023-07-12T20:53:04Z,6,,5d21640ce0f740819e559ecc09920a44
spotify:track:5MN0s0ylJLO9nfnGmAUaDq,1dacffd0545140b2970d73e29fe6cf33,2023-07-12T20:53:04Z,2,,5d21640ce0f740819e559ecc09920a44
spotify:track:5Q8IYNSjOjwzFGKMfmrAdK,1dacffd0545140b2970d73e29fe6cf33,2023-07-12T20:53:04Z,4,,5d21640ce0f740819e559ecc09920a44
spotify:track:6Hd8mrDwBQ8rLo70FwFG5C,1dacffd0545140b2970d73e29fe6cf33,2023-07-12T20:53:04Z,2,,5d21640ce0f740819e559ecc09920a44
spotify:track:7FTmBYe7DHiOx1ZdaNzbZb,1dacffd0545140b2970d73e29fe6cf33,2023-07-12T20:53:04Z,3,,5d21640ce0f740819e559ecc09920a44
spotify:track:10f0hrbCBiQk9STrFG3EU7,1f8ca948510946fa8edffd20518859ea,2023-07-12T21:31:13Z,7,,5d21640ce0f740819e559ecc09920a44
spotify:track:1mOw5kWpeZBLVHuOX0Qjc3,1f8ca948510946fa8edffd20518859ea,2023-07-12T21:31:13Z,4,,5d21640ce0f740819e559ecc09920a44
spotify:track:5MN0s0ylJLO9nfnGmAUaDq,1f8ca948510946fa8edffd20518859ea,2023-07-12T21:31:13Z,5,,5d21640ce0f740819e559ecc09920a44
spotify:track:7FTmBYe7DHiOx1ZdaNzbZb,1f8ca948510946fa8edffd20518859ea,2023-07-12T21:31:13Z,4,,5d21640ce0f740819e559ecc09920a44
spotify:track:10f0hrbCBiQk9STrFG3EU7,942db94f20df4bbf8653da742bb672bd,2023-07-13T16:51:08Z,3,,5d21640ce0f740819e559ecc09920a44
spotify:track:1mOw5kWpeZBLVHuOX0Qjc3,942db94f20df4bbf8653da742bb672bd,2023-07-13T16:51:08Z,6,,5d21640ce0f740819e559ecc09920a44
spotify:track:3rS2J6Qvv0PLfmwPepzFSQ,942db94f20df4bbf8653da742bb672bd,2023-07-13T16:51:08Z,0,NOT A PUN. Just some rhyming wordplay.,5d21640ce0f740819e559ecc09920a44
spotify:track:5Bfy6Wfj4G1GBYWlMfQ1by,942db94f20df4bbf8653da742bb672bd,2023-07-13T16:51:08Z,2,,5d21640ce0f740819e559ecc09920a44
spotify:track:5Q8IYNSjOjwzFGKMfmrAdK,942db94f20df4bbf8653da742bb672bd,2023-07-13T16:51:08Z,1,,5d21640ce0f740819e559ecc09920a44
spotify:track:6Hd8mrDwBQ8rLo70FwFG5C,942db94f20df4bbf8653da742bb672bd,2023-07-13T16:51:08Z,3,,5d21640ce0f740819e559ecc09920a44
spotify:track:7FTmBYe7DHiOx1ZdaNzbZb,942db94f20df4bbf8653da742bb672bd,2023-07-13T16:51:08Z,5,,5d21640ce0f740819e559ecc09920a44
spotify:track:1mOw5kWpeZBLVHuOX0Qjc3,58386a2a504f4fd08caed77112bedc82,2023-07-13T23:10:25Z,2,,5d21640ce0f740819e559ecc09920a44
spotify:track:5Bfy6Wfj4G1GBYWlMfQ1by,58386a2a504f4fd08caed77112bedc82,2023-07-13T23:10:25Z,2,,5d21640ce0f740819e559ecc09920a44
spotify:track:5MN0s0ylJLO9nfnGmAUaDq,58386a2a504f4fd08caed77112bedc82,2023-07-13T23:10:25Z,1,,5d21640ce0f740819e559ecc09920a44
spotify:track:5Q8IYNSjOjwzFGKMfmrAdK,58386a2a504f4fd08caed77112bedc82,2023-07-13T23:10:25Z,5,,5d21640ce0f740819e559ecc09920a44
spotify:track:6Hd8mrDwBQ8rLo70FwFG5C,58386a2a504f4fd08caed77112bedc82,2023-07-13T23:10:25Z,5,,5d21640ce0f740819e559ecc09920a44
spotify:track:7FTmBYe7DHiOx1ZdaNzbZb,58386a2a504f4fd08caed77112bedc82,2023-07-13T23:10:25Z,5,,5d21640ce0f740819e559ecc09920a44
spotify:track:10f0hrbCBiQk9STrFG3EU7,fee7e973fd6f45d48299e77843f5cb17,2023-07-14T01:10:45Z,2,,5d21640ce0f740819e559ecc09920a44
spotify:track:1mOw5kWpeZBLVHuOX0Qjc3,fee7e973fd6f45d48299e77843f5cb17,2023-07-14T01:10:45Z,4,,5d21640ce0f740819e559ecc09920a44
spotify:track:3rS2J6Qvv0PLfmwPepzFSQ,fee7e973fd6f45d48299e77843f5cb17,2023-07-14T01:10:45Z,4,,5d21640ce0f740819e559ecc09920a44
spotify:track:5Bfy6Wfj4G1GBYWlMfQ1by,fee7e973fd6f45d48299e77843f5cb17,2023-07-14T01:10:45Z,3,,5d21640ce0f740819e559ecc09920a44
spotify:track:5MN0s0ylJLO9nfnGmAUaDq,fee7e973fd6f45d48299e77843f5cb17,2023-07-14T01:10:45Z,2,,5d21640ce0f740819e559ecc09920a44
spotify:track:6Hd8mrDwBQ8rLo70FwFG5C,fee7e973fd6f45d48299e77843f5cb17,2023-07-14T01:10:45Z,3,,5d21640ce0f740819e559ecc09920a44
spotify:track:7FTmBYe7DHiOx1ZdaNzbZb,fee7e973fd6f45d48299e77843f5cb17,2023-07-14T01:10:45Z,2,,5d21640ce0f740819e559ecc09920a44
spotify:track:1mOw5kWpeZBLVHuOX0Qjc3,5df547c9f7ed41278698daa1917fdd24,2023-07-14T01:14:45Z,4,,5d21640ce0f740819e559ecc09920a44
spotify:track:5Bfy6Wfj4G1GBYWlMfQ1by,5df547c9f7ed41278698daa1917fdd24,2023-07-14T01:14:45Z,5,,5d21640ce0f740819e559ecc09920a44
spotify:track:5MN0s0ylJLO9nfnGmAUaDq,5df547c9f7ed41278698daa1917fdd24,2023-07-14T01:14:45Z,4,,5d21640ce0f740819e559ecc09920a44
spotify:track:5Q8IYNSjOjwzFGKMfmrAdK,5df547c9f7ed41278698daa1917fdd24,2023-07-14T01:14:45Z,3,,5d21640ce0f740819e559ecc09920a44
spotify:track:6Hd8mrDwBQ8rLo70FwFG5C,5df547c9f7ed41278698daa1917fdd24,2023-07-14T01:14:45Z,1,,5d21640ce0f740819e559ecc09920a44
spotify:track:7FTmBYe7DHiOx1ZdaNzbZb,5df547c9f7ed41278698daa1917fdd24,2023-07-14T01:14:45Z,3,,5d21640ce0f740819e559ecc09920a44
spotify:track:2XHzDp8zNJmes3jyOU5CNE,1f8ca948510946fa8edffd20518859ea,2023-07-15T04:04:35Z,6,,ae3ef6cbfa104e98a5f7a022b9c696a3
spotify:track:2ODAsejRZJ3lACehW3J39b,1f8ca948510946fa8edffd20518859ea,2023-07-15T04:04:35Z,4,,ae3ef6cbfa104e98a5f7a022b9c696a3
spotify:track:1pkUbLYeacUosTJIBqGyAv,1f8ca948510946fa8edffd20518859ea,2023-07-15T04:04:35Z,7,,ae3ef6cbfa104e98a5f7a022b9c696a3
spotify:track:4GTXPrvSlvm9B5WjbUXCJD,1f8ca948510946fa8edffd20518859ea,2023-07-15T04:04:35Z,3,,ae3ef6cbfa104e98a5f7a022b9c696a3
spotify:track:2ODAsejRZJ3lACehW3J39b,e305e2cab85b4f929234bfdf98d6c6d0,2023-07-15T13:26:44Z,2,,ae3ef6cbfa104e98a5f7a022b9c696a3
spotify:track:1pkUbLYeacUosTJIBqGyAv,e305e2cab85b4f929234bfdf98d6c6d0,2023-07-15T13:26:44Z,1,,ae3ef6cbfa104e98a5f7a022b9c696a3
spotify:track:0rCPV0Ni51XV6Szvo2iqdd,e305e2cab85b4f929234bfdf98d6c6d0,2023-07-15T13:26:44Z,3,,ae3ef6cbfa104e98a5f7a022b9c696a3
spotify:track:75JlUARfwB9WXxF9xT6ul7,e305e2cab85b4f929234bfdf98d6c6d0,2023-07-15T13:26:44Z,1,,ae3ef6cbfa104e98a5f7a022b9c696a3
spotify:track:72stCHluiF3lgpeFaYksOW,e305e2cab85b4f929234bfdf98d6c6d0,2023-07-15T13:26:44Z,5,Amazing,ae3ef6cbfa104e98a5f7a022b9c696a3
spotify:track:6Op7uGaubOSmyP7vI2WDlA,e305e2cab85b4f929234bfdf98d6c6d0,2023-07-15T13:26:44Z,2,,ae3ef6cbfa104e98a5f7a022b9c696a3
spotify:track:2XHzDp8zNJmes3jyOU5CNE,e305e2cab85b4f929234bfdf98d6c6d0,2023-07-15T13:26:44Z,6,"I absolutely love the Divine Comedy original version and nearly submitted it for both the ""makes you cry"" round and the ""plot of the song could be a movie"" round. I don't usually like stripped-back covers, but the vocal harmonies in this are incredible. ",ae3ef6cbfa104e98a5f7a022b9c696a3
spotify:track:72stCHluiF3lgpeFaYksOW,58386a2a504f4fd08caed77112bedc82,2023-07-16T21:32:43Z,4,,ae3ef6cbfa104e98a5f7a022b9c696a3
spotify:track:6Op7uGaubOSmyP7vI2WDlA,58386a2a504f4fd08caed77112bedc82,2023-07-16T21:32:43Z,5,,ae3ef6cbfa104e98a5f7a022b9c696a3
spotify:track:1pkUbLYeacUosTJIBqGyAv,58386a2a504f4fd08caed77112bedc82,2023-07-16T21:32:43Z,4,,ae3ef6cbfa104e98a5f7a022b9c696a3
spotify:track:0rCPV0Ni51XV6Szvo2iqdd,58386a2a504f4fd08caed77112bedc82,2023-07-16T21:32:43Z,7,,ae3ef6cbfa104e98a5f7a022b9c696a3
spotify:track:1pkUbLYeacUosTJIBqGyAv,942db94f20df4bbf8653da742bb672bd,2023-07-17T07:35:32Z,5,Turns out I like 2023 sad girl music with 2002 production,ae3ef6cbfa104e98a5f7a022b9c696a3
spotify:track:2ODAsejRZJ3lACehW3J39b,942db94f20df4bbf8653da742bb672bd,2023-07-17T07:35:32Z,7,This band listens to a lot of June of 44 which is the correct band to listen to,ae3ef6cbfa104e98a5f7a022b9c696a3
spotify:track:2XHzDp8zNJmes3jyOU5CNE,942db94f20df4bbf8653da742bb672bd,2023-07-17T07:35:32Z,2,I like how these lyrics sound like screamo lyrics where someone just says things that happen,ae3ef6cbfa104e98a5f7a022b9c696a3
spotify:track:4GTXPrvSlvm9B5WjbUXCJD,942db94f20df4bbf8653da742bb672bd,2023-07-17T07:35:32Z,1,,ae3ef6cbfa104e98a5f7a022b9c696a3
spotify:track:6Op7uGaubOSmyP7vI2WDlA,942db94f20df4bbf8653da742bb672bd,2023-07-17T07:35:32Z,3,"Sounds like 80s/90s Bowie, which is an underrated Bowie ",ae3ef6cbfa104e98a5f7a022b9c696a3
spotify:track:72stCHluiF3lgpeFaYksOW,942db94f20df4bbf8653da742bb672bd,2023-07-17T07:35:32Z,2,,ae3ef6cbfa104e98a5f7a022b9c696a3
spotify:track:75JlUARfwB9WXxF9xT6ul7,942db94f20df4bbf8653da742bb672bd,2023-07-17T07:35:32Z,0,DAMN this sounds like it came out the year it came out ,ae3ef6cbfa104e98a5f7a022b9c696a3
spotify:track:75JlUARfwB9WXxF9xT6ul7,5df547c9f7ed41278698daa1917fdd24,2023-07-17T07:52:04Z,4,,ae3ef6cbfa104e98a5f7a022b9c696a3
spotify:track:0rCPV0Ni51XV6Szvo2iqdd,5df547c9f7ed41278698daa1917fdd24,2023-07-17T07:52:04Z,2,,ae3ef6cbfa104e98a5f7a022b9c696a3
spotify:track:2ODAsejRZJ3lACehW3J39b,5df547c9f7ed41278698daa1917fdd24,2023-07-17T07:52:04Z,2,,ae3ef6cbfa104e98a5f7a022b9c696a3
spotify:track:2XHzDp8zNJmes3jyOU5CNE,5df547c9f7ed41278698daa1917fdd24,2023-07-17T07:52:04Z,3,,ae3ef6cbfa104e98a5f7a022b9c696a3
spotify:track:4GTXPrvSlvm9B5WjbUXCJD,5df547c9f7ed41278698daa1917fdd24,2023-07-17T07:52:04Z,3,,ae3ef6cbfa104e98a5f7a022b9c696a3
spotify:track:6Op7uGaubOSmyP7vI2WDlA,5df547c9f7ed41278698daa1917fdd24,2023-07-17T07:52:04Z,3,,ae3ef6cbfa104e98a5f7a022b9c696a3
spotify:track:72stCHluiF3lgpeFaYksOW,5df547c9f7ed41278698daa1917fdd24,2023-07-17T07:52:04Z,3,,ae3ef6cbfa104e98a5f7a022b9c696a3
spotify:track:0rCPV0Ni51XV6Szvo2iqdd,fee7e973fd6f45d48299e77843f5cb17,2023-07-17T20:25:19Z,5,,ae3ef6cbfa104e98a5f7a022b9c696a3
spotify:track:75JlUARfwB9WXxF9xT6ul7,fee7e973fd6f45d48299e77843f5cb17,2023-07-17T20:25:19Z,5,,ae3ef6cbfa104e98a5f7a022b9c696a3
spotify:track:72stCHluiF3lgpeFaYksOW,fee7e973fd6f45d48299e77843f5cb17,2023-07-17T20:25:19Z,1,,ae3ef6cbfa104e98a5f7a022b9c696a3
spotify:track:4GTXPrvSlvm9B5WjbUXCJD,fee7e973fd6f45d48299e77843f5cb17,2023-07-17T20:25:19Z,2,,ae3ef6cbfa104e98a5f7a022b9c696a3
spotify:track:2XHzDp8zNJmes3jyOU5CNE,fee7e973fd6f45d48299e77843f5cb17,2023-07-17T20:25:19Z,3,,ae3ef6cbfa104e98a5f7a022b9c696a3
spotify:track:2ODAsejRZJ3lACehW3J39b,fee7e973fd6f45d48299e77843f5cb17,2023-07-17T20:25:19Z,1,,ae3ef6cbfa104e98a5f7a022b9c696a3
spotify:track:1pkUbLYeacUosTJIBqGyAv,fee7e973fd6f45d48299e77843f5cb17,2023-07-17T20:25:19Z,3,,ae3ef6cbfa104e98a5f7a022b9c696a3
spotify:track:1pkUbLYeacUosTJIBqGyAv,1dacffd0545140b2970d73e29fe6cf33,2023-07-17T20:34:34Z,3,,ae3ef6cbfa104e98a5f7a022b9c696a3
spotify:track:75JlUARfwB9WXxF9xT6ul7,1dacffd0545140b2970d73e29fe6cf33,2023-07-17T20:34:34Z,3,,ae3ef6cbfa104e98a5f7a022b9c696a3
spotify:track:6Op7uGaubOSmyP7vI2WDlA,1dacffd0545140b2970d73e29fe6cf33,2023-07-17T20:34:34Z,3,,ae3ef6cbfa104e98a5f7a022b9c696a3
spotify:track:4GTXPrvSlvm9B5WjbUXCJD,1dacffd0545140b2970d73e29fe6cf33,2023-07-17T20:34:34Z,3,,ae3ef6cbfa104e98a5f7a022b9c696a3
spotify:track:2XHzDp8zNJmes3jyOU5CNE,1dacffd0545140b2970d73e29fe6cf33,2023-07-17T20:34:34Z,3,,ae3ef6cbfa104e98a5f7a022b9c696a3
spotify:track:2ODAsejRZJ3lACehW3J39b,1dacffd0545140b2970d73e29fe6cf33,2023-07-17T20:34:34Z,3,,ae3ef6cbfa104e98a5f7a022b9c696a3
spotify:track:0rCPV0Ni51XV6Szvo2iqdd,1dacffd0545140b2970d73e29fe6cf33,2023-07-17T20:34:34Z,2,,ae3ef6cbfa104e98a5f7a022b9c696a3
spotify:track:1pkUbLYeacUosTJIBqGyAv,bdd60b40c4ca4c78a0cbf518560cd06c,2023-07-18T02:04:58Z,4,,ae3ef6cbfa104e98a5f7a022b9c696a3
spotify:track:0rCPV0Ni51XV6Szvo2iqdd,bdd60b40c4ca4c78a0cbf518560cd06c,2023-07-18T02:04:58Z,6,A jam!,ae3ef6cbfa104e98a5f7a022b9c696a3
spotify:track:2XHzDp8zNJmes3jyOU5CNE,bdd60b40c4ca4c78a0cbf518560cd06c,2023-07-18T02:04:58Z,2,,ae3ef6cbfa104e98a5f7a022b9c696a3
spotify:track:4GTXPrvSlvm9B5WjbUXCJD,bdd60b40c4ca4c78a0cbf518560cd06c,2023-07-18T02:04:58Z,3,,ae3ef6cbfa104e98a5f7a022b9c696a3
spotify:track:6Op7uGaubOSmyP7vI2WDlA,bdd60b40c4ca4c78a0cbf518560cd06c,2023-07-18T02:04:58Z,2,,ae3ef6cbfa104e98a5f7a022b9c696a3
spotify:track:72stCHluiF3lgpeFaYksOW,bdd60b40c4ca4c78a0cbf518560cd06c,2023-07-18T02:04:58Z,1,,ae3ef6cbfa104e98a5f7a022b9c696a3
spotify:track:75JlUARfwB9WXxF9xT6ul7,bdd60b40c4ca4c78a0cbf518560cd06c,2023-07-18T02:04:58Z,2,Great terrible band name,ae3ef6cbfa104e98a5f7a022b9c696a3
