ID,Name
1dacffd0545140b2970d73e29fe6cf33,James Knapp
3ceb8b04eb6f49139ce22d7c27a71e41,tongueofdog
3f3b3254d9e849b58ae1b5b6f85cff85,wfost
58386a2a504f4fd08caed77112bedc82,Sean Planesonasnake Fallon
5be35bf564744df2a445fae855878c05,jesslill
6042ea21f1044c4180e3673bcd4b435b,Dustin Newman
6e74e3bbc8e643a0b2ed5c998b8bb5ce,Bubble Punk
6f242fee70fa48f39bcd637c09e46ea8,Eric Degliomini
704b79ab3f4b470884593060712e8afd,Julie
9885fc6ccffc4dd198f2ba810d533ea6,Corey Landis Montgomery
ac2cbacc715846dba121cab12050f0c1,Carter138
bdd60b40c4ca4c78a0cbf518560cd06c,Matt McInerney
d16b02d16f77415da273094af63d462e,Bex
e305e2cab85b4f929234bfdf98d6c6d0,Orderly
fd4c3b50daf548ffa16be6f215d5b883,ciaracha
fee7e973fd6f45d48299e77843f5cb17,pattsully
