ID,Name
1dacffd0545140b2970d73e29fe6cf33,James Knapp
1f8ca948510946fa8edffd20518859ea,Allegra Ringo
2ba87e2af1a24e13a9082becf806f540,Joe Rumrill
488c42f9d7e948a188f671fe126eb74a,126800519
58386a2a504f4fd08caed77112bedc82,Sean Planesonasnake Fallon
5be35bf564744df2a445fae855878c05,jesslill
5df547c9f7ed41278698daa1917fdd24,audrey
6042ea21f1044c4180e3673bcd4b435b,Dustin Newman
942db94f20df4bbf8653da742bb672bd,Peter Woods
bdd60b40c4ca4c78a0cbf518560cd06c,Matt McInerney
e305e2cab85b4f929234bfdf98d6c6d0,Orderly
fee7e973fd6f45d48299e77843f5cb17,pattsully
