Spotify URI,Title,Album,Artist(s),Submitter ID,Created,Comment,Round ID,Visible To Voters
spotify:track:2qqrzPsyGiByT3gqZbQhkT,Sink Is Busted,Engine Takes to Water,JUNE OF 44,942db94f20df4bbf8653da742bb672bd,2023-07-20T13:47:04Z,"What people call post rock today has way more in common with shoegaze then the original post rock bands, to the point where the waves of this genre should be given completely different names instead of trying to link them historically somehow. How the scene that gave us bands as diverse as June of 44 and US maple turned into a bunch of Godspeed clones of varying quality, all just playing pretty guitar lines that crescendo over and over, is beyond me.",316b784691f94b818bade7a7425db797,Yes
spotify:track:2Wc1ubJibYfuAxob67NDIe,Musical Preference,I Used to Be So Young,The Homeless Gospel Choir,1dacffd0545140b2970d73e29fe6cf33,2023-07-20T13:41:57Z,I really fucking hate sublime,316b784691f94b818bade7a7425db797,Yes
spotify:track:39smnJJkzVXj3z8DDFriq8,Soul Kitchen - 2017 Remaster,The Doors (50th Anniversary Deluxe Edition),The Doors,5be35bf564744df2a445fae855878c05,2023-07-21T00:46:00Z,OPINION: So many people these days are always saying they don’t like The Doors and they “just don’t understand how they could be so popular” (tedious!) that we’ve officially come full circle to the point that now it’s cool and non-mainstream and contrarian to come out and say actually the band does NOT suck. Secondary opinion: Any band that heavily features the organ is elite. I would have submitted “Light My Fire” but the Doors-haters wouldn’t be able to get through the 8 minutes. ,316b784691f94b818bade7a7425db797,Yes
spotify:track:46AsIhULK8ppt0XabYrWfF,Von,Hvarf / Heim,Sigur Rós,bdd60b40c4ca4c78a0cbf518560cd06c,2023-07-20T13:34:08Z,"99% of lyrics in punk/hardcore/metal are pretty stupid. Especially doom metal. A lot of ruining good songs with vocals. More bands should be honest with themselves and treat the voice as an instrument. The idea of ""Hopelandic"" is a pretty honest acknowledgment of what I want out of vocals in music. There are 1% of lyrics that I care about. Most suck/are boring. Also, I heard an interview with Jónsi where he said he mostly only listens to bird noises, which is exactly what I wanted from him.",316b784691f94b818bade7a7425db797,Yes
spotify:track:4mH3QuyFl1saDLKcMMHFas,Hussy Bowler,Doo Rag,Doo Rag,2ba87e2af1a24e13a9082becf806f540,2023-07-20T19:41:57Z,"A pile of junk can sound just as good, if not better, than an actual drum set ",316b784691f94b818bade7a7425db797,No
spotify:track:4tWe3Fr8HrQPq2iFOpEGZs,The Living Daylights,The Singles: 1984-2004,a-ha,58386a2a504f4fd08caed77112bedc82,2023-07-20T08:04:40Z,"My opinion is that this is the best Bond theme and by association, Timothy Dalton was a fantastic Bond. ",316b784691f94b818bade7a7425db797,Yes
spotify:track:4Uw6gqyHfSsRyVgD0dRjkd,Bee Kind To The Bugs,Bay Dream,Culture Abuse,488c42f9d7e948a188f671fe126eb74a,2023-07-20T12:50:19Z,Me trying to convince my fiancee not to kill spiders and house centipedes,316b784691f94b818bade7a7425db797,Yes
spotify:track:4zYBNOB5TOf1cMpFxA5e6N,Obstacle 2,Turn On The Bright Lights,Interpol,e305e2cab85b4f929234bfdf98d6c6d0,2023-07-20T23:57:03Z,My annoying opinion is that Paul Banks is actually an excellent lyricist - even though many people think this song (and many others) is full of absolute clunkers.,316b784691f94b818bade7a7425db797,Yes
spotify:track:72IzTSOkLDugQmOoEu22ct,Greater Omaha,Read Music/Speak Spanish,Desaparecidos,6042ea21f1044c4180e3673bcd4b435b,2023-07-21T00:50:09Z,Not entirely sure how annoying this is but I think Conor Oberst deserves more punk music cred. This Desaparecidos album from 2002 is better than any Bright Eyes album imo and is one of my favorites from the early 2000’s/Bush presidency years that inspired a lot of punk music. Also check out “When The President Talks to God” which was a solo single he put out directed at Bush and played on the tonight show.,316b784691f94b818bade7a7425db797,No
spotify:track:7rdGrVIoqwPWOULauvglio,Lost Stars,Lost Stars,Adam Levine,fee7e973fd6f45d48299e77843f5cb17,2023-07-21T02:21:31Z,"A big point of the movie is that this song has been ruined, with it being commercialized too much vs. the original version. Annoying opinion: the commercialized version Adam Levine does is just the better version",316b784691f94b818bade7a7425db797,Yes
spotify:track:7w5cxTEzp1rfV3KCy0Bd5N,Home,Up from Below,Edward Sharpe & The Magnetic Zeros,1f8ca948510946fa8edffd20518859ea,2023-07-21T01:33:46Z,"(Disclaimer: I can't stand this song) This song demonstrates my annoying opinion that our standard for ""a good singer"" is higher for (cis) women than it is for (cis) men. her voice is so strong and clear in this song and his voice is so whatever. someone should have been like ""you guys are not equals."" a real ""she's everything, he's just ken"" situation",316b784691f94b818bade7a7425db797,Yes
spotify:track:09qEhLilPrvhOGiZ44RZic,Sharp Dressed Man,Xiu Xiu / (r),Xiu Xiu,2ba87e2af1a24e13a9082becf806f540,2023-07-24T19:40:33Z,"Folksy grammatical errors in the ZZ Top original are easier on the ears, but the over-enunciation Stewart slathers over lines like “I ain’t needing not a single thing” in this cover gets me a-cringin’! ",8537992c571b488981757be957bf82c5,Yes
spotify:track:1hh4GY1zM7SUAyM3a2ziH5,All My Best Friends Are Metalheads,Hello Rockview,Less Than Jake,488c42f9d7e948a188f671fe126eb74a,2023-07-25T22:28:51Z,"The construction and tense of this song are both all over the place. I still enjoy it, but part of me is always cringing when I hear it.",8537992c571b488981757be957bf82c5,Yes
spotify:track:1KQxjMICHx5mHfcJJSx4Uh,36 Degrees,Placebo,Placebo,e305e2cab85b4f929234bfdf98d6c6d0,2023-07-24T20:58:01Z,"Sick song from their 1996 debut album - but the chorus repeatedly contains the phrase ""someone tried to do me ache"", which makes me want to peel my skin off. I'm all for poetic licence, but Molko should've had his poetic licence revoked for this terrible arrangement of words. ",8537992c571b488981757be957bf82c5,Yes
spotify:track:1sTsuZTdANkiFd7T34H3nb,Human,Day & Age (Bonus Tracks),The Killers,6042ea21f1044c4180e3673bcd4b435b,2023-07-25T20:51:14Z,"“Are we human, or are we dancer”, words that will live in infamy. Yes, I know it’s a Hunter S. Thompson reference. No, that doesn’t make it any less clunky. He could’ve done us a solid and made dancer plural so at least it wouldn’t be structural nails on a chalkboard.",8537992c571b488981757be957bf82c5,Yes
spotify:track:1tlnTwKih4geL1cDF3I4MU,Again I Go Unnoticed,The Places You Have Come to Fear the Most,Dashboard Confessional,bdd60b40c4ca4c78a0cbf518560cd06c,2023-07-24T17:51:51Z,"""Please send me anything but signals that are mixed.""

Can't he just find a way to say ""mixed signals?""
Do we really need the Yoda phrasing to make this work?

P.S. I did google this, and its called Anastrophe: a figure of speech in which the normal word order of the subject, the verb, and the object is changed. For example, subject–verb–object (""I like potatoes"") might be changed to object–subject–verb (""potatoes I like""). And Yoda is mentioned on the wiki page.",8537992c571b488981757be957bf82c5,Yes
spotify:track:2igwFfvr1OAGX9SKDCPBwO,Empire State Of Mind,The Blueprint 3,"JAY-Z, Alicia Keys",1f8ca948510946fa8edffd20518859ea,2023-07-24T18:55:34Z,"""concrete jungle where dreams are made of"" ???

this song is way too popular/made by huge artists to have such a weird grammatical thing in the CHORUS. it drives me insane every time i hear it. it also doesn't rhyme with the next line (""there's nothing you can't do"") - despite the rest of the chorus having an AA/BB rhyme scheme - so it's not like ""of"" had to be the last word. i'm getting madder typing this all out",8537992c571b488981757be957bf82c5,Yes
spotify:track:41YnJlSor1t4kCFTbR6NZJ,ABCs,NEED,3OH!3,5df547c9f7ed41278698daa1917fdd24,2023-07-25T04:27:00Z,They say they know their ABCs but they forgot the letter Q. One half of this band has an English degree and the other got into medical school. They should know better.,8537992c571b488981757be957bf82c5,Yes
spotify:track:5beiMMlsINDI5fxRdF0D42,Female of the Species,Spiders,Space,58386a2a504f4fd08caed77112bedc82,2023-07-26T00:10:13Z,"""The female of the species is more deadlier than the male"" 
More deadly, surely? ",8537992c571b488981757be957bf82c5,Yes
spotify:track:6Dgix2xCbnqigfrjulm24R,Kids,Morbid Stuff,PUP,1dacffd0545140b2970d73e29fe6cf33,2023-07-24T19:29:11Z,"This is a great song, but that double negative in the chorus always bothers. It's such a kinda generic line - they definitely could have worked up something better.",8537992c571b488981757be957bf82c5,Yes
spotify:track:78LMazmfqncADjyJVae8dN,Anything You Want,Anything You Want,JAWNY,fee7e973fd6f45d48299e77843f5cb17,2023-07-26T02:18:20Z,"Yeah, you already said you like it rough, and you can say it twice or however many times you want if it sounds good. HOWEVER, drawing attention to it and pointing out that you're saying it twice just makes me think you couldn't think of any better line to go there. There's already a ton of repetition in the song, and you're singling out one line? Either own it or fix it, fuck",8537992c571b488981757be957bf82c5,Yes
spotify:track:7mZqpphVn9t97nYmaBVdRK,For You and I,Nolita,Keren Ann,5be35bf564744df2a445fae855878c05,2023-07-25T01:50:28Z,"Pronouns serving as objects of prepositions take the objective case.  I fully support breaking grammar rules for creativity, dialect, etc., but there is no rhyme-related or artistic reason that she couldn’t use the correct pronoun (“me”) instead. In the first chorus, it would even rhyme better with “dream.” The “you and I” repeats constantly in this song just to taunt me and it’s also IN THE ACTUAL TITLE. Side note: It’s musically the weakest track on a beautiful album. ",8537992c571b488981757be957bf82c5,Yes
spotify:track:7yesZrAOvMYmVVkEzSF13g,SpongeBob SquarePants Theme Song,SpongeBob's Greatest Hits,Spongebob Squarepants,942db94f20df4bbf8653da742bb672bd,2023-07-24T17:30:38Z,“Absorbent and yellow and porous is he” is a dumb fucking and you know it,8537992c571b488981757be957bf82c5,Yes
spotify:track:0I1DJdLt9BKOb7GWmWxCjo,Fields Of Gold,Ten Summoner's Tales,Sting,1f8ca948510946fa8edffd20518859ea,2023-07-28T19:08:57Z,i don't think this is a BAD song but i do think i should be bullied for liking it as much as i do. i should think this song is corny BUT I DON'T!! it makes me feel sentimental bordering on teary lol,32934a45c2c34decbeaab8a471af005d,Yes
spotify:track:11CSXNpWprcuhOu4SPinBS,Gangsta,W H O K I L L,Tune-Yards,488c42f9d7e948a188f671fe126eb74a,2023-07-28T16:42:29Z,"I heard this playing somewhere recently and instinctively made fun of it . . . but I couldn't stop thinking about it. I needed to hear it again. I – I've been listening to it. Regularly.

I know. I'm a bad person. I understand if you need to kick me out of the league.",32934a45c2c34decbeaab8a471af005d,Yes
spotify:track:1yK9LISg5uBOOW5bT2Wm0i,Try Sleeping with a Broken Heart,The Element Of Freedom,Alicia Keys,2ba87e2af1a24e13a9082becf806f540,2023-07-28T02:41:24Z,"Who dares me to put “Alicia Keys” in the album rankings Slack just to see what Bill would say? Anyway, I first downloaded Shazam because I wanted to know what this heavenly track was, and now I’ll follow her to the ends of the earth. Join me, won’t you? ",32934a45c2c34decbeaab8a471af005d,Yes
spotify:track:2elHkEQ40sDJVVMETQ8GVw,Samurai Sword,World's Most Stressed Out Gardener,Chad VanGaalen,6042ea21f1044c4180e3673bcd4b435b,2023-07-29T00:07:07Z,"I feel like I would get shit for this if I just put it on no context with friends around. Chad VanGaalen has been putting out music on Sub Pop for like 20 years and I think he kinda goes under the radar. Anyway this song has a pots and pans kinda percussion thing going on, a very whimsical topic about losing a friends sword with a dog sticker on it and just has Chad’s typical off-kilter vibe going on so while I genuinely enjoy the song I feel like it would garner some commentary.",32934a45c2c34decbeaab8a471af005d,Yes
spotify:track:2LA4v20vokK9Uaj7WEEMaf,Losing Grip,Let Go,Avril Lavigne,e305e2cab85b4f929234bfdf98d6c6d0,2023-07-29T00:35:16Z,"I will never stop advocating for this song, even with my face being pushed deep into a toilet. (Except the bit where Avril manages to turn ""loud"" into a 3-syllable word - that's admittedly sub-optimal).",32934a45c2c34decbeaab8a471af005d,Yes
spotify:track:3cfOd4CMv2snFaKAnMdnvK,All Star,Astro Lounge,Smash Mouth,1dacffd0545140b2970d73e29fe6cf33,2023-07-28T13:15:43Z,,32934a45c2c34decbeaab8a471af005d,No
spotify:track:4ccM2xBxicGigjLqt6A0YY,Accidentally In Love,Accidentally In Love,Counting Crows,5be35bf564744df2a445fae855878c05,2023-07-28T14:15:04Z,Of two minds on this one. I do absolutely deserve to be bullied for loving it. But also it’s kind of a banger in an irresistible light breezy fun way! ,32934a45c2c34decbeaab8a471af005d,Yes
spotify:track:4ejn3CFGcaSi9ajK8swYSx,Back for Good,Car Songs,Take That,58386a2a504f4fd08caed77112bedc82,2023-07-28T09:28:17Z,I couldn't admit it back in the day but always thought this was a banger and it's never been out of rotation. Also a karaoke choice of mine. ,32934a45c2c34decbeaab8a471af005d,Yes
spotify:track:6IPJ7LeWIOhxPW8Sq3nIGc,Re-Arranged,Significant Other,Limp Bizkit,942db94f20df4bbf8653da742bb672bd,2023-07-28T07:36:30Z,"Durst's vocals on here are deeply awful as always, but I'm an absolute sucker for that bassline.",32934a45c2c34decbeaab8a471af005d,Yes
spotify:track:71wqAsHugvzZMivnP6j1Ue,Sexy Train,Sexy Train,The Northern Boys,fee7e973fd6f45d48299e77843f5cb17,2023-07-29T01:38:19Z,"Hear me out, hear me out. This song popped up in my Discovery playlist last week. It's goofy, borderline unhinged, and musically at most like a 3.5,4/10. BUT, I still find myself putting it on and bobbing my head in the car, and chuckling at random lines in it. Judge me all you like, I enjoy the song.",32934a45c2c34decbeaab8a471af005d,Yes
spotify:track:7gRFTsQvHipg9GU9hOuNCl,I Was so Alone,"Hello, Good Friend.",The Rocket Summer,bdd60b40c4ca4c78a0cbf518560cd06c,2023-07-28T01:32:47Z,"I had a lot of ideas for songs I kinda like that I think would do well in this round but I have to be true to myself. I have sang this song full volume in my car so many times, I can’t count. But god damn is this guy a fucking dork. He beat boxes into a looper pedal, he talks about Jesus being his biggest influence, his songs sound like Glee covers, and he wears a pork pie hat. I could imagine bullying him and me at the same time for listening to this. But still, this song is a banger!",32934a45c2c34decbeaab8a471af005d,Yes
spotify:track:7GRv55NwkjxU2ysJLwzC9c,Speed Drive,Barbie The Album,Charli xcx,5df547c9f7ed41278698daa1917fdd24,2023-07-29T01:05:04Z,"Listen, the Barbie soundtrack has bangers.",32934a45c2c34decbeaab8a471af005d,Yes
spotify:track:0AZb6ryK8LsFcvY1jWHO61,"Sunshine, Lollipops And Rainbows",Lesley Gore Sings Of Mixed-Up Hearts,Lesley Gore,1dacffd0545140b2970d73e29fe6cf33,2023-08-01T12:59:50Z,The perfect song for when you think everything is going well but just need a minute and 36 seconds to digest everything,7567ad7801d646a68bf89a66ebc69b45,Yes
spotify:track:1brJxUGRAiKOcyJmy6806v,Don't Ask Me to Explain,Cherry Peel,of Montreal,488c42f9d7e948a188f671fe126eb74a,2023-08-01T16:52:59Z,Nice and pleasant without being either too intense or boring. Love this song.,7567ad7801d646a68bf89a66ebc69b45,Yes
spotify:track:1ifMJraYUkVtRHeDBBs1PQ,galore - french version,galore (french version),"Oklou, Pomme, Danny L Harle",e305e2cab85b4f929234bfdf98d6c6d0,2023-08-01T01:01:38Z,"Les français ont inventé les nettoyants pour le palais, cela semble donc approprié. Cette chanson est un classique sorbet au citron, peut-être avec un soupçon de bergamote.",7567ad7801d646a68bf89a66ebc69b45,Yes
spotify:track:2tqUvU7hJymXT8t8Me6EiY,Light & Day / Reach for the Sun,The Beginning Stages Of ...,The Polyphonic Spree,942db94f20df4bbf8653da742bb672bd,2023-07-31T22:17:24Z,"This song hits that sweet spot of being incredibly dense but also some damn uplifting and cheerful in a way that lifts you off the ground. Like the physics of an airplane flying, the closer you look the less sense it makes and the more beautiful it is. Shits mango flavoured, no question",7567ad7801d646a68bf89a66ebc69b45,Yes
spotify:track:48YkpE5enOln5c7jXSTuHL,About A Girl - Live,MTV Unplugged In New York,Nirvana,58386a2a504f4fd08caed77112bedc82,2023-08-01T02:58:12Z,"After some over the top heavy metal, listening to a stripped down Nirvana tune, one of their best, is a nice refreshing sorbet after a heavy meal.",7567ad7801d646a68bf89a66ebc69b45,Yes
spotify:track:4B4kG3ecG3WOOHd5irCPGb,I'll Never Make It,Cut Worms,Cut Worms,6042ea21f1044c4180e3673bcd4b435b,2023-08-02T01:09:11Z,"For me this brought to mind some of the ice cream parlors that do things more traditionally and homemade etc, churning in a barrel with rock salt, serving malts, all that good stuff. And in that context this Cut Worms track off his new album with a throwback AM radio sound (which many of his tunes have) really works.",7567ad7801d646a68bf89a66ebc69b45,Yes
spotify:track:4m8ttWM8IKXyhpv89E867J,Cherry Blossom Girl,Talkie Walkie,Air,5be35bf564744df2a445fae855878c05,2023-08-01T12:41:02Z,"The ideal sorbet is light but not boring. There’s a sophisticated delicate flavor and maybe even some complexity. You feel soothed and a little bit fancy. A little bit … French, even. A lot of Air’s catalogue perfectly qualifies, but I picked this song because a cherry blossom sorbet sounds especially amazing. ",7567ad7801d646a68bf89a66ebc69b45,Yes
spotify:track:4MDgmDaVN9UPyZ41Cxb3NV,On the Lookout,On the Lookout,"NEIL FRANCES, Raffaella",1f8ca948510946fa8edffd20518859ea,2023-08-01T07:01:58Z,"i find this song to be refreshing, it's super chill and light. plus i like the lyrics ""hey someone famous, hit me with your car""",7567ad7801d646a68bf89a66ebc69b45,Yes
spotify:track:564oa00vY05d1uYnTEAAmE,Herside Story,At What Cost,"GoldLink, Hare Squead",bdd60b40c4ca4c78a0cbf518560cd06c,2023-08-01T02:48:19Z,"Tonight's dessert special is ""Herside Story"" by GoldLink, featuring Hare Squead – a smooth, velvety blend of effortless bars and refreshing harmonies. Perfectly complemented by a subtle sweetness in lyrics. And as GoldLink suggests, you'll find yourself ""Lick, lick, lick, licking the scoop now."" Pretty sure that's what he says. Pretty sure.",7567ad7801d646a68bf89a66ebc69b45,Yes
spotify:track:5e0vgBWfwToyphURwynSXa,Run Away With Me,Emotion,Carly Rae Jepsen,5df547c9f7ed41278698daa1917fdd24,2023-08-02T01:12:19Z,CRJ is the refreshing sorbet of pop music.,7567ad7801d646a68bf89a66ebc69b45,Yes
spotify:track:5gRCBF8BbbQA4M7wRFjqxg,Sour Candy,Sour Candy,Melt,fee7e973fd6f45d48299e77843f5cb17,2023-07-31T22:54:53Z,"There's something so light about this one, it feels cozy. There's not any pressure or hectic feeling while listening to it, it's just taking me on a nice ride down a warm road. ",7567ad7801d646a68bf89a66ebc69b45,Yes
spotify:track:7m7hpEKxbTkWV8u305ADTY,Keep Your Dreams - 2021 - Remaster,Cheree,Suicide,2ba87e2af1a24e13a9082becf806f540,2023-08-01T16:33:39Z,"This was the last bonus track on the copy of Suicide’s debut I first got in high school. After a big dinner of tense, paranoia-inducing songs like Ghost Rider and Frankie Teardrop, I always viewed this one as a much-deserved dessert. A light at the end of the dark tunnel. If the freaks in Suicide were saying life was gonna end up ok, then maybe it will. ",7567ad7801d646a68bf89a66ebc69b45,Yes
spotify:track:0dwagfVnOiJlOcF3ZmP96h,Magic,Growing Up,The Linda Lindas,488c42f9d7e948a188f671fe126eb74a,2023-08-06T00:16:35Z,"They fit the vibe, but that's not all. Both THPS and The Linda Lindas are 100% commercial products that are marketed as counter-culture. If you're extra cynical, you might think that they co-opt counter-culture and sell it back to us. Anyways, I don't care! I like 'em both!

I really tried to do my due diligence, but I can't say with 100% certainty that they've never appeared. Sorry if I blew it.",dd5d28f2a47b426684a6d360c1354100,Yes
spotify:track:0lqVhx0jZWdLUF7TcTxRQT,Shaking Like an Animal,Live Nudes,Crash Kings,fee7e973fd6f45d48299e77843f5cb17,2023-08-05T03:11:21Z,Perfect fit for the background while doing sick tricks as that one guy that looks like Tony Hawk,dd5d28f2a47b426684a6d360c1354100,Yes
spotify:track:2AeaqTISsm0rSpdiDljyLK,Whatever Happened to the Likely Lads,Potatoes and Melons Wholesale Prices Straight from the Lock Up,Snuff,1f8ca948510946fa8edffd20518859ea,2023-08-05T00:45:01Z,"a rollicking good time of a song and as far as I can tell from my research, Snuff was never included in any game. i believe it fits the tone and would be a fun song to play to, being similar to other ""drinking song"" style tracks that are in the games.  *i have never played these games and believe i should be graded on an appropriate curve",dd5d28f2a47b426684a6d360c1354100,Yes
spotify:track:2QN7lhAV6D9VaJ7HfjDg6Z,Kung Fu,1977,Ash,58386a2a504f4fd08caed77112bedc82,2023-08-04T22:14:10Z,,dd5d28f2a47b426684a6d360c1354100,No
spotify:track:2XTggG0CO00DkQy3U9rj1e,Cool Kids,Bark Like a Dog,Screeching Weasel,1dacffd0545140b2970d73e29fe6cf33,2023-08-04T18:10:46Z,"I just think it's a good song. Tony hawks soundtracks dont have to be esoteric or complicated, they just have to have good songs",dd5d28f2a47b426684a6d360c1354100,Yes
spotify:track:3dId6sYfXffnt2PYqv5avF,Get off My Back,Bark Like a Dog,Screeching Weasel,5be35bf564744df2a445fae855878c05,2023-08-05T22:36:14Z,"The sound is right and the lyrics are a very suitable message for your skateboarding competitors. I see someone has already submitted a song by this band, but I’m willing to take the risk here because this one IS BETTER for skateboarding. ",dd5d28f2a47b426684a6d360c1354100,Yes
spotify:track:3EpOGc38s8uciklDzg86V4,I Got Punched in the Nose for Sticking My Face in Other People's Business,Make Yourself Sick,Boys Night Out,bdd60b40c4ca4c78a0cbf518560cd06c,2023-08-05T13:30:11Z,It's not ska or nu-metal but this feels perfect for skating around to. And the few non-ska bands really round out those soundtracks. ,dd5d28f2a47b426684a6d360c1354100,Yes
spotify:track:4AbY0heQsaxr9t0jyeHCxM,let me drown,Love Me Forever,Pinkshift,5df547c9f7ed41278698daa1917fdd24,2023-08-05T14:01:05Z,,dd5d28f2a47b426684a6d360c1354100,No
spotify:track:4Lk86divN6elNG9ShrqSuZ,Outdoor Miner - 2006 Remastered Version,Chairs Missing (2006 Remastered Version),Wire,6042ea21f1044c4180e3673bcd4b435b,2023-08-06T01:06:34Z,I pray this isn’t on a tony Hawk soundtrack but I didn’t see it.. but it sounds like it would fit right in. Plus Wire is an all time under appreciated band imo.,dd5d28f2a47b426684a6d360c1354100,Yes
spotify:track:57GTTJ2gOEORc8KtT0Hfxo,2 Morro Morro Land,Hypermagic Mountain,Lightning Bolt,2ba87e2af1a24e13a9082becf806f540,2023-08-04T21:31:34Z,"It’d be a long shot for sure but the main riff on this song always made me picture bombing a huge hill on an out-of-control skateboard. Just wheels, concrete, and momentum. Now, whether you survived or not? That’s in the universe’s hands! ",dd5d28f2a47b426684a6d360c1354100,Yes
spotify:track:5e3YOg6fIkP0wD5TyxcHOH,Cult of Personality,Vivid (Expanded Edition),Living Colour,942db94f20df4bbf8653da742bb672bd,2023-08-04T19:05:44Z,"On the metal edge of things for THPS, but since Fu Manchu and the occasional nu metal band made it in I think there’s room for Living Colour. The hypnotic, swirling riff really fits the pace of the game as well. Also ties in with the throw back vibes that pop up in THPS soundtracks on occasion.",dd5d28f2a47b426684a6d360c1354100,Yes
spotify:track:5Qy9MMyffBWAios7mOPACp,Princes and Princesses,Nature Creates Freaks,Cay,e305e2cab85b4f929234bfdf98d6c6d0,2023-08-05T00:53:52Z,"If this doesn't push you to gleam the cube then I don't know what will. They were never anywhere near big enough to have made a THPS soundtrack, but they definitely deserve a lot more than 408 monthly listeners.",dd5d28f2a47b426684a6d360c1354100,Yes
spotify:track:00FCn42iKPCPZyH7URNV2d,"This Is How You Spell ""HAHAHA, We Destroyed The Hopes And Dreams Of A Generation Of Faux-Romantics""","Hold on Now, Youngster...",Los Campesinos!,58386a2a504f4fd08caed77112bedc82,2023-08-08T22:50:17Z,,a3d52659b8244a45909ad317fd559407,No
spotify:track:0o9iBlX1JOA3qebddiHll2,Look Down (Because The Ground Is Easier To Understand And Doesn't Take So Much WorkToFigureOutButI'dRatherNotKnowWhereI'mStandingAndHaveAnIdeaOfWhatLifeIsAllAbout),Algernon Cadwallader,Algernon Cadwallader,bdd60b40c4ca4c78a0cbf518560cd06c,2023-08-08T22:02:09Z,"I'm calling this song title pretentious because it's artificially complex. It is a deliberate effort to make this song seem more intricate than it actually is. It's so long maybe you think it's a clever literary reference or a quote from a great movie or something? Well, guess what! It's not! It's just long to try to impress you. (Great band though!)",a3d52659b8244a45909ad317fd559407,Yes
spotify:track:2GKCmLULLbGdjHr12Iq0Jr,"If We Can Land A Man On The Moon, Surely I Can Win Your Heart",When Your Heartstrings Break,Beulah,488c42f9d7e948a188f671fe126eb74a,2023-08-08T19:25:26Z,"Definitely not the longest title, but pretty pretentious. It took me so long to think of something that I really liked and had a long enough title that wasn't Sufjan.",a3d52659b8244a45909ad317fd559407,Yes
spotify:track:2XizvxDAomTbA3KOnOgGcc,"Let's Walk Across This Forest, I Can Feel Everything Being Real Again",Healing,In Love With a Ghost,fee7e973fd6f45d48299e77843f5cb17,2023-08-08T03:26:35Z,"Probably not as overly long as I'm convinced some of these other novels will be, but it has enough pretentiousness per capita to make up for it.",a3d52659b8244a45909ad317fd559407,Yes
spotify:track:2Y5Pf5F0KrcGeXIxzEolM4,Invading the World of the Guilty as a Spirit of Vengeance,Illusory Walls,The World Is A Beautiful Place & I Am No Longer Afraid To Die,2ba87e2af1a24e13a9082becf806f540,2023-08-08T15:58:10Z,I like how the band name makes it even longer ,a3d52659b8244a45909ad317fd559407,Yes
spotify:track:3lAQiEEzlH7DwWeHboDpnk,A Woman A Man Walked By / The Crow Knows Where All The Little Children Go,A Woman A Man Walked By,"PJ Harvey, John Parish",e305e2cab85b4f929234bfdf98d6c6d0,2023-08-08T11:36:42Z,,a3d52659b8244a45909ad317fd559407,No
spotify:track:3ni6qGsTnioh5vlpYdj9A5,Get Busy Living Or Get Busy Dying (Do Your Part To Save The Scene And Stop Going To Shows),From Under The Cork Tree Limited Tour Edition,Fall Out Boy,5df547c9f7ed41278698daa1917fdd24,2023-08-08T15:46:49Z,Sometimes I forget “Get Busy Living Or Get Busy Dying” is technically the *short* version of this title. Also apparently the 12th longest song title of all time as of some article I read a few years ago (but maybe new bands will make even longer ones to change that),a3d52659b8244a45909ad317fd559407,Yes
spotify:track:3Yv5J8T4nH0iIiIrL61857,It's So Much Darker When a Light Goes Out than It Would Have Been If It Had Never Shone,You Will Eventually Be Forgotten,empire! empire! (i was a lonely estate),942db94f20df4bbf8653da742bb672bd,2023-08-08T19:46:49Z,"Personally convinced that midwest emo is the most pretentious of all genres so I had to grab something from one of these bands. On top of the title being overly long, there's just something so self-important about using the word ""shone"" to end this title. I can't quite put my finger on it, but it just feels like whoever came up with this title felt like that word was really ""important.""",a3d52659b8244a45909ad317fd559407,Yes
spotify:track:4LyO99BhEMAyVGe4J5genE,"The Black Hawk War, Or, How to Demolish an Entire Civilization and Still Feel Good About Yourself In the Morning, Or, We Apologize for the Inconvenience But You're Going to Have to Leave Now, Or...",Illinois,Sufjan Stevens,1f8ca948510946fa8edffd20518859ea,2023-08-08T05:26:21Z,"Full title: ""The Black Hawk War, or, How to Demolish an Entire Civilization and Still Feel Good About Yourself in the Morning, or, We Apologize for the Inconvenience but You're Going to Have to Leave Now, or, 'I Have Fought the Big Knives and Will Continue to Fight Them Until They Are Off Our Lands​!'"" 

how many ""or""s can you legally put in a song? you're already at full pretentiousness with the first one IMO. this title needs to calm WAY down. ",a3d52659b8244a45909ad317fd559407,Yes
spotify:track:4snuV3YuvIySLyA2QaNY53,I'm Going to Stop Pretending That I Didn't Break Your Heart,Blinking Lights and Other Revelations,Eels,1dacffd0545140b2970d73e29fe6cf33,2023-08-08T14:14:43Z,"Good song, just not that heavy on subtext.",a3d52659b8244a45909ad317fd559407,Yes
spotify:track:5Xx7LotP8e0Pw0oFtspVtM,You Won't Meet a Girl Sat in Your Room Listening to Music (But Some Songs Can Still Give You Butterflies),James Is Going to Die Soon,Crywank,5be35bf564744df2a445fae855878c05,2023-08-08T18:52:49Z,Band name checks out,a3d52659b8244a45909ad317fd559407,Yes
spotify:track:0ESlDy1JwkPBPXpVtCyqEd,Attacked by Snakes!,The Fury of the Aquabats!,The Aquabats!,1f8ca948510946fa8edffd20518859ea,2023-08-11T20:02:59Z,"""as my life these snakes invade/snake invaders show their fangs/on the snake parade""

the aquabats remain goofy as hell but i do like the melody of this song! ",de42a106fb2e46caa8b5590095106016,Yes
spotify:track:0sjpphWUG3aWzOfThaNIOv,Suck A Caribou's Ass,Greatest Hits Volume 2,Wesley Willis,942db94f20df4bbf8653da742bb672bd,2023-08-11T17:44:56Z,,de42a106fb2e46caa8b5590095106016,No
spotify:track:17MyAvW0iR5W5L5QOTRyv6,Claws in Your Back,Turn Out the Lights,Julien Baker,5df547c9f7ed41278698daa1917fdd24,2023-08-13T02:14:45Z,"Claws count, right?",de42a106fb2e46caa8b5590095106016,Yes
spotify:track:2c1sDtmbDjEwVNaA42AFSt,My Dog's Eyes,Veryone,Zammuto,bdd60b40c4ca4c78a0cbf518560cd06c,2023-08-11T14:15:55Z,"I can't believe just browsing my ""liked"" songs worked for this.
Also note that I _didn't_ submit anything by These Arms Are Snakes because:
1. They are not snake arms, they arms ARE snakes.
2. That's a band name, not a song name.",de42a106fb2e46caa8b5590095106016,Yes
spotify:track:3NdTLPRrdcYuagVBN32sUh,Shake A Tail Feather,Ike & Tina Turner - The Complete Collection,Ike & Tina Turner,58386a2a504f4fd08caed77112bedc82,2023-08-11T22:16:18Z,,de42a106fb2e46caa8b5590095106016,No
spotify:track:4EkDqQ7EpCMCLAH3UUo1jE,Shake a Tail Feather,"The Scene Club - Club Soul, Vol. 1",The Five Du-Tones,2ba87e2af1a24e13a9082becf806f540,2023-08-11T19:19:18Z,"This was the first song to come to mind when I saw the prompt, and I’m sticking by it. There’s a specific quality to 60’s soul and r&b that I wish could be bottled and sold in vending machines. ",de42a106fb2e46caa8b5590095106016,Yes
spotify:track:4ziHCyCBFhjRlDL6etkLxw,Panda Eyes,The Joy Of Sing-Sing,Sing-Sing,e305e2cab85b4f929234bfdf98d6c6d0,2023-08-11T22:06:23Z,Excellent band formed by guitarist Emma Anderson after the break-up of shoegaze legends Lush.,de42a106fb2e46caa8b5590095106016,Yes
spotify:track:6GtX0jaNL8IjVQfrDBx81z,Bullet With Butterfly Wings - Remastered 2012,Mellon Collie And The Infinite Sadness (Deluxe Edition),The Smashing Pumpkins,5be35bf564744df2a445fae855878c05,2023-08-11T23:28:24Z,,de42a106fb2e46caa8b5590095106016,No
spotify:track:6WfDFErIzdaGA1NrKPZfZp,Mammal,Apollo 18,They Might Be Giants,1dacffd0545140b2970d73e29fe6cf33,2023-08-11T14:43:29Z,"A few tmbg songs worked for this round, but this seemed most appropriate ",de42a106fb2e46caa8b5590095106016,Yes
spotify:track:79oH2M0vWq9bRYpNTCrlHu,Needles In The Camel's Eye - 2004 Digital Remaster,Here Come The Warm Jets,Brian Eno,fee7e973fd6f45d48299e77843f5cb17,2023-08-13T00:59:41Z,"This was the most difficult round in terms of finding a song, I managed to trudge this one out of a ""Road to Punk Rock"" official spotify playlist I saved like 6 years ago",de42a106fb2e46caa8b5590095106016,Yes
spotify:track:0aR17nLCJvjcDop7RNQbaF,When Did My Hair Get So Long,Dullahan,Worthikids,fee7e973fd6f45d48299e77843f5cb17,2023-08-16T01:10:53Z,"""My mother, my sister, I try my best to mend you, but"" is what I hear in the beginning, and it setup a theme (in my head) of some familial trauma which would be a jumping off point for the song's theme of impermanence. Instead it's ""I'm not that persistent, I try my best and then give up"", which isn't any catalytic event and is more of the same stuff already littered throughout the song.

It's still a jam, though.",6171e7c4d33f4562ac46e13f5d05ee7d,Yes
spotify:track:0Dw9z44gXhplDh5HCWZIxP,You Oughta Know,Jagged Little Pill,Alanis Morissette,5be35bf564744df2a445fae855878c05,2023-08-15T01:20:43Z,"The common “cross-eyed bear” mishearing in the chorus is for amateurs. Instead: “it’s not fair/to the night air/all across Siber’ that you gave to me.” This is superior to the original.  1. “Air” rhymes with “fair.” “Me” absolutely does not. 2. Siber’, of course, is a nickname for Siberia, which is known to have very cold night air. And day air, probably. 3. “Night air all across Siber’” is brutal and expansive and bleak. Not something very nice to give to someone! I was 11 but it all holds up. ",6171e7c4d33f4562ac46e13f5d05ee7d,Yes
spotify:track:1blICmgnN2WxGjsdo0NQAa,Sitting in My Room - 2002 Remaster,Pleasant Dreams (Expanded 2005 Remaster),Ramones,2ba87e2af1a24e13a9082becf806f540,2023-08-15T17:32:04Z,"Always sang “it’s so circumspect” instead of “it’s us against them” and marveled at how a “dumb” band like the Ramones would use a big SAT word like that. Anyway, turns out the only dummy here is me! ",6171e7c4d33f4562ac46e13f5d05ee7d,Yes
spotify:track:3ZhMxNCJcoYBj2wrO4VU3l,Tommy Gun - Remastered,Give 'Em Enough Rope (Remastered),The Clash,1dacffd0545140b2970d73e29fe6cf33,2023-08-15T17:50:10Z,"I love this song, and for years have sung it basically like this:
""Tommy guuuuuun!
*two measures of improvised cockney gibberish*""",6171e7c4d33f4562ac46e13f5d05ee7d,Yes
spotify:track:44GeTdr7MktZDqNUkLaj5h,A Dream of You and Me,Singles,Future Islands,58386a2a504f4fd08caed77112bedc82,2023-08-15T02:23:59Z,"There's a line where he sings ""If you wait for the morning"" which I thought was ""wait for the money"". I took this as a message about making art for the art and not for the money as in you'll never get anywhere if you're just waiting for the money to arrive. Anyway I took it as inspiration to create for the fun of it and still love the song but I keep my lyrics",6171e7c4d33f4562ac46e13f5d05ee7d,Yes
spotify:track:4Gmdm6oRVwJgsM8gYnwRoE,Tenth Avenue Freeze-Out,Born To Run,Bruce Springsteen,488c42f9d7e948a188f671fe126eb74a,2023-08-15T23:44:45Z,"Couldn't really think of a good example, but I guess I always think he's saying ""running by the bayside"" rather than ""running on the bad side."" Sure, the real words make way more sense, but I like mine better in terms of pure imagery.",6171e7c4d33f4562ac46e13f5d05ee7d,Yes
spotify:track:4pbG9SUmWIvsROVLF0zF9s,I Want To Hold Your Hand - Remastered 2015,1 (Remastered),The Beatles,1f8ca948510946fa8edffd20518859ea,2023-08-15T19:55:01Z,"""and when i touch you i feel happy inside/ it's such a feeling that my love/i can't hide""

these are the real lyrics but i thought for years that the words were ""i get high"" not ""i can't hide."" i maintain that ""i get high"" makes more sense to say after ""it's such a feeling that..."" also please note my mom also thought the lyric was ""i get high.""

",6171e7c4d33f4562ac46e13f5d05ee7d,Yes
spotify:track:5mkGfmJGFZpwK9nA5amOhv,Sex & Candy,Marcy Playground,Marcy Playground,942db94f20df4bbf8653da742bb672bd,2023-08-15T09:01:29Z,"Stealing this one from my partner who thought the line was “deep feel stares,” not devious ones. Which I love thinking the song is about a weird sense of intimacy.",6171e7c4d33f4562ac46e13f5d05ee7d,Yes
spotify:track:5SAUIWdZ04OxYfJFDchC7S,Smoke on the Water,Machine Head,Deep Purple,bdd60b40c4ca4c78a0cbf518560cd06c,2023-08-15T01:50:27Z,"For years when we were kids, my dad always used to sing ""snow-covered water"" when this came on.

At some point when I was a teenager, my mom finally had to pull me aside and tell me, ""it's actually 'smoke on the water,' but your father just likes his version better.""

To this day, I still have to check myself. It's hard to remember which is right, but ""snow-covered water"" feels right.",6171e7c4d33f4562ac46e13f5d05ee7d,Yes
spotify:track:6cu0DiairWxhGUujhhcorj,Nude As the News,What Would the Community Think,Cat Power,e305e2cab85b4f929234bfdf98d6c6d0,2023-08-15T00:39:42Z,"For many many years I assumed that in the last 40 seconds of this song Chan just starts kind of scat-singing some nonsense words - something along the lines of ""doo-dat-un-doo"". I was absolutely fine with this meaningless mondegreen, and slightly disappointed to learn that she is actually singing some lyrics. (And admittedly disappointed in myself for not realizing that said lyrics are THE TITLE OF THE FUCKING SONG).",6171e7c4d33f4562ac46e13f5d05ee7d,Yes
spotify:track:01VhYbUIdJABCY4Ceupxbn,Fire Back About Your New Baby's Sex,American Don,Don Caballero,942db94f20df4bbf8653da742bb672bd,2023-08-18T06:48:37Z,"Started getting into math rock around this time and this album specifically opened so many doors for me. One of the best album openers ever, although the rambling improv piece afterwards is 100% filler",d7b1bee8ece54032975e558fa37cd755,Yes
spotify:track:0WQiDwKJclirSYG9v5tayI,There Is a Light That Never Goes Out - 2011 Remaster,The Queen Is Dead,The Smiths,5be35bf564744df2a445fae855878c05,2023-08-18T19:31:12Z,"Age 17-18 was when I started going to shows a lot to escape other things going on, and this song has always  been special. I’ll always love it but, for obvious Morrissey reasons, am glad I never got the planned tattoo with the lyrics",d7b1bee8ece54032975e558fa37cd755,Yes
spotify:track:1dbwfBgeP40sX2C8alx5oW,Doncamatic (feat. Daley),The Singles Collection 2001-2011,"Gorillaz, Daley",fee7e973fd6f45d48299e77843f5cb17,2023-08-19T02:15:28Z,"I checked this CD out from the library when I was in high school and forgot about it, ended up with like $30 in overdue fees. 

I'll happily pay the fee, support your local library, but still. God damn racket.",d7b1bee8ece54032975e558fa37cd755,Yes
spotify:track:1j4ziwbgIjcjmGTxaEnsNx,Special,Version 2.0 (20th Anniversary Deluxe Edition) [Remastered],Garbage,58386a2a504f4fd08caed77112bedc82,2023-08-17T22:20:16Z,This whole album remains a banger. ,d7b1bee8ece54032975e558fa37cd755,Yes
spotify:track:4QYg0pee8jcGTHC3Uh2Vii,One Armed Scissor,Relationship Of Command,At the Drive-In,bdd60b40c4ca4c78a0cbf518560cd06c,2023-08-18T01:57:22Z,"This is based on real data, I'll have you know!

I logged into Last.fm (which is still around) and went back to my top tracks from 17 years ago. Turns out, my taste in music hasn't changed much at all. So, I picked one of those top tracks from that year, a song by a band I know I would have called a favorite at the time. 

And guess what? This song still slaps!",d7b1bee8ece54032975e558fa37cd755,Yes
spotify:track:5eoImfMWE1LJWcl8SsMGtN,Black Mission Goggles,Six Demon Bag,Man Man,2ba87e2af1a24e13a9082becf806f540,2023-08-18T20:02:20Z,"The band I was in in high school opened for Man Man when they came to town and I flipped for their punk-Beefheart sound. Haven’t really kept up with them past this album, but I still regularly play a few choice tracks off their first 2! This one especially gets me amped…I mean, how about that explosion, eh??!",d7b1bee8ece54032975e558fa37cd755,Yes
spotify:track:5p6u1TI8s1FLZ4KnifxrOF,Anchorless,Fallow,The Weakerthans,1dacffd0545140b2970d73e29fe6cf33,2023-08-17T22:25:27Z,"My other song was ""boxcar"" by jawbreaker but I think I already used that for a different round",d7b1bee8ece54032975e558fa37cd755,Yes
spotify:track:6A7X3YmIAVSLoQR6CYOUmr,Homesick,Love Is Dead And We Killed Her,Doll Skin,5df547c9f7ed41278698daa1917fdd24,2023-08-19T01:01:31Z,,d7b1bee8ece54032975e558fa37cd755,No
spotify:track:6DqfGofHKoLSAVgEZt1eF6,Stutter,Elastica,Elastica,e305e2cab85b4f929234bfdf98d6c6d0,2023-08-18T00:00:08Z,"I'm not suggesting I was cool at 18, it's just that they were very popular at the time",d7b1bee8ece54032975e558fa37cd755,Yes
spotify:track:6ebxt3Iylxe0GcEuUGlIvb,Dreaming of You,The Coral,The Coral,1f8ca948510946fa8edffd20518859ea,2023-08-18T17:15:44Z,"my high school boyfriend (who i met on AOL instant messenger) introduced me to this band. as a teen i found the ""up in my lonely room"" lyric very relatable OBVIOUSLY. this song is a jam, i still find it so catchy and i play it often.",d7b1bee8ece54032975e558fa37cd755,Yes
spotify:track:6RDZlgaytqZCYBnnIVkxXi,Her Lazer Light Eyes,Electric Heart Strike,Nullsleep,488c42f9d7e948a188f671fe126eb74a,2023-08-18T23:29:30Z,I got real into 8-bit in high school. I can still listen to this one.,d7b1bee8ece54032975e558fa37cd755,Yes
spotify:track:0n7329GbRCB8WcWW6U2waQ,Voices To Be Heard,Sunset At the End of the Industrial Age,The Usaisamonster,2ba87e2af1a24e13a9082becf806f540,2023-08-22T06:19:13Z,Only 196 monthly listeners with monumental riffs like these! Where’s the justice?,1bf806ef69c54976be748fa130de1144,Yes
spotify:track:0QLsn84F4V65itN6u5f1Nr,Pick It Up,Dinosaurs On Mars!,Dinosaurs On Mars!,fee7e973fd6f45d48299e77843f5cb17,2023-08-22T02:48:45Z,"I knew I wanted to do this band, but it was a toss-up between this song and ""Space Aliens Stole My Face"". I'll give you three guesses what ""Space Aliens Stole My Face"" is about.

Anyway, first heard these guys like 8 years ago on Pandora. It's a fun album, I'd recommend ""I've Got A Bad Feeling"" and maybe ""A-Game"" as well.",1bf806ef69c54976be748fa130de1144,Yes
spotify:track:0Wt0HWjb8RKlRlN37zggPV,Woah!,"All Things, Forests",Palomar,e305e2cab85b4f929234bfdf98d6c6d0,2023-08-22T02:46:04Z,265 monthly listeners,1bf806ef69c54976be748fa130de1144,Yes
spotify:track:1PQlNd7Z3c7oDmrfxgKaGS,Hellos,Ain't Comin' Down,Geometrist,488c42f9d7e948a188f671fe126eb74a,2023-08-24T00:28:10Z,"I couldn't really find anything, so I decided to submit a song from a band my buddy was in. He wanted me to submit a different song because he thinks this one is, ""car commercial bait,"" which I think should be a future round.",1bf806ef69c54976be748fa130de1144,Yes
spotify:track:2Hh6lzsAEBTmobukS04jNO,Little by Little,Pattern Is Movement,Pattern Is Movement,942db94f20df4bbf8653da742bb672bd,2023-08-22T07:40:07Z,271 listeners. Really miss this band a lot.,1bf806ef69c54976be748fa130de1144,Yes
spotify:track:3YLF9Ieyhq6rJrIqRdIYXa,Mummy Beach,Lavalogy,Hot Lava,1f8ca948510946fa8edffd20518859ea,2023-08-22T05:48:07Z,224 monthly listeners on spotify. i discovered this band on reddit. very light/fun indie pop vibes. i like the silly retro vibes of this song. ,1bf806ef69c54976be748fa130de1144,Yes
spotify:track:55GhOAvhvdzpNBAVpFWTqt,Culture Shock Treatment,Culture Shock Treatment,Round Eye,1dacffd0545140b2970d73e29fe6cf33,2023-08-22T14:03:18Z,,1bf806ef69c54976be748fa130de1144,No
spotify:track:59XPQOxmWGiutfjpWoSAcO,None,Pratley,Pratley,58386a2a504f4fd08caed77112bedc82,2023-08-23T23:59:40Z,88 monthly listeners. At least they'll get a boost from this round ,1bf806ef69c54976be748fa130de1144,Yes
spotify:track:65GWKPWEIRkoQVrtYQ2AY3,Canopy,Unravel,Killed by Kiwis,5be35bf564744df2a445fae855878c05,2023-08-22T21:37:25Z,369 monthly listeners. I dig their sound and the lead singer’s powerful voice ,1bf806ef69c54976be748fa130de1144,Yes
spotify:track:6BcdayximinSgiFW0mQZPo,Hibernating,Heartwood,Amanda Rogers,bdd60b40c4ca4c78a0cbf518560cd06c,2023-08-22T03:59:00Z,"I wish I could remember where I found this album. I think a friend gave it to me like 10 years ago. Totally forgot about it and came back to it recently.

319 monthly listeners",1bf806ef69c54976be748fa130de1144,Yes
