Spotify URI,Title,Album,Artist(s),Submitter ID,Created,Comment,Round ID,Visible To Voters
spotify:track:0Qf280hQZTsB5qQVX7T0bl,Put Your Hand Inside the Puppet Head,They Might Be Giants,They Might Be Giants,f0210a760ed4406e838b0b2e03fc2a7e,2025-09-17T21:20:17Z,I think this could really work on a dark level. Very upbeat. Very odd.,0a9dac759c584cc4810c6697db05d118,Yes
spotify:track:0ZfZaT7NByalxa6bct5G67,(Keep Feeling) Fascination - Remastered,The Very Best Of The Human League,The Human League,8488014f1ae545f5b57a9e641f9b1ace,2025-09-16T13:11:38Z,"Quentin Tarantino and John Woo have agreed to join forces on a John Wick prequel.

This scene is the first time young Wick goes to battle. At first, he is nervous, and awkward. A hardcore jungle beat plays in the background. He is gifted, but unsure. Then a bullet whizzes by his ear, and at the same time, the largest man in the room backhands him in the temple. It stings, but he almost chuckles.

We hear his heartbeat slow down. He is awake now. This song kicks in, as Wick kicks heads. When all is said and done, there are too many corpses to count. But they were all worthy kills. Wick is fascinated by this new life of his. The sun sets, and we fade to black as the song fades out ",0a9dac759c584cc4810c6697db05d118,Yes
spotify:track:1g1NBeyibyCJMgSfsjuyfS,Tiger Kit,Bitter Rivals,Sleigh Bells,e305e2cab85b4f929234bfdf98d6c6d0,2025-09-17T22:25:19Z,"i feel like a sword is involved somehow, and limbs are flyin'",0a9dac759c584cc4810c6697db05d118,Yes
spotify:track:31wbrGVQNygonRurnDrNF0,Bikes & Bonfires,Split Peas,Local News Legend,d16b02d16f77415da273094af63d462e,2025-09-17T04:46:02Z,,0a9dac759c584cc4810c6697db05d118,Yes
spotify:track:47gmoUrZV3w20JAnQOZMcO,Blue Suede Shoes,Elvis Presley,Elvis Presley,58386a2a504f4fd08caed77112bedc82,2025-09-17T23:12:56Z,Just the soundtrack to someone getting absolutely ended with a ball-peen hammer,0a9dac759c584cc4810c6697db05d118,Yes
spotify:track:500h8jAdr7LvzzXlm1qxtK,Magic,From The Album Of The Same Name,Pilot,5be35bf564744df2a445fae855878c05,2025-09-17T14:15:48Z,"I know it’s slightly ruined now as “the Ozempic song,” but hear me out. The beat is already slightly stretched out for a slo-mo scene, the lyrics are repetitive, deceptively bright, and yet vague enough to become unhinged but borderline darkly funny in the context of a murder scene. The instrumental break near the end would be perfect for when the victim becomes like really dead from the final blows. ",0a9dac759c584cc4810c6697db05d118,Yes
spotify:track:5l5qXM8M1BRBy9m8jZSe2t,Rattled by the Rush,Wowee Zowee,Pavement,2ec875e45c3449718c71af2281043ff5,2025-09-17T03:43:56Z,Good for a murder scene followed by a car chase scene,0a9dac759c584cc4810c6697db05d118,Yes
spotify:track:5le4sn0iMcnKU56bdmNzso,Everybody Loves The Sunshine,Everybody Loves The Sunshine (Reissue),Roy Ayers Ubiquity,9885fc6ccffc4dd198f2ba810d533ea6,2025-09-16T20:36:20Z,"Upbeat, but mellow and jarring enough to be a contrasting mood to be played over a slow motion murder scene. ",0a9dac759c584cc4810c6697db05d118,Yes
spotify:track:5qOAIBSLC62Fq5QsTz7f73,Stuck (Album Version),When My Heart Felt Volcanic,The Aces,bdd60b40c4ca4c78a0cbf518560cd06c,2025-09-17T18:06:47Z,I'm stuck with nowhere to go... so I have to murder you,0a9dac759c584cc4810c6697db05d118,Yes
spotify:track:6Jub05dvpbF4Im83NqMCUg,United States Of Whatever,Fake Songs,Liam Lynch,fd4c3b50daf548ffa16be6f215d5b883,2025-09-16T11:31:48Z,"Okay so our hero has infiltrated a fascist meeting and this song plays over a slow motion scene while they Kingsman-style kill all the fascists in ludicrously violent ways. Swinging a bat with a nail round straight into a skinhead's skull, knuckle duster punching someone's jaw off, slamming someone's face into the studs of their own leather jacket. You get the jist... yeah, whatever!",0a9dac759c584cc4810c6697db05d118,Yes
spotify:track:7jKc7fA6asnMoc8BS7ebj2,A Chicken With Its Head Cut Off,69 Love Songs,The Magnetic Fields,1dacffd0545140b2970d73e29fe6cf33,2025-09-17T13:00:53Z,Just a love song about love songs that gets darker when played over slow motion decapitation ,0a9dac759c584cc4810c6697db05d118,Yes
spotify:track:02ZY4dgPFzQavztbAF5PvJ,Heir to Woe,Fever Dream,Holy Locust,d16b02d16f77415da273094af63d462e,2025-09-24T05:42:34Z,"A really giant string section. I saw them live with my sister a few years back, and I always think about her going to the bar to get drinks while they were setting up, coming back, and going ""oh my God, they're still bringing out more instruments?""",0e7e635ae7c44d8ab6e6f712f5827e52,Yes
spotify:track:0OyMvNyDehsDD5fIIoQAol,Let It Grow,Groovy Neighborhood,Pianosaurus,9885fc6ccffc4dd198f2ba810d533ea6,2025-09-22T21:06:53Z,"In the late 80's, long before it became a Jimmy Fallon bit, Pianosaurus recorded an entire album using toy instruments and it kind of rules. ",0e7e635ae7c44d8ab6e6f712f5827e52,Yes
spotify:track:0Qty2GKY7Ce1eIsR44QEnu,Nights of the Living Dead,Wild Like Children,Tilly And The Wall,5be35bf564744df2a445fae855878c05,2025-09-24T23:56:31Z,why have a drummer when you can have a tap dancer providing your band’s percussion instead? ,0e7e635ae7c44d8ab6e6f712f5827e52,Yes
spotify:track:0uG7lyHUQudj9lz0SDtMKT,Chivalry,Fear and Whiskey,Mekons,1dacffd0545140b2970d73e29fe6cf33,2025-09-24T18:45:33Z,Been listening to mekons a lot lately. Weirdo band /kinda commune where all instruments are welcome onstage. Though they do have constant violin and cello members,0e7e635ae7c44d8ab6e6f712f5827e52,Yes
spotify:track:16GF5HUow99fT4I7rNdNAk,Semicircle Song,SEMICIRCLE,The Go! Team,e305e2cab85b4f929234bfdf98d6c6d0,2025-09-24T23:10:35Z,"Starts off with drums, bass, vocals & misc brass (trumpets, tubas etc), then a glockenspiel comes in at 0.30, handclaps at 0.53, steel drums at 1.43, and if the live videos are to be believed, a whole second drumkit is introduced around 2.57. 
(Having 2 drummers in a band is cool, although you have to watch out for them forming their own inter-band union and asking for basic rights and stuff). ",0e7e635ae7c44d8ab6e6f712f5827e52,Yes
spotify:track:1MdbDBwEEecnlLiyWChJFh,You & Me,You & Me,MEUTE,fd4c3b50daf548ffa16be6f215d5b883,2025-09-22T20:38:25Z,11 piece techno marching band from Hamburg. These guys are so so much fun live. Absolutely incredible ensemble of musicians ,0e7e635ae7c44d8ab6e6f712f5827e52,Yes
spotify:track:1Q0ngcqxEr5GpDGfh5VAvZ,The Lumberjack,Jackyl,Jackyl,f0210a760ed4406e838b0b2e03fc2a7e,2025-09-25T02:52:57Z,"Jackal has maybe one or two good songs I can admit. But neither are this song. This is perhaps the dumbest song ever. But credit must be given to incorporating a chainsaw into a hard rock blues song. 

Still. So very fucking stupid. These guys are MAGA nuts for sure.",0e7e635ae7c44d8ab6e6f712f5827e52,Yes
spotify:track:1yupbrI7ROhigIHpQBevPh,Chicago,Illinois,Sufjan Stevens,8488014f1ae545f5b57a9e641f9b1ace,2025-09-23T05:10:53Z,"First of all, this song deserves props for rarely ever leaving my rotation despite countless listens. But yeah, it features so many instruments:

violin
cello
drums
trumpet
wurlitzer electric piano
bass guitar
vibraphone
piano
sleigh bells
tambourine
shaker",0e7e635ae7c44d8ab6e6f712f5827e52,Yes
spotify:track:2AjIawYBVjqrA885ypZ1n9,Robbing Banks (Doin' Time),100%,The Slew,2ec875e45c3449718c71af2281043ff5,2025-09-24T15:55:10Z,"The Slew is a supergroup made of the mightiest turntable dudes. Headed by Kid Koala each member does have a role that fits with a traditional band (bass, drums, etc) but they’re playing everything from a turntable. They are a band who play live and have toured.",0e7e635ae7c44d8ab6e6f712f5827e52,Yes
spotify:track:2oDKxDxwEx88yeETKvTIms,I'm Afraid of Who's Afraid of Virgina Wolf,"Like the Exorcist, but More Breakdancing",Murder By Death,bdd60b40c4ca4c78a0cbf518560cd06c,2025-09-23T22:22:42Z,"How about cello, keys and electronic drums?",0e7e635ae7c44d8ab6e6f712f5827e52,Yes
spotify:track:4RHBUmJzDqT7vQzLyDGNkH,I Am A Little Explosion,Gizmodgery,Self,375890ae19ed48e6a2255b2692d6b3d8,2025-09-25T02:48:58Z,My return to the league being a classic “played this with a bunch of children’s toys” but here we are ,0e7e635ae7c44d8ab6e6f712f5827e52,No
spotify:track:6pmDHODsAiR8PZtlJZnJmC,Nature Boy,Abattoir Blues / The Lyre of Orpheus,Nick Cave & The Bad Seeds,58386a2a504f4fd08caed77112bedc82,2025-09-25T02:15:30Z,"Alongside the usuals, Warren Ellis plays the violin, piano, accordion, bouzouki, guitar, flute, mandolin, and viola. This track has some bouzouki in it ",0e7e635ae7c44d8ab6e6f712f5827e52,Yes
spotify:track:0aa5ab14xrlJm3GEmwDdtc,Fuck Time,¡DOS!,Green Day,fd4c3b50daf548ffa16be6f215d5b883,2025-09-30T13:05:30Z,"As someone who adored Green Day growing up and still had high hopes even after 21st Century Breakdown, I was pretty excited about the thought of a triple album release in 2012. Unfortunately, all 3 albums (¡Uno!, ¡Dos!, ¡Tré!) were absolute dogshit. As has been pretty much everything they released between then and last year's Saviors which has been a surprising palette cleanser. No middle-aged men should be writing and releasing songs like this, unless they mean it sincerely as a joke a la Flight of the Concorde's 'Business Time' (which is arguably a million times better than this song)",900b619e920e4e0bbbe78575966382c2,Yes
spotify:track:0NH8wNkvyxJpiNdT1qQrl1,touched,loveless,my bloody valentine,e305e2cab85b4f929234bfdf98d6c6d0,2025-10-02T00:25:54Z,"Does anyone know Bill Hader's impression of a dying tauntaun from Star Wars? *

Well, the drummer from My Bloody Valentine time-travelled two decades into the future to sample it and add it to this 1991 song that he wrote and produced for this otherwise perfect album. 

(To paraphrase a classic HT headline from our very own James Knapp, we can assume that the rest of the band let him do this on the understanding that it counted as both his birthday and Christmas presents). 

It's short, but not throwaway - real dedication has gone into crafting this awful blend of dying tauntaun, timpani and synthetic-yet-somehow-slightly-sharp strings, which, terrifyingly, he described as ""the story of a sexual encounter"".

* If you're curious, here is Bill's impression - https://youtu.be/DfiP915CfiM?si=VLTp5VoDYwGnPxgE&t=56",900b619e920e4e0bbbe78575966382c2,Yes
spotify:track:0x6VBqyMpg9wVYh1e4slMh,Wiggle Wiggle,Under The Red Sky,Bob Dylan,9885fc6ccffc4dd198f2ba810d533ea6,2025-10-02T02:12:18Z,"I’m one of those folks that has more appreciation for Dylan’s 80’s/early 90’s run than most. That being said, even for a mid era, ‘Wiggle Wiggle’ is confounding in its badness. 

Imagine you know nothing about Bob Dylan, then someone tells you he won the Nobel Prize for Literature and then puts this song on. Just maddening.

I will say though ‘wiggle ‘til you vomit fire’ is a pretty sick line out of context.",900b619e920e4e0bbbe78575966382c2,Yes
spotify:track:1PVY59Mj7LT7f7Y3pku0WY,Enjoy Your Day,Goddamnit!,Alkaline Trio,1dacffd0545140b2970d73e29fe6cf33,2025-09-30T13:00:22Z,"For me, this song is the only thing stopping goddammit from being a perfect album. Even when I was a young, whiney emo kid I fucking hated this song",900b619e920e4e0bbbe78575966382c2,Yes
spotify:track:2pl1aMLPcte0dHWHSJ1mr0,The Dreaming,The Dreaming,Kate Bush,58386a2a504f4fd08caed77112bedc82,2025-10-01T03:46:53Z,Fuck. I love Kate Bush but this song in a rough Australian accent really sucks.,900b619e920e4e0bbbe78575966382c2,Yes
spotify:track:40eMog6sMpHs3TA26pRaaq,In Heaven,You've Come A Long Way Baby,Fatboy Slim,375890ae19ed48e6a2255b2692d6b3d8,2025-10-02T02:15:18Z,"It’s just not in-line with the rest of his work, is too self masturbatory, and I’m sure there’s some logic behind it but it’s chaotic and unmelodic",900b619e920e4e0bbbe78575966382c2,Yes
spotify:track:4no1bVGLUhgFEOQY3gb8lv,Donald Trump,Donald Trump,Mac Miller,bdd60b40c4ca4c78a0cbf518560cd06c,2025-09-30T17:23:20Z,"I love Mac but... oh man, I can't listen to this anymore. Catchy but just have to skip over this one lyric. Obviously, he made a lot of dumb songs as a kid but this might be the peak of stupid teenager lyrics and... you know... that chorus, eek.",900b619e920e4e0bbbe78575966382c2,Yes
spotify:track:4sxVoAf7uvxCSgTCRNDohP,Please Do Not Go,Violent Femmes,Violent Femmes,d16b02d16f77415da273094af63d462e,2025-10-01T03:16:28Z,Violent Femmes self titled is a borderline masterpiece interrupted by a song that I could not even listen to in full before putting it here. A lot of positive things have been said –rightly - about how they managed to come early to a lot of trends that would develop in the 90s. I just think it's really unfortunate that one of those trends was white kids doing bad reggae and edging into racist accent impressions.,900b619e920e4e0bbbe78575966382c2,Yes
spotify:track:5lta8QT673oM7dvMdwuOSc,King Of The Road,Dead Letter Office,R.E.M.,f0210a760ed4406e838b0b2e03fc2a7e,2025-09-29T18:13:52Z,"I guess a band drunkenly stumbling through a song is fun. But for like, one time.

This is just dumb. I don’t love the original that much either. But man, don’t put this on a fucking b-side compilation album! Bury that shit!

Amusing to hear Mike Mills yell out the chords.",900b619e920e4e0bbbe78575966382c2,Yes
spotify:track:5qHYXcVvc9xsFB2uH7GpMN,Kokomo,The Very Best Of The Beach Boys: Sounds Of Summer,The Beach Boys,2ec875e45c3449718c71af2281043ff5,2025-10-01T03:14:56Z,"When I was a child I loved this song, as featured in Full House. I’m sorry.",900b619e920e4e0bbbe78575966382c2,Yes
spotify:track:68uuz61IqrSJjO6ffO3yHc,Secret Garden,Greatest Hits,Bruce Springsteen,5be35bf564744df2a445fae855878c05,2025-10-01T23:16:38Z,"One of the most boring, tepid songs ever created. It doesn’t go anywhere melodically or lyrically, never really resolves, and feels like it’s 28 minutes long. The lite pop saxophone thing near the end does not help. Love Springsteen, hated this even as a kid every time it came on the radio.",900b619e920e4e0bbbe78575966382c2,Yes
spotify:track:7D3Q7QFN6aUuIMewijFtjl,Who Killed It?,Hip Hop Is Dead (Expanded Edition),Nas,8488014f1ae545f5b57a9e641f9b1ace,2025-10-01T16:19:48Z,"On paper, the idea of rapping while using an old-timey gangster voice ala James Cagney or Edward G. Robinson sounds like an interesting, and potentially hilarious premise, but maybe not a whole song...?

It might have worked better if he rapped as a crew of different guys, and that guy was just one character, but man, hearing multiple verses and choruses of it is rough. (Not to mention Nas is no Frank Caliendo, so sometimes it's working OK, then he'll say something really weird, or annoying, and it goes straight back to what the hell were you thinking-ville.

He seems to almost lose the voice a couple times, too, but I will say, there are times when it's mildly amusing, and somewhat whimsical, but overall it just kinda came out sounding weird, and a bit out of place, see?! ",900b619e920e4e0bbbe78575966382c2,Yes
spotify:track:0j5FJJOmmnXPd0XajFWkMF,Unfinished Sympathy - 2012 Mix/Master,Blue Lines (2012 Mix/Master),"Massive Attack, Shara Nelson",58386a2a504f4fd08caed77112bedc82,2025-10-07T23:08:20Z,Massive Attack sounds like a big aggressive rock band and not a trip hop group,522b13ba04ec4642aecfa1348d277da0,Yes
spotify:track:0no6dJl9o1dLUmA6q2UsiY,No Need for a Leader,II (10 Year Anniversary Edition),Unknown Mortal Orchestra,2ec875e45c3449718c71af2281043ff5,2025-10-08T01:29:04Z,When I mention this band a lot of people seem to think it’s an actual orchestra ,522b13ba04ec4642aecfa1348d277da0,Yes
spotify:track:14Xp70u5gSdGhr1sSru0cA,March,March,Skullcrusher,5be35bf564744df2a445fae855878c05,2025-10-06T20:43:43Z,"“Skullcrusher? That’s got to be some dudes playing the most aggressive metal songs you’ve ever heard, right?”",522b13ba04ec4642aecfa1348d277da0,Yes
spotify:track:2FUbcMABnIHuW7NmAhCKDA,8 Dollars,Night Gaunts / Days N Daze Split,Night Gaunts,d16b02d16f77415da273094af63d462e,2025-10-08T09:39:40Z,"For anyone unfamiliar, night gaunts are a monster from the works of H.P. Lovecraft. They're warped-looking humanoids with leathery skin and bat-like wings. I could easily see it as a name for an act in like industrial, metal, or anything explicitly horror themed. I could see it being a pretty cool horror folk act honestly.

But no, they're a goofy eclectic ska(-punk) band. And they're from New Zealand, which means even if they were doing scary songs the accent would undercut it.",522b13ba04ec4642aecfa1348d277da0,Yes
spotify:track:2h0O3uXZW6ClktlgHWGpjy,Acolyte,Birdie,"Slaughter Beach, Dog",9885fc6ccffc4dd198f2ba810d533ea6,2025-10-06T23:00:08Z,"This band name sounds like it could be metalcore, surf rock, or pop punk. Instead it’s folksy indie that flirts with Americana and thoughtful lyricism.",522b13ba04ec4642aecfa1348d277da0,Yes
spotify:track:2ihCaVdNZmnHZWt0fvAM7B,Little Talks,My Head Is An Animal,Of Monsters and Men,fd4c3b50daf548ffa16be6f215d5b883,2025-10-07T22:27:25Z,"These guys stole a perfect death metal band name and used it for their weedy indie pop band... Of Monsters and Men practically begs to be displayed in an illegible black scrawled font. Instead, it is doomed to be associated with the possible origins of ""singing in cursive""",522b13ba04ec4642aecfa1348d277da0,Yes
spotify:track:2uO57D5iy4YJ9eMcbnlY8y,Another Morning Stoner,Source Tags & Codes,...And You Will Know Us by the Trail of Dead,bdd60b40c4ca4c78a0cbf518560cd06c,2025-10-06T20:32:59Z,"They're not a doom metal band, or a death metal band, or a metalcore band, or a grindcore band. Not even stoner doom.

They're... alt-rocky, art-rocky, prog-rocky.

I expected something completely different the first time I heard them, especially after seeing that album cover.",522b13ba04ec4642aecfa1348d277da0,Yes
spotify:track:32xXojNvbRTQ9qfb3mWR69,Candy Everybody Wants,Our Time in Eden,"10,000 Maniacs",8488014f1ae545f5b57a9e641f9b1ace,2025-10-07T02:51:36Z,"Not exactly the first thing I think of when I hear the name 10,000 Maniacs. Especially on their more upbeat songs like this one.

But I guess they're fans of misderectives, because this bubbly number is about the media feeding people shit. ",522b13ba04ec4642aecfa1348d277da0,Yes
spotify:track:3pT5vtG177l2jrxpPy76jB,Dramatic,Awakening:Sleeping,MASS OF THE FERMENTING DREGS,e305e2cab85b4f929234bfdf98d6c6d0,2025-10-08T01:11:01Z,"Just some nice sunny Japanese dream pop, and definitely not the sludge metal promised by the band name",522b13ba04ec4642aecfa1348d277da0,Yes
spotify:track:3Zg3CUlhF033CIndULylsj,Talkin' Like You (Two Tall Mountains),"How Sad, How Lovely",Connie Converse,1dacffd0545140b2970d73e29fe6cf33,2025-10-07T22:41:57Z,Connie converse sounds like a proto riot grrrl act,522b13ba04ec4642aecfa1348d277da0,Yes
spotify:track:57alg3giwMZtJ1Xna8YACx,Hot And Bothered,Still Climbing,"Cinderella, Duane Baron, John Purdell",f0210a760ed4406e838b0b2e03fc2a7e,2025-10-08T03:18:02Z,"I mean, the band is named after a fairytale for chrissakes! But they’re a glam metal outfit! This should be a group of princesses and they play chamber music.

I also picked this song bc it was on the Wayne’s World soundtrack and it actually kinda rules.",522b13ba04ec4642aecfa1348d277da0,Yes
spotify:track:0BuHt4GZ9uqDtPxUsYfEsy,Mother Teresa,Mother Teresa,Barns Courtney,f0210a760ed4406e838b0b2e03fc2a7e,2025-10-15T21:39:02Z,"I like this guy’s voice. It’s getting a little more anthemic and harder as he gets on, but hey, that’s what the ppl like?",5eaa0409ea0448238f7b814cba6057be,Yes
spotify:track:1KpAjuTO2M9eYnaGz6uoTc,Straight Line Was A Lie,Straight Line Was A Lie,The Beths,9885fc6ccffc4dd198f2ba810d533ea6,2025-10-14T02:28:50Z,The Beths keep consistently cranking out non-stop banger albums and they never get the recognition they deserve. ,5eaa0409ea0448238f7b814cba6057be,Yes
spotify:track:32Qk0v1WBkwKpfeSx0lZwO,A Greener Shade Of Teal,Shapeshitter,I'm Being Good,8488014f1ae545f5b57a9e641f9b1ace,2025-10-14T03:52:15Z,"Where did I find this? Did I learn it from watching (listening to) you?! British dudes who sound a bit Rob Crow-y. It numbs my mind in beautiful ways. Post punk arty party on, Garth. You very well may have missed this. So few listens. ",5eaa0409ea0448238f7b814cba6057be,Yes
spotify:track:3h3w6L6AW4qJ5MC5iMzA0z,Sibling Fistfight at Mom's Fiftieth / The Un-sound,No One Was Driving The Car,La Dispute,d16b02d16f77415da273094af63d462e,2025-10-15T14:45:06Z,"Maybe I'll get told that La Dispute is not locally eligible for hidden gem status, but if even one of you hasn't heard this it'll be worth it to me. It's kind of the perfect La Dispute song imo.

I also considered the new Format release, which is of similarly questionable hidden-ness. That or something from Friends in Real Life, but as much as I tear up thinking about Pat being back making music, I'm still not 100% sure how much I like most of those songs.

Anyway this is just such a fantastic song for when you love your family so goddamn much but life is still complicated and hard and fucked up",5eaa0409ea0448238f7b814cba6057be,Yes
spotify:track:3znSvEwBq09We4cxxmwlZM,Chains & Whips,Let God Sort Em Out,"Clipse, Kendrick Lamar, Pharrell Williams, Pusha T, Malice",58386a2a504f4fd08caed77112bedc82,2025-10-16T02:02:38Z,"You probably haven't missed this, but this is my AOTY for 2025 so I just like making sure everyone has checked it out",5eaa0409ea0448238f7b814cba6057be,Yes
spotify:track:4qreB9roqaKqNYfvsBmXSX,Across The Line,Across The Line,Remember Sports,1dacffd0545140b2970d73e29fe6cf33,2025-10-14T19:43:41Z,Song reminds me of the chicks after they told w to go fuck himself,5eaa0409ea0448238f7b814cba6057be,Yes
spotify:track:4Ze7DFjyVa0smRqY2Fxcnz,I Want You (Fever),Welcome to My Blue Sky,Momma,bdd60b40c4ca4c78a0cbf518560cd06c,2025-10-15T14:29:44Z,"I hope i'm not too out of the loop, but hadn't encountered this band before hearing this song. Heard it on playlists a few times before finally bookmarking for an occasion just like this.",5eaa0409ea0448238f7b814cba6057be,Yes
spotify:track:4ZnNhEo1CDeo9P4Qk7rNjW,Lean On,No More Skulls,Gregory Pepper,2ec875e45c3449718c71af2281043ff5,2025-10-15T03:10:04Z,"G. Peps is always good for some sad, catchy pop stuff. He had retired for a minute but put out this very short album in August 2025.",5eaa0409ea0448238f7b814cba6057be,Yes
spotify:track:5iiu7LnrvAOdPJD6V9mhHZ,Dance Dance Dance,MHITR: The Album,"Hedex, Rou Reynolds, Enter Shikari",fd4c3b50daf548ffa16be6f215d5b883,2025-10-14T23:34:23Z,This gem was so hidden I hadn't heard it until today! I have never heard of Hedex but Rou Reynolds from Enter Shikari sings on this and it is a BANGER ,5eaa0409ea0448238f7b814cba6057be,Yes
spotify:track:67YFLZmFib2iRLXiCt8dr1,digital emotional,Negotiations,Kilo Kish,e305e2cab85b4f929234bfdf98d6c6d0,2025-10-15T22:25:04Z,"i don't have any info about kilo kish that will make this more or less of a 2025 hidden gem, so i will let the song do the talking",5eaa0409ea0448238f7b814cba6057be,Yes
spotify:track:6dGpf7aHHf3FcjBZLNE0wg,Be Right Down,Be Right Down,The Telephone Numbers,5be35bf564744df2a445fae855878c05,2025-10-16T02:11:26Z,"This album came out last week, I think, and I instantly loved it. Sort of a 90s indie jangle-pop sound with a touch of rootsy 2000s Laurel Canyon revival. Sunny, melodic, catchy, just really very pleasant and well-crafted songs! The band deserves way more than 6K monthly listeners. ",5eaa0409ea0448238f7b814cba6057be,Yes
spotify:track:03fbvOUMV0CP6BYuqw06Za,Masterpiece - 2023 Remaster,Masterpiece (2023 Remaster),Big Thief,9885fc6ccffc4dd198f2ba810d533ea6,2025-10-20T12:46:18Z,One of my favorite title tracks of all time.,c0e3c1c03510472fbd0f27cbc6dd3716,Yes
spotify:track:0ja5aZwGxpdDT1sKNL67t7,All Hands on the Bad One,All Hands on the Bad One (Remastered),Sleater-Kinney,e305e2cab85b4f929234bfdf98d6c6d0,2025-10-20T22:56:56Z,"Could've chosen the title tracks of the 3 previous albums (Call The Doctor, Dig Me Out, The Hot Rock), but for me this album is the culmination and pinnacle of that early period before they started expanding their sound from this small-room, no-bass, tight-knit trio. There's a nice distribution of lead vocals and harmonies between Corin and Carrie, and as usual Janet is going above and beyond on drums. ",c0e3c1c03510472fbd0f27cbc6dd3716,Yes
spotify:track:1EoXJuZUCVnasrYY5wuVay,Source Tags & Codes,Source Tags & Codes,...And You Will Know Us by the Trail of Dead,8488014f1ae545f5b57a9e641f9b1ace,2025-10-19T15:59:47Z,"Has slowly, but surely become one of my very favorite songs of all time, despite not even being my favorite track on this loaded album once upon a time.

I love songs where the vocals harmonize with the chords throughout, and this song does it better than most. It's such a gorgeous melody.

Conrad Keely started this as a poem about being a small fish in a big pond, and his vocals on the last verse are the stuff that musical magic is made of. It's delivered with a fragility that makes it almost sound like the whole thing might dissolve into a puddle at the very moment it reaches its crescendo. ",c0e3c1c03510472fbd0f27cbc6dd3716,Yes
spotify:track:1PXshYSkA3gGYOrInU3lRE,Look Sharp!,Look Sharp!,Joe Jackson,bdd60b40c4ca4c78a0cbf518560cd06c,2025-10-20T03:29:44Z,I don’t think we’ve ever had Joe Jackson in this league before. Great title track.,c0e3c1c03510472fbd0f27cbc6dd3716,Yes
spotify:track:22vRKcdPjVW7Q6ydLNcYBV,EURO-COUNTRY,EURO-COUNTRY,CMAT,fd4c3b50daf548ffa16be6f215d5b883,2025-10-19T14:54:18Z,Euro-Country by CMAT from the album Euro-Country is an incredible encapsulation of what it was like to grow up in the economic rise of Ireland through the devestating crash and recession that followed. She sums up the emotions of a generation of current young adults into an incredibly powerful and down right catchy power pop song. The woman is a genius and this entire album is fantastic,c0e3c1c03510472fbd0f27cbc6dd3716,Yes
spotify:track:4b1Y41U44kP7gzO7MUNGbe,Transgender Dysphoria Blues,Transgender Dysphoria Blues,Against Me!,1dacffd0545140b2970d73e29fe6cf33,2025-10-20T22:56:24Z,Saw against me in lancaster shortly before this album came out. No one really knew the songs yet but ill never forget hearing this one for the first time,c0e3c1c03510472fbd0f27cbc6dd3716,Yes
spotify:track:4KROoGIaPaR1pBHPnR3bwC,Pink Moon,Pink Moon,Nick Drake,d16b02d16f77415da273094af63d462e,2025-10-21T00:45:19Z,"It's just a fucking classic, you know? I mean, I have more affinity for this kind of music than most people in general, but I truly think that very few songs have ever been as perfect at being what they are as Pink Moon.

Also I have a strong, bizarre emotional connection to this song because I somehow failed to learn about Nick Drake until last August when a boy I was kinda maybe a little bit falling in love with told me about him, then kept up a very pleasant somethingship  until he disappeared completely in October. Renee I still miss you because I'm immature and stupid, I don't know if I hurt you without knowing or what but I'm sorry and I hope you're doing well",c0e3c1c03510472fbd0f27cbc6dd3716,Yes
spotify:track:5kGdayTmguCAZP87F56DUg,Coles Corner,Coles Corner,Richard Hawley,58386a2a504f4fd08caed77112bedc82,2025-10-21T00:52:18Z,Coles Corner from Coles Corner. Enjoy,c0e3c1c03510472fbd0f27cbc6dd3716,Yes
spotify:track:63xdwScd1Ai1GigAwQxE8y,Let's Stay Together,Let's Stay Together,Al Green,5be35bf564744df2a445fae855878c05,2025-10-21T00:28:23Z,"A classic that needs no introduction, holds up beautifully and kicks off an iconic album! ",c0e3c1c03510472fbd0f27cbc6dd3716,Yes
spotify:track:7DV0TzeNMylo6rlkrYXDiP,Red,Red (Expanded & Remastered Original Album Mix),King Crimson,f0210a760ed4406e838b0b2e03fc2a7e,2025-10-20T02:52:13Z,I was gonna do The Court of the Crimson King but the album is IN The Court of the Crimson King,c0e3c1c03510472fbd0f27cbc6dd3716,Yes
spotify:track:7ns9FS0wnvuGW26YBeRkJc,Utopia Parkway,Utopia Parkway,Fountains Of Wayne,2ec875e45c3449718c71af2281043ff5,2025-10-20T03:56:56Z,Here’s a catchy title track from the second Fountains of Wayne album.,c0e3c1c03510472fbd0f27cbc6dd3716,Yes
spotify:track:1Cwsd5xI8CajJz795oy4XF,You Get What You Give,Maybe You've Been Brainwashed Too,New Radicals,fd4c3b50daf548ffa16be6f215d5b883,2025-10-25T09:50:47Z,"Can you believe they only had one album?! Gregg Alexander disbanded the group after they had such a hit with this song so that he could focus on production work. 
From Wiki: ""Since their disbandment, the group has received numerous offers for a reunion tour or new album, but Alexander has repeatedly turned these down. New Radicals did however reunite for a one off performance on January 20, 2021, to mark President Joe Biden's presidential inauguration.""

I find that hilarious. Legends. One and done. ",c253fe580ec1497aa45b29a0afb5b985,Yes
spotify:track:1olbGq7525Ee8vZNKIwOmJ,Riddles Are Abound Tonight,Riddles Are Abound Tonight,Sausage,f0210a760ed4406e838b0b2e03fc2a7e,2025-10-25T03:43:53Z,"Sausage was actually the first iteration of Primus with Todd Huth on guitar and Jay Lane on drums, with Claypool on bass and vocals. Todd Huth left because he didn’t like touring and being away from his family. But as far as guitar goes, Todd Huth is incredibly unique. He gets some really great sounds ",c253fe580ec1497aa45b29a0afb5b985,Yes
spotify:track:1XVhxmSx3iOpNJs0zB6pzl,21 Tons,The Tantra Monsters,The Tantra Monsters,8488014f1ae545f5b57a9e641f9b1ace,2025-10-24T03:31:57Z,"Growing up in Hawaii, for most of my preteen years, we always seemed a few years behind whatever was happening on the continent. Finally, by the mid-90s Hawaii caught up in a big way.

In the early 90s, a bunch of punks and old hippies started this borderline pirate station called Radio Free Hawaii, and soon after, it made waves on terrestrial radio. They literally played everything, but most of it wasn't Top 40. Not only did we have arguably the best station in the world, but it inspired the coolest weirdos to join bands.

The Tantra Monsters were seemingly an instant smash. Their live shows were legendary. Their vocalist was a true one of a kind character. Mike Park soon signed them to Dill Records. (He still names this as one of his top 5 albums ever)

And then, the Hawaii Conundrum: The mainland wanted them. They'd done everything here. The problem-Hawaii was home, and not everyone wanted to move. This is common, but they were the best and biggest to break up before they broke big.",c253fe580ec1497aa45b29a0afb5b985,Yes
spotify:track:21O0XXPEWPtePt5RMY93Ob,All Caps,Madvillainy,"Madvillain, Madlib, MF DOOM",58386a2a504f4fd08caed77112bedc82,2025-10-25T04:19:36Z,Madvillain only made one instant classic album,c253fe580ec1497aa45b29a0afb5b985,Yes
spotify:track:2DPz31d8j1Dl473fm0IwmX,Shootin' Up & Breakin' Down,Chad Hates George,Chad Hates George,d16b02d16f77415da273094af63d462e,2025-10-26T00:27:43Z,"Chad Hates George was one of my first thoughts for this round, and I think this song is a good thematic fit. Honestly I've been feeling ""this time I fear my troubles may be here to stay"" a lot lately.",c253fe580ec1497aa45b29a0afb5b985,Yes
spotify:track:2lDYt2Xa9Ey3HXyOd59MZt,Tuff Ghost,Who Will Cut Our Hair When We're Gone? (Remastered),The Unicorns,2ec875e45c3449718c71af2281043ff5,2025-10-24T22:05:01Z,The Unicorns only officially released one album and one EP,c253fe580ec1497aa45b29a0afb5b985,Yes
spotify:track:2ZlDlhYrxlnvDBtw53uL3L,Modern Kicks,Guitar Romantic,The Exploding Hearts,9885fc6ccffc4dd198f2ba810d533ea6,2025-10-26T00:31:56Z,"Tragically, three of the four members of this band died in a car accident less than two years after their only proper album was released. I’ve always wondered how much their Clashy style could have impacted the early aughts pop-punk wave that was going on if they had the time to really cement themselves.",c253fe580ec1497aa45b29a0afb5b985,Yes
spotify:track:3C6ypQamFvL1KWKnsHMNvt,Johnny On The Spot,Do You Know Who You Are?: The Complete Collection,Texas Is The Reason,bdd60b40c4ca4c78a0cbf518560cd06c,2025-10-24T02:23:33Z,"Certainly one of the best second-wave emo bands, but they weren't around for long. 

They put out a hard-to-find EP and a few splits + demos before those songs made their way onto their only full-length. They broke up right after and never released another album. 

A classic.",c253fe580ec1497aa45b29a0afb5b985,Yes
spotify:track:5nBRFjn5BFv93XTndMFYTi,Heavy Lifting,LP,Ambulance LTD,5be35bf564744df2a445fae855878c05,2025-10-26T01:43:13Z,"Their Spotify bio says “new music 2021,” which did not seem to happen, and their Wikipedia page is in the past tense, so this single strong album does seem to be it (plus a couple EPs that I firmly believe do not qualify as “excessive”). Always really enjoyed their sound. A little shoegazey,  a little poppy, and doesn’t feel stuck in the early 2000s like some other indie type bands of the era.",c253fe580ec1497aa45b29a0afb5b985,Yes
spotify:track:7H5ISvscJ7b8kYTtEp8WJB,Persistent Vision,Rites of Spring,Rites of Spring,1dacffd0545140b2970d73e29fe6cf33,2025-10-24T01:01:13Z,This album invented emo and fugazi. So kind of a mixed bag depending who you ask.,c253fe580ec1497aa45b29a0afb5b985,Yes
spotify:track:7N0tafxr48LfTclmMml0OL,The Don,At The Ferranti Institute,Sisters Of Transistors,e305e2cab85b4f929234bfdf98d6c6d0,2025-10-25T20:47:32Z,"Sisters of Transistors were a legendary (at least to the current 126 monthly listeners) ""disco-prog-horror concept band"", and they released one album (plus a few remixes) in 2009.

They were based at the (probably fictional) South Manchester Museum of Keyboard Technology, and described themselves as the ""Premier Ladies Combo Organ Quartet"".

They rejoiced under the names of:
Sister Naomi Doric Pencrest,
Sister Wigby Elka Whippany,
Sister Ragna Teisco Dottir,
Sister Henrietta Vox Humana.
 
And also Graham on drums.

They wore matching hooded robes when playing live, and were very partial to a key-change (I think there's three in the last minute of this song alone). ",c253fe580ec1497aa45b29a0afb5b985,Yes
spotify:track:2dSIIBoAwpAem7rBRbq2YE,French Disco,Oscillons From The Anti-Sun,Stereolab,e305e2cab85b4f929234bfdf98d6c6d0,2025-10-30T02:37:30Z,"how have we managed for so long without these anglo-french marxist-adjacent lounge-motorik synth nerds? beats me. sometimes you just need a big squall of guitars and organs while lætitia sadier coos frenchly about how ""human existence is pointless"" or something.

""la résistance!"" ",0d755b5cc43c4f2b887ba2a6edb3f576,Yes
spotify:track:3hO9gaVixKDoYDrlTBrEWf,Cure for Pain,Cure for Pain,Morphine,8488014f1ae545f5b57a9e641f9b1ace,2025-10-28T09:37:35Z,"I was surprised no one had gone with Morphine before. This is arguably their most obvious song, but I didn't want to deprive anyone who may have missed it, because I personally find it to be very intriguing, beautiful, and it meant a lot to me in its heyday, while still slapping ca: now.

The song has dashes of  of hope, and even some triumph, near the end, but also an an underlying sadness, perhaps because you wondered if the narrator would truly overcome, or relapse.

This emotion was compounded when frontman Mark Sandman succumbed to a heart attack at 47.

Sandman (what a name) was a mysterious figure to me. He reminded me of a Bourdainianesque character, with a splash of Leonard Cohen. He lived a heavy life. Lived long enough to see two of his brothers die, and survived a stabbing while being robbed as a cab driver. No one seemed to know for sure if this or any of his other songs were about him.

Any rock song that effectively features sax should be enough, but there's so much more",0d755b5cc43c4f2b887ba2a6edb3f576,Yes
spotify:track:3J8DIJGLGK509ewToI94DA,The Commander Thinks Aloud,Ultimatum (Expanded Edition),The Long Winters,bdd60b40c4ca4c78a0cbf518560cd06c,2025-10-29T17:11:18Z,"Scrolling through the list, I was shocked to see that out of more than 2,000 artists, no one has ever submitted The Long Winters!

You might know them from the My Brother, My Brother and Me theme song, or recognize John Roderick from his many podcasts (or, yes, the infamous “Bean Dad” moment).

There’s also a great Song Exploder episode about this song if you want to dive deeper.",0d755b5cc43c4f2b887ba2a6edb3f576,Yes
spotify:track:4RvWPyQ5RL0ao9LPZeSouE,Everybody Wants To Rule The World,Songs From The Big Chair (Super Deluxe Edition),Tears For Fears,58386a2a504f4fd08caed77112bedc82,2025-10-29T03:12:58Z,No one has submitted Tears for Fears and this is my son's fave song at the moment so I will break the curse,0d755b5cc43c4f2b887ba2a6edb3f576,Yes
spotify:track:4V04QxWQu99mI3vo8Q4LKO,Circles 'Round the Moon,Love It Love It,Nana Grizol,d16b02d16f77415da273094af63d462e,2025-10-29T12:53:44Z,"Honestly it's absolutely fucked up that Nana Grizol hasn't already been used, but I appreciate the opportunity. Absolutely massive supergroup for sad people.

Theo's voice is one of my favorites, especially since he manages to have some of those cool idiosyncrasies while actually being pretty damn good on technical stuff.

This song in particular is just such a good time, too. I can't quite think of a better way to put it right now. It's just like, fun in a way that doesn't feel like I'm working for it or pretending. ",0d755b5cc43c4f2b887ba2a6edb3f576,Yes
spotify:track:5vmRQ3zELMLUQPo2FLQ76x,Smalltown Boy,The Age of Consent,Bronski Beat,f0210a760ed4406e838b0b2e03fc2a7e,2025-10-30T02:03:41Z,Never saw Bronski Beat here.,0d755b5cc43c4f2b887ba2a6edb3f576,Yes
spotify:track:63oVBCnwmlnyIhHGZP9GmK,NSA,NSA,Crudbump,1dacffd0545140b2970d73e29fe6cf33,2025-10-29T13:39:29Z,"Hasn't been submitted yet, though I can't imagine why not.",0d755b5cc43c4f2b887ba2a6edb3f576,Yes
spotify:track:7bLgD0ZOec3aXBZhoPpQD8,Man On Fire,Into Lake Griffy,Good Luck,9885fc6ccffc4dd198f2ba810d533ea6,2025-10-28T16:52:17Z,"I’ve been looking for a good opportunity to submit a Good Luck song. Honestly, kind of surprised no one else has before. They just reunited and released an excellent new album, but Into Lake Griffy is a very specific type of indie masterpiece. ",0d755b5cc43c4f2b887ba2a6edb3f576,Yes
spotify:track:7dtbpfKA8kuXT3ZwP6zub5,We All Must Die,Meandering in Streams of Reflection,Novemthree,5be35bf564744df2a445fae855878c05,2025-10-29T19:33:22Z,"It’s almost Halloween, so we need some gentle dreamy spooky autumnal darkness. This song would be perfect to sing along to around a bonfire in the woods. ",0d755b5cc43c4f2b887ba2a6edb3f576,Yes
spotify:track:1kBTjMOQcmrI5tW94GpdYG,Real Gone Kid,When the World Knows Your Name,Deacon Blue,58386a2a504f4fd08caed77112bedc82,2025-11-03T03:07:51Z,"My original plan was to have a scene where the hero, Brock Byg-Man, jumps out of a plane without a parachute, catches up with the baddie, steals his parachute, and lands safety to be soundtracked by The Immigrant Song but since my movie is being funded with dark money from the Trump administration they don't want me using immigrant anything. Instead I've gone in a bold new direction with this track from Deacon Blue.",41392858cd3e4e85b912f2dc3dfd40cf,Yes
spotify:track:1mZsxI7QtNxMEZvBKnRPFN,Rage Song,Rage Song,Girl Group,e305e2cab85b4f929234bfdf98d6c6d0,2025-11-02T02:05:16Z,"This is to replace Cherry Bomb by The Runaways, but also to replace the concept of ""Playing Cherry Bomb in lieu of actual female character development"" (https://thehardtimes.net/culture/cherry-bomb-played-in-lieu-of-actual-female-character-development/)

I think this song would be in something that has a similar format to the Kneecap movie - so, a semi-fictional biopic of the origin myth of a band (in this case Girl Group, playing themselves). 

The song would be used towards the bittersweet ending of the film. The singer's toxic ex is hitting the big time with his shitty Mumford & Sons-esque stomp & holler band, while Girl Group remain stuck playing small shows around their adopted home city of Liverpool. But their camaraderie and loyal fanbase suggest a steady rise to greater things, while the crypto-buying therapy-dodging ex seems destined for implosion.",41392858cd3e4e85b912f2dc3dfd40cf,Yes
spotify:track:1rC1VaOWuyKR3nPdQbBXSH,Little Dawn,Shake the Sheets,"Ted Leo and the Pharmacists, The Pharmacists",9885fc6ccffc4dd198f2ba810d533ea6,2025-11-03T02:45:49Z,"I’m imagining an opening credits scene where the intro to AC/DC’s ‘Thunderstruck’ is playing on loop over some sort of like some tense traveling sequence. Like maybe the protagonist is navigating some crazy rush hour traffic. 

I can only imagine the intro to this Ted Leo song on repeat would be hella cheaper and still get the same maddening effect.",41392858cd3e4e85b912f2dc3dfd40cf,Yes
spotify:track:2JDYNDcTJVpkuqKiJrIghn,Dot in the Sky,The Demonstration,Drab Majesty,bdd60b40c4ca4c78a0cbf518560cd06c,2025-11-02T02:32:46Z,"INT. DARK ALLEY – NIGHT

Rain gathers under a flickering streetlight. Two figures face each other, our hero and the killer he’s chased for years. The man that killed his family. He's finally found him.
The air hums with tension. The killer doesn’t beg. He already knows.

HERO (quietly)
""No more words. It’s over.""

One shot. Rain falls slowly.
The killer's body buckles and falls in silence.
The hero exhales, not in victory, just relief.
He holsters the gun and heads toward the subway.

INT. SUBWAY – CONTINUOUS

He boards an empty train, sits by the window. Neon and shadows ripple across his face. The city moves on without him as the train leaves the station.

We hold on his reflection, blank, haunted, finished.

Then—
We tried to afford “Enjoy the Silence,” but Depeche Mode wanted real money.
So this fades in instead. Same synth pulse, same emptiness, distant vibe. Just cheaper.

Our hero’s face doesn’t move. Just stares out a window.

Credits roll as the train disappears into the dark.",41392858cd3e4e85b912f2dc3dfd40cf,Yes
spotify:track:3UxEpwQi5KGq6sE3d2EyVw,Remurdered,Rave Tapes,Mogwai,f0210a760ed4406e838b0b2e03fc2a7e,2025-11-03T03:27:13Z,"Okay. Hear me out. It’s another gritty Batman movie. 

The villain? It’s the Ventriloquist. (Played by Bryan Cranston) So this is more of a montage of him building his dummy. Camera angles gliding along the sleek surfaces as Ventriloquist builds, popping in the eyes, attaching the Tommy gun to the dummy’s hand.

Song I Originally Wanted: 
Radiohead - Climbing Up The Walls

Really dark, moody music. Remurdered adds a different element to it altogether. More affordable! Not as creepy. :( Maybe Mogwai does the soundtrack!",41392858cd3e4e85b912f2dc3dfd40cf,Yes
spotify:track:4PtZnR7nR4zUlSm1efYvry,Will You?,Breaking Glass,Hazel O'Connor,fd4c3b50daf548ffa16be6f215d5b883,2025-11-01T23:19:00Z,"My film is told from the perspective of a young college student who falls in love with her English professor. They are studying Wuthering Heights in class, and so to avoid paying huge royalties and being too on the nose, this song plays in the background (instead of Kate Bush) as the 2 meet after class for a private tutorial. From her POV, the tension is building between the two of them and she is silently begging him to cross the proverbial line between them. The film explores the nuances of this type of power dynamic. The 2nd half of the film flips to his perspective, where he feels bad for the naive young girl in his class, but as we see his cold relationship with his wife we also see him begin to toy the idea of an affair. Should he give in? Although not illegal, is it wrong for him to engage in this behaviour? Does he care? It's sexy and scandalous, starring Hailee Steinfeld as the young student and Colin Firth as her professor. Notes in the Margins hits cinemas this December.",41392858cd3e4e85b912f2dc3dfd40cf,Yes
spotify:track:4toZDisK1mRvzJyXSZavpg,Good Times Propaganda Band,Redd Kross,Redd Kross,8488014f1ae545f5b57a9e641f9b1ace,2025-11-02T04:58:05Z,"We've got a deadline guys. And so far every Beatles song is a no go. Those bastards even wanted a million for that piece of shit, ""Ob‐La‐Di, Ob‐La‐Da."" Anybody got ideas?

What's that, Carl? Did you ask about using the so-called new Beatles song they released last year? Worst idea since I hired you. You're fired.

Ah, yes. Quirky new girl who looks a bit hippie-ish. I see you raising your hand.

Quirky new girl: ""I figured since we can't get Sgt. Pepper's Lonely Hearts Club Band, we could use the next best thing: Redd Kross' Good Times Propaganda Band.""

That's a great idea! So good, in fact, that you're now the President of Hard Times Records & Cassettes! And hopefully my new bride...? ",41392858cd3e4e85b912f2dc3dfd40cf,Yes
spotify:track:5zliHc6Y8g8fy23ecBaods,Erica Western Teleport,Western Teleport,Emperor X,d16b02d16f77415da273094af63d462e,2025-11-03T03:07:03Z,"In my mind, this is replacing The District Sleeps Alone Tonight(although it could kind of be like, half of the songs on Give Up).

The scene is the beginning of the movie. Hell, let's make it an opening credits scene.

It's deep winter, somewhere in the Midwest. Bare trees and slushy ground. Our protagonist(35 years old) is getting off a bus at their old college. The intro plays when they step off and briefly struggle to find the flow of foot traffic in a crowd of students, and the melody starts as they find their stride. They cross a good chunk of campus on foot before coming to a building that had just been built when they started school here. It doesn't look old,  but it's far from still being new.

The ending of the song fades out as they walk into their former thesis advisor's office toto been fora job. Her name's not on the door anymore, but hey, those things change. They knock and ask where they can find her, but the adjunct currently using the office says she died.  What now?",41392858cd3e4e85b912f2dc3dfd40cf,Yes
spotify:track:0p0mW5ZbRw5GAFhR1ECvVi,Nihilistic Northeast Pennsylvania,Destructive Criticism,Tedd Hazard,1dacffd0545140b2970d73e29fe6cf33,2025-11-07T01:20:06Z,I played a show with Tedd earlier this year and he is genuinely one of the nicest people. He deserves way more than 34 listeners,8696bc7fc76249a5bdb236e35b6f5e2e,Yes
spotify:track:0wFl6x0fg7Vn1Tysftv3p4,Disconnect - Demo,Vicissitude (Deluxe Edition),Maps,e305e2cab85b4f929234bfdf98d6c6d0,2025-11-07T01:14:40Z,"29,685 monthly listeners

I dabble in making music myself, so I find it a bit disheartening when someone buries a song this good among some remixes at the end of an expanded album and - worse - calls it a ""demo"", even though it sounds way punchier and more polished than anything that I spend months slaving over. 

Well, just you wait until the prompt is ""Artist must be under 2 monthly listeners"" and then we'll see who's raking in the 10 league-mandated plays. Me, that's who!",8696bc7fc76249a5bdb236e35b6f5e2e,Yes
spotify:track:1SOJg04yEQDrbUKm5OR3PG,Sofa Surfing,Sofa Surfing,Enola Gay,fd4c3b50daf548ffa16be6f215d5b883,2025-11-06T09:03:29Z,"37,093 monthly listeners at time of submission!",8696bc7fc76249a5bdb236e35b6f5e2e,Yes
spotify:track:1WyXR61yOhHkcnRKx44cM7,Don't You Ever,Then I Try Some More,Joanna Sternberg,9885fc6ccffc4dd198f2ba810d533ea6,2025-11-07T01:21:40Z,"One of the most undersung singer songwriters of this generation, in my humble opinion. Like an angelic amalgamation of Daniel Johnston and Joni Mitchell. 18.2k monthly listeners.",8696bc7fc76249a5bdb236e35b6f5e2e,Yes
spotify:track:1zOjXZcD6DBqb0F7NHUA3D,Morning,In The Air,Anna St. Louis,5be35bf564744df2a445fae855878c05,2025-11-07T01:13:40Z,"About 20k monthly listeners. Discovered on the in-room playlists curated by a hip little rural motel. When I first heard this, I thought for sure it came out in the 60s or 70s. This song is a bit poppier and more upbeat than most of the rest of the album, which really leans into that effortless cozy old-school country sound. Her voice just sounds so naturally suited for it, too. ",8696bc7fc76249a5bdb236e35b6f5e2e,Yes
spotify:track:22sIFKBzBxeBXUzoYxpD36,Fentanyl,Money Money 2020 Pt II: We Told Ya So!,The Network,8488014f1ae545f5b57a9e641f9b1ace,2025-11-05T12:19:54Z,"First and foremost, I think this is a standalone great song, with a fun groove, and a huge (obvious) nod to the 80's. 

Beyond that, I love showing this song to people, because it's a ""secret"" side project. If you're not familiar, I won't spoil it for you. I recommend listening to the song first, which I hope you enjoy, and then checking out who the band members are, because this sounds nothing like their other band. (I haven't had anyone I know figure it out on first listen)

Oh, and at 34K listens/mo., that puts them only about 36,166,000 behind their alter egos. ",8696bc7fc76249a5bdb236e35b6f5e2e,Yes
spotify:track:22yTd5qFWOPx80Yf3qXYW3,Ashtray,Folk-O-Rama: Volume Three,Matt Pless,d16b02d16f77415da273094af63d462e,2025-11-07T01:56:18Z,"29,051. Great song for expressing the strange mix of apathy, sadness, and anger thats always there and kind of defining, but often hard to talk about. Also just like, check out Matt Pless if you're into musicians who are kinda good at being kinda bad at singing",8696bc7fc76249a5bdb236e35b6f5e2e,Yes
spotify:track:5iwJb1N6xpvm9DU8FwDyMy,Bad Toy,SLUDGEcontent,J'cuuzi,2ec875e45c3449718c71af2281043ff5,2025-11-07T02:22:23Z,Just saw J’Cuzzi at a Halloween psych fest thing in Austin. Super tight rockers.,8696bc7fc76249a5bdb236e35b6f5e2e,Yes
spotify:track:5LXEcEwE3KL85Z9ypvfrFt,Remote Control,Make a Pest a Pet,The Age Of Electric,f0210a760ed4406e838b0b2e03fc2a7e,2025-11-06T15:39:41Z,90s Canadian rock pop! Hooray! Seriously… this is a nostalgic banger.,8696bc7fc76249a5bdb236e35b6f5e2e,Yes
spotify:track:687FhdnefvnVIJ4a4U1Egw,And That Was That,And That Was That,Matty Greg,bdd60b40c4ca4c78a0cbf518560cd06c,2025-11-05T14:29:01Z,"18,034 monthly listeners

his bio says ""just a boy tryna open for the strokes""

Maybe The Strokes is a genre now. I could listen to more of that.",8696bc7fc76249a5bdb236e35b6f5e2e,Yes
spotify:track:6x3a0M3R86mfd2QKhvXTwr,Goth GF,Goth GF,Hot Plastic Poets,58386a2a504f4fd08caed77112bedc82,2025-11-07T02:26:34Z,580 monthly listeners. Is this surf rock? Not sure but I like the sentiment of it,8696bc7fc76249a5bdb236e35b6f5e2e,Yes
