Spotify URI,Title,Album,Artist(s),Submitter ID,Created,Comment,Round ID,Visible To Voters
spotify:track:0AabmXeuZXaftVolja8rBH,Integral - 2017 Remaster,Fundamental (2017 Remaster),Pet Shop Boys,e305e2cab85b4f929234bfdf98d6c6d0,2023-01-13T20:48:31Z,"This was picked by my dear friend Hwei, who I've known for 25 years. It is very representative of her taste - but she's also the reason I know that Bright Eyes song from a couple of rounds ago, and that's also somehow very representative of her taste. Make of that what you will. Anyway, I'm only a dilettante PSB fan compared to her, but I do like them (and will do Left To My Own Devices at karaoke given half a chance).",94e1950438c54879be5eaf94d2674049,No
spotify:track:0o9zmvc5f3EFApU52PPIyW,Shinunoga E-Wa,HELP EVER HURT NEVER,Fujii Kaze,5df547c9f7ed41278698daa1917fdd24,2023-01-13T22:12:09Z,Submitted by my roommate,94e1950438c54879be5eaf94d2674049,No
spotify:track:0UJxSPjxXVbgd0jqBomKvI,Dancing On My Own,Body Talk pt. 1,Robyn,58386a2a504f4fd08caed77112bedc82,2023-01-13T19:24:34Z,"From Fiona, Sean's wife. Enjoy ",94e1950438c54879be5eaf94d2674049,No
spotify:track:0wavGRldH0AWyu2zvTz8zb,Sweet Nothing,Midnights,Taylor Swift,af81053047d4411a96fcb9dce9aec5d3,2023-01-13T19:41:27Z,Wife. ,94e1950438c54879be5eaf94d2674049,No
spotify:track:1TWNKyNQOBfNUkWWs7FooF,XS,SAWAYAMA,Rina Sawayama,4507c66e07c04112934e17fa212d1850,2023-01-13T02:40:34Z,"Message from my girlfriend who chose this: ""Rina supremacy"" ",94e1950438c54879be5eaf94d2674049,No
spotify:track:2FfBvhOpRwbKPmb9MOVSIj,No Good,The Weight That You Buried,Knuckle Puck,e1e3b5e4480d48929de8803f29c0e1bf,2023-01-13T22:05:48Z,My show buddy suggested this one. ,94e1950438c54879be5eaf94d2674049,No
spotify:track:4A065x9kJt955eGVqf813g,Them Bones (2022 Remaster),Dirt (2022 Remaster),Alice In Chains,f3d2328042034f2aa54dd137af087de6,2023-01-13T18:16:27Z,,94e1950438c54879be5eaf94d2674049,No
spotify:track:5a4bYjlqimbie2eQRXAFRx,Jams Runs Free,Rather Ripped,Sonic Youth,5be35bf564744df2a445fae855878c05,2023-01-13T04:29:17Z,,94e1950438c54879be5eaf94d2674049,No
spotify:track:5bdTLYOvxCdOq9kic24Acs,Dammit (After Dark),Dammit (After Dark),Dead On A Sunday,a42c0c643fe34d04b0795aeb631c3e65,2023-01-13T22:03:51Z,My friend sent this to me and I cannot believe how well this cover works as goth/post punk,94e1950438c54879be5eaf94d2674049,No
spotify:track:5ECxiK4Vigo1yRRmAoZc1f,Silk Chiffon,MUNA,"MUNA, Phoebe Bridgers",bdd60b40c4ca4c78a0cbf518560cd06c,2023-01-12T22:39:50Z,"My wife was very intimidated to make a selection, but I'm confident in her choice.",94e1950438c54879be5eaf94d2674049,No
spotify:track:5Ldlthas4o8lhgEA1Y5cGX,Hark! to the Music,Perpetual Motion People,Ezra Furman,c72730c06f1c4da982b46177c20b7b1b,2023-01-13T02:57:45Z,"Friend Kristin, author of playlists such as “bummers” and “windows media player visualizer jams”",94e1950438c54879be5eaf94d2674049,No
spotify:track:6FciQamZ49aqlmn06yJjYx,Torches Together,Catch For Us The Foxes,mewithoutYou,08e4d35c5ac640e894e662ed7caefc66,2023-01-13T00:33:24Z,Phoned my friend who recorded the song I submitted last round - this was her strong choice! ,94e1950438c54879be5eaf94d2674049,No
spotify:track:6fmeXejj4CNkAQ78yao7oE,Get Me Bodied,B'Day,Beyoncé,9bbd7b198c6447b097e31d0e543fa630,2023-01-13T16:50:18Z,"Certified bop.

Maria Bachman, fellow teacher in my lunch bunch",94e1950438c54879be5eaf94d2674049,No
spotify:track:6gdopsym8XAjfOQxaoMedf,Papa Was a Rodeo,69 Love Songs,The Magnetic Fields,942db94f20df4bbf8653da742bb672bd,2023-01-13T15:20:14Z,"Submitted by Warren Enstrom, a fellow Milwaukee noise musician and member of the Cheese-Shaped Fractals group chat.

Warren's comment after being the first to submit something in the chat: ""I win and now you all have to listen to gay music""",94e1950438c54879be5eaf94d2674049,No
spotify:track:6QgjcU0zLnzq5OrUoSZ3OK,Feel It Still,Woodstock,Portugal. The Man,1dacffd0545140b2970d73e29fe6cf33,2023-01-13T14:24:51Z,"Selected by my housemate, who works at a very hip coffee shop.",94e1950438c54879be5eaf94d2674049,No
spotify:track:0ycrQBLTLJOFLU7SZlNpli,Art of Motion,Art of Motion,Andy McKee,08e4d35c5ac640e894e662ed7caefc66,2023-01-15T06:10:01Z,This guy is an absolute monster to watch live ,25caa608b33145f48044fe9031006a53,No
spotify:track:0YPuRrM2NwzdtuShUKkts6,G.O.A.T.,New Levels New Devils,Polyphia,9bbd7b198c6447b097e31d0e543fa630,2023-01-15T02:29:51Z,"This is my son’s favorite song. It should be yours, too.",25caa608b33145f48044fe9031006a53,No
spotify:track:1fscZC9ULN6q6c1Jc8HUSV,Adventure,FEZ (Original Game Soundtrack),Disasterpeace,bdd60b40c4ca4c78a0cbf518560cd06c,2023-01-15T17:13:21Z,,25caa608b33145f48044fe9031006a53,No
spotify:track:2UjDKeTHUXMedtAukBy0gT,SPACED OUT,HARDCORE HEAVEN,Alice Gas,5df547c9f7ed41278698daa1917fdd24,2023-01-15T05:56:58Z,,25caa608b33145f48044fe9031006a53,No
spotify:track:3lpDrxUkr0tIe1kmJvdK7d,YYZ,Moving Pictures (2011 Remaster),Rush,c72730c06f1c4da982b46177c20b7b1b,2023-01-15T15:17:32Z,😈,25caa608b33145f48044fe9031006a53,No
spotify:track:5GsCyTyQRKQG8TQe9pf6Sh,Don't Waste Time Doing Things You Hate,And So I Watch You From Afar,And So I Watch You from Afar,e1e3b5e4480d48929de8803f29c0e1bf,2023-01-15T15:29:13Z,,25caa608b33145f48044fe9031006a53,No
spotify:track:5Nn2Dj7OQsGL6pgQ9iIzPp,Ghostwriter,Deadringer: Deluxe,RJD2,58386a2a504f4fd08caed77112bedc82,2023-01-15T20:03:40Z,,25caa608b33145f48044fe9031006a53,No
spotify:track:5Rq43IH5VHoSkeGGR3gwl0,Come To Dust,Tomorrow's Harvest,Boards of Canada,5be35bf564744df2a445fae855878c05,2023-01-15T17:49:22Z,"Ideal “chill but not sleepy” balance, a playlist mainstay back in my yoga teaching days",25caa608b33145f48044fe9031006a53,No
spotify:track:66CcjKuKlmzOJq0ldt3Ia4,Having An Average Weekend,Savvy Show Stoppers,Shadowy Men On A Shadowy Planet,1dacffd0545140b2970d73e29fe6cf33,2023-01-15T17:39:05Z,,25caa608b33145f48044fe9031006a53,No
spotify:track:67UDJgY4XAnnBC3lHMKntL,Hummingbirds Eat,Enemies,Pele,942db94f20df4bbf8653da742bb672bd,2023-01-15T04:55:13Z,"Again, Milwaukee represent!",25caa608b33145f48044fe9031006a53,No
spotify:track:7faMrqnu7rrUiW3SViBEDS,Color & Data,Electric Love,Droid Bishop,e305e2cab85b4f929234bfdf98d6c6d0,2023-01-15T02:17:22Z,,25caa608b33145f48044fe9031006a53,No
spotify:track:0BMzC3hYff1zj2MsllexiU,January 1979,Catch For Us The Foxes,mewithoutYou,9bbd7b198c6447b097e31d0e543fa630,2023-01-16T20:54:54Z,,73f2284c814a4c9abb132200420f1162,No
spotify:track:21O0XXPEWPtePt5RMY93Ob,All Caps,Madvillainy,"Madvillain, Madlib, MF DOOM",4507c66e07c04112934e17fa212d1850,2023-01-17T19:36:26Z,,73f2284c814a4c9abb132200420f1162,No
spotify:track:3Ez8mIU7s3vVlgFCFDS32s,Tom Cat Goodby,New York Tendaberry,Laura Nyro,08e4d35c5ac640e894e662ed7caefc66,2023-01-16T20:35:24Z,No one writes songs about going to the countryside to kill their cheating lover after chasing them like a chicken anymore :(,73f2284c814a4c9abb132200420f1162,No
spotify:track:3gKwVWwKmeuFtPubICbOGc,Paul Revere,Licensed To Ill,Beastie Boys,942db94f20df4bbf8653da742bb672bd,2023-01-16T20:57:47Z,Absolutely one of the most unhinged songs of all time,73f2284c814a4c9abb132200420f1162,No
spotify:track:3iViEoT8flntSuXwQapZb4,Brother,In Bocca Al Lupo,Murder By Death,bdd60b40c4ca4c78a0cbf518560cd06c,2023-01-16T21:17:23Z,Love a good brother movie. I’m casting Tom Hardy and Joel Edgerton to basically do Warrior again.,73f2284c814a4c9abb132200420f1162,No
spotify:track:3jagGO7eHHuaD53ibehkux,Blood and Thunder,Leviathan,Mastodon,a42c0c643fe34d04b0795aeb631c3e65,2023-01-17T14:07:27Z,We need a big budget stab at Moby Dick!,73f2284c814a4c9abb132200420f1162,No
spotify:track:3s0xZLNRLEJPUbsACnXT1g,The Mystic Crystal,The Prophecy,Ninja Sex Party,c72730c06f1c4da982b46177c20b7b1b,2023-01-16T23:16:09Z,"Idk if this counts because it’s comedy/parody but this not only rips as a prog fantasy epic, it is very silly and has a great music video that is hand animated ",73f2284c814a4c9abb132200420f1162,No
spotify:track:4syD7nYfrd11IFUZ9q4UvM,Triple Dog Dare,Home Video,Lucy Dacus,5df547c9f7ed41278698daa1917fdd24,2023-01-16T20:29:58Z,This song but as a tragic coming-of-age film.,73f2284c814a4c9abb132200420f1162,No
spotify:track:56J7o1BuXpJH2UXqElmsEF,Does He Love You?,More Adventurous (U.S. Release),Rilo Kiley,5be35bf564744df2a445fae855878c05,2023-01-16T20:31:29Z,No one tells stories about the human condition quite like RK. Real ones remember when we dissected the lyrics on the fan message boards!,73f2284c814a4c9abb132200420f1162,No
spotify:track:6CMthyXpLQwYPYslctSU7n,Eisenhower Is the Father,Romance Conflict Adventure,Best Friends Forever,1dacffd0545140b2970d73e29fe6cf33,2023-01-17T14:31:23Z,,73f2284c814a4c9abb132200420f1162,No
spotify:track:6HUhaxr8FTcYuh5i6irA5h,Waiting to Hit,The Texas-Jerusalem Crossroads,Lift To Experience,e305e2cab85b4f929234bfdf98d6c6d0,2023-01-16T21:50:43Z,"Matthew McConaughey writes, directs and plays all parts. He also insists that this takes place in the same universe as Failure To Launch, although this has been denied by FTL director Tom Dey. [A musical aside: this is from 2001, not 2017 as Spotify suggests, that was just the date of the remastered release]",73f2284c814a4c9abb132200420f1162,No
spotify:track:6lusc37FPPwSUiptcUHpcP,Bruce Lee Vs. The Kiss Army,The Album Formerly Known As Full Length LP,Guttermouth,e1e3b5e4480d48929de8803f29c0e1bf,2023-01-17T03:57:39Z,,73f2284c814a4c9abb132200420f1162,No
spotify:track:72Z17vmmeQKAg8bptWvpVG,Space Oddity - 2015 Remaster,David Bowie (aka Space Oddity) [2015 Remaster],David Bowie,58386a2a504f4fd08caed77112bedc82,2023-01-17T19:36:30Z,,73f2284c814a4c9abb132200420f1162,No
spotify:track:7BmWDAlFk1DCL60I435oaE,Never Fight A Man With A Perm,Joy as an Act of Resistance.,IDLES,af81053047d4411a96fcb9dce9aec5d3,2023-01-17T17:14:22Z,Just dudes fighting for 2 hours. ,73f2284c814a4c9abb132200420f1162,No
spotify:track:0rme3FLbw5o1KLXpJzivjS,Rock Lobster,B-52's,The B-52's,e305e2cab85b4f929234bfdf98d6c6d0,2023-01-19T21:55:38Z,"I was 50/50 between this and Erasure doing Abba's Gimme Gimme Gimme, but then this came on shuffle while I was listening to music this evening (about a 1 in 3500 chance) and forced my hand. ",39ecf1d0fc8440cba16ba0ca5a9531bf,No
spotify:track:1MMYuuvnD3O9Sn90gDabv9,Fashion - 2017 Remaster,Scary Monsters (And Super Creeps) [2017 Remaster],David Bowie,e1e3b5e4480d48929de8803f29c0e1bf,2023-01-19T01:34:20Z,,39ecf1d0fc8440cba16ba0ca5a9531bf,No
spotify:track:24efdUt3KGbZ6wnBLp6j2n,Beating Heart Baby,Decadence,Head Automatica,08e4d35c5ac640e894e662ed7caefc66,2023-01-19T05:16:49Z,,39ecf1d0fc8440cba16ba0ca5a9531bf,No
spotify:track:24lr8q3YAF8T5wFMBXeC5Q,Return Of The Fly,Collection 2,Misfits,a42c0c643fe34d04b0795aeb631c3e65,2023-01-20T01:14:43Z,,39ecf1d0fc8440cba16ba0ca5a9531bf,No
spotify:track:3vkQ5DAB1qQMYO4Mr9zJN6,Gimme! Gimme! Gimme! (A Man After Midnight),Voulez-Vous,ABBA,c72730c06f1c4da982b46177c20b7b1b,2023-01-18T22:46:09Z,Like. Come on. ,39ecf1d0fc8440cba16ba0ca5a9531bf,No
spotify:track:4OjKHySJHstsImlUW3qfml,Alice's Restaurant Massacree,Alice's Restaurant,Arlo Guthrie,1dacffd0545140b2970d73e29fe6cf33,2023-01-19T13:56:19Z,,39ecf1d0fc8440cba16ba0ca5a9531bf,No
spotify:track:5aC0QmgjYGG8QYgAg06nTk,Planet Claire,The B-52's,The B-52's,58386a2a504f4fd08caed77112bedc82,2023-01-19T05:03:34Z,,39ecf1d0fc8440cba16ba0ca5a9531bf,No
spotify:track:5sARTwBXoDOD3qehZeL8fw,Classy Plastic Lumber,Sad Sappy Sucker,Modest Mouse,9bbd7b198c6447b097e31d0e543fa630,2023-01-19T04:02:10Z,It’s bad but also great.,39ecf1d0fc8440cba16ba0ca5a9531bf,No
spotify:track:5YsEglADppBRUYCIIvnglm,Get Out Of My House,The Dreaming,Kate Bush,5df547c9f7ed41278698daa1917fdd24,2023-01-18T22:25:07Z,,39ecf1d0fc8440cba16ba0ca5a9531bf,No
spotify:track:6JyiKXAFeheQ8NEk94GxA0,Marciano (I Turned Into A Martian),Con Todo Respeto,Molotov,af81053047d4411a96fcb9dce9aec5d3,2023-01-19T16:17:06Z,"When you have a quinceañera but still want your relatives to dance.  Yeah, it’s in Spanish but I urge you find the translation to some of the words to this version. And to explain the beginning monologue, the album is a covers album but played as if you’re listening to a radio station. ",39ecf1d0fc8440cba16ba0ca5a9531bf,No
spotify:track:71V89tJj9CboDyzncO6ZN2,Stars Are Blind,Paris (U.S. Standard Version),Paris Hilton,bdd60b40c4ca4c78a0cbf518560cd06c,2023-01-18T22:21:14Z,,39ecf1d0fc8440cba16ba0ca5a9531bf,No
spotify:track:756CJtQRFSxEx9jV4P9hpA,I Believe in a Thing Called Love,Permission to Land,The Darkness,942db94f20df4bbf8653da742bb672bd,2023-01-18T23:43:59Z,,39ecf1d0fc8440cba16ba0ca5a9531bf,No
spotify:track:7dzUZec5MnWMyQnk5klnKR,Grace Kelly,Life in Cartoon Motion,MIKA,5be35bf564744df2a445fae855878c05,2023-01-19T03:51:19Z,I *think* I’m interpreting the theme correctly but this may also be a 2019 Met Gala situation ,39ecf1d0fc8440cba16ba0ca5a9531bf,No
spotify:track:0K6jF01U2MuWqZZ3wOaCpV,The Kids Can Eat A Bag Of Dicks,Ruiner,A Wilhelm Scream,e1e3b5e4480d48929de8803f29c0e1bf,2023-01-20T18:29:52Z,,534f2318a0574341ab63cf31a6644260,No
spotify:track:0whlogyhf1AejBU72KNv38,Leif Erikson,Turn On The Bright Lights,Interpol,e305e2cab85b4f929234bfdf98d6c6d0,2023-01-20T20:39:51Z,"I've not verified this quote, but this seems to be Paul Banks' explanation: ""That was one of those things where, if you were to be able to isolate the keyboard part to that song - which you probably can't - but if you were in the studio, or if you just heard us doing a soundcheck, there's a quality to it which someone commented was kind of Viking-esque. Like if you were watching a film, you could see the galleon approaching the coast, the f--king Vikings peering over the edge or whatever.....""",534f2318a0574341ab63cf31a6644260,No
spotify:track:1a3uztWzwQg7HpI8IIJR4D,This Is Hardcore,This Is Hardcore,Pulp,58386a2a504f4fd08caed77112bedc82,2023-01-21T06:56:00Z,,534f2318a0574341ab63cf31a6644260,No
spotify:track:1BLfQ6dPXmuDrFmbdfW7Jl,A Little Piece of Heaven,Avenged Sevenfold,Avenged Sevenfold,c72730c06f1c4da982b46177c20b7b1b,2023-01-20T19:10:13Z,I’ll take “songs your high school boyfriend showed you that should have indicated he was not a good guy” for $1000,534f2318a0574341ab63cf31a6644260,No
spotify:track:2O3l4X1yTua8oMMCtazkyo,The Happiest Days of Our Lives,The Wall,Pink Floyd,5be35bf564744df2a445fae855878c05,2023-01-21T01:08:04Z,real happy!,534f2318a0574341ab63cf31a6644260,No
spotify:track:3qiyyUfYe7CRYLucrPmulD,Baba O'Riley,Who's Next (Deluxe Edition),The Who,bdd60b40c4ca4c78a0cbf518560cd06c,2023-01-20T18:31:16Z,,534f2318a0574341ab63cf31a6644260,No
spotify:track:5iK7GVlwMaoQ0cQpxTmL8l,Spritz!!!Spritz!!!,Highly Refined Pirates,Minus the Bear,9bbd7b198c6447b097e31d0e543fa630,2023-01-21T04:09:32Z,"This is my favorite band of all time. If I don’t win, I will take it personally. Now that I’ve gotten that out in the open, songs should have names like this again.",534f2318a0574341ab63cf31a6644260,No
spotify:track:5T7ZFtCcOgkpjxcuaeZbw0,Best Song Ever,Midnight Memories (Deluxe),One Direction,942db94f20df4bbf8653da742bb672bd,2023-01-20T19:04:00Z,,534f2318a0574341ab63cf31a6644260,No
spotify:track:6e1oZCtCQiGVESDtxgFLTP,Common Sense,Common Sense,J Hus,08e4d35c5ac640e894e662ed7caefc66,2023-01-20T21:14:25Z,,534f2318a0574341ab63cf31a6644260,No
spotify:track:6RX5iL93VZ5fKmyvNXvF1r,Irreplaceable,B'Day Deluxe Edition,Beyoncé,5df547c9f7ed41278698daa1917fdd24,2023-01-20T18:36:19Z,The man in question is actually very replaceable!,534f2318a0574341ab63cf31a6644260,No
spotify:track:78nRNAoDaPcyNomGhgw5tY,Sorry,Nerf Herder,Nerf Herder,1dacffd0545140b2970d73e29fe6cf33,2023-01-20T18:57:04Z,,534f2318a0574341ab63cf31a6644260,No
spotify:track:0A31i51V3omHTJMDCJxDfh,Morbid Stuff,Morbid Stuff,PUP,1dacffd0545140b2970d73e29fe6cf33,2023-01-22T23:27:17Z,,18472457cc864d42805324959bc14413,No
spotify:track:0U0p8weaMIbIFMJ0CPlvHV,Sprawl II (Mountains Beyond Mountains),The Suburbs,Arcade Fire,58386a2a504f4fd08caed77112bedc82,2023-01-23T00:45:54Z,,18472457cc864d42805324959bc14413,No
spotify:track:0WZZJ0mDKIkLfL0710ssZt,Neighborhood #1 (Tunnels),Funeral,Arcade Fire,c72730c06f1c4da982b46177c20b7b1b,2023-01-23T00:52:30Z,Makes me cry for some reason! ,18472457cc864d42805324959bc14413,No
spotify:track:1wXMOk6fq35ve9MyUzYoNx,Longitudinal Centre,Provincial,John K. Samson,af81053047d4411a96fcb9dce9aec5d3,2023-01-22T23:55:07Z,I have a feeling The Weakerthans already got submitted so here’s a loophole. ,18472457cc864d42805324959bc14413,No
spotify:track:2ShOBhvAAglIFJ7Be8aJK2,The House That Heaven Built,Celebration Rock,Japandroids,9bbd7b198c6447b097e31d0e543fa630,2023-01-22T23:34:26Z,,18472457cc864d42805324959bc14413,No
spotify:track:4krhCfJg0znykZoyjeMXRe,Chelsea Hotel #2,New Skin For The Old Ceremony,Leonard Cohen,942db94f20df4bbf8653da742bb672bd,2023-01-23T00:21:01Z,Without question one of the top ten songs about getting a blow jammy from Janis Joplin.,18472457cc864d42805324959bc14413,No
spotify:track:5aJmSzmuhLI6fr1Rm0EnkS,fineshrine,shrines,Purity Ring,e305e2cab85b4f929234bfdf98d6c6d0,2023-01-22T23:34:01Z,,18472457cc864d42805324959bc14413,No
spotify:track:5skHiyNrZ7i7hSMhz9jSTs,Dead Disco,"Old World Underground, Where Are You Now?",Metric,a42c0c643fe34d04b0795aeb631c3e65,2023-01-22T23:11:07Z,,18472457cc864d42805324959bc14413,No
spotify:track:6HefbGTLKsPWK3igcAGpDf,Back to the Motor League,"Today's Empires, Tomorrow's Ashes",Propagandhi,e1e3b5e4480d48929de8803f29c0e1bf,2023-01-22T23:11:12Z,,18472457cc864d42805324959bc14413,No
spotify:track:6hKnIY2Ssrmqw2TYXW0K5e,This Could Be Anywhere In The World,Crisis,Alexisonfire,08e4d35c5ac640e894e662ed7caefc66,2023-01-23T04:51:48Z,"This round was SO hard to choose!! Went with this cuz I’m transported to 2006 Warped Tour every time I hear it.

",18472457cc864d42805324959bc14413,No
spotify:track:6I5zXzSDByTEmYZ7ePVQeB,Circle With Me,Eternal Blue,Spiritbox,5df547c9f7ed41278698daa1917fdd24,2023-01-22T23:14:36Z,,18472457cc864d42805324959bc14413,No
spotify:track:6otiaV2fagE3s8IvP6WkwG,I'm Just a Kid,"No Pads, No Helmets...Just Balls (15th Anniversary Tour Edition)",Simple Plan,533b6f50da9b415eb4097b6c5a32473e,2023-01-23T04:53:15Z,"Pop punk voice transcends borders    , which is kinda beautiful when you think about it (but not that hard)",18472457cc864d42805324959bc14413,No
spotify:track:79jIauLDQffSrwtY0ostxv,One Great City!,Reconstruction Site,The Weakerthans,bdd60b40c4ca4c78a0cbf518560cd06c,2023-01-22T23:11:45Z,,18472457cc864d42805324959bc14413,No
spotify:track:7yWNhXwWG4dYThGatvhCDq,Lola Stars and Stripes,Logic Will Break Your Heart (U.S. Version),The Stills,5be35bf564744df2a445fae855878c05,2023-01-22T23:27:03Z,The Canadian Interpol! One of my favorites in college ,18472457cc864d42805324959bc14413,No
spotify:track:0z1o5L7HJx562xZSATcIpY,Exit Music (For A Film),OK Computer,Radiohead,942db94f20df4bbf8653da742bb672bd,2023-01-24T14:54:00Z,,64dd0c82506b44e2b3ec9233efc62105,No
spotify:track:1iir1dMidSGRzbPMCCEtfX,Sophomore Slump Or Comeback Of The Year,From Under The Cork Tree,Fall Out Boy,af81053047d4411a96fcb9dce9aec5d3,2023-01-23T23:51:08Z,"“‘CAUSE I SWEAR, I’D BURN THIS CITY DOWN TO SHOW YOU THE LIGHT!” 😭😭😭",64dd0c82506b44e2b3ec9233efc62105,No
spotify:track:1Jsr69dSx8FhYbet1nkZeR,La Dolly Vita - Remastered,Pisces Iscariot (Deluxe),The Smashing Pumpkins,e305e2cab85b4f929234bfdf98d6c6d0,2023-01-24T02:42:57Z,,64dd0c82506b44e2b3ec9233efc62105,No
spotify:track:1LzNfuep1bnAUR9skqdHCK,Fade Into You,So Tonight That I Might See,Mazzy Star,58386a2a504f4fd08caed77112bedc82,2023-01-24T00:32:32Z,,64dd0c82506b44e2b3ec9233efc62105,No
spotify:track:2d6m2F4I7wCuAKtSsdhh83,Famous Last Words,The Black Parade,My Chemical Romance,c72730c06f1c4da982b46177c20b7b1b,2023-01-24T01:10:00Z,"I was 14 in 2006. Jesus god. 

Away message was definitely the entire chorus. ",64dd0c82506b44e2b3ec9233efc62105,No
spotify:track:2EcQY09CYgJ1qk6H1qZf8h,26,After Laughter,Paramore,5df547c9f7ed41278698daa1917fdd24,2023-01-23T23:52:47Z,,64dd0c82506b44e2b3ec9233efc62105,No
spotify:track:2nMN06ZdkOyGrhSDt9CKah,Counterfeit,"Three Dollar Bill, Y'all $",Limp Bizkit,9bbd7b198c6447b097e31d0e543fa630,2023-01-23T23:52:50Z,"Sick of yourself? We’ll I’m sick of you, too! ",64dd0c82506b44e2b3ec9233efc62105,No
spotify:track:3cfOd4CMv2snFaKAnMdnvK,All Star,Astro Lounge,Smash Mouth,5be35bf564744df2a445fae855878c05,2023-01-24T03:20:25Z,,64dd0c82506b44e2b3ec9233efc62105,No
spotify:track:3koOoLN69AAiw5JCQNaZMe,The Pros and Cons of Breathing,Take This to Your Grave,Fall Out Boy,08e4d35c5ac640e894e662ed7caefc66,2023-01-24T00:14:49Z,"I have zero memory of what I would put on the Internet before age 20 thank gahd, but it was probably this ",64dd0c82506b44e2b3ec9233efc62105,No
spotify:track:504aMSptpjhMNdtYvbXzjv,Stupid Kid,From Here to Infirmary,Alkaline Trio,1dacffd0545140b2970d73e29fe6cf33,2023-01-24T16:21:58Z,,64dd0c82506b44e2b3ec9233efc62105,No
spotify:track:5xEM5hIgJ1jjgcEBfpkt2F,Complicated,Let Go,Avril Lavigne,533b6f50da9b415eb4097b6c5a32473e,2023-01-24T02:57:46Z,\m/ Don’t message me today thx xoxo ,64dd0c82506b44e2b3ec9233efc62105,No
spotify:track:6OyKBwLzq4h15XmxeWf5n4,Cute Without The 'E' (Cut From The Team) - Remastered 2019,Tell All Your Friends (Remastered),Taking Back Sunday,bdd60b40c4ca4c78a0cbf518560cd06c,2023-01-23T23:35:20Z,"""The truth is you could slit my throat And with my one last gasping breath I'd apologize for bleeding on your shirt""",64dd0c82506b44e2b3ec9233efc62105,No
spotify:track:6rZ4Q8YW88xCERDq0AEbmt,Rusholme Ruffians - 2011 Remaster,Meat Is Murder,The Smiths,a42c0c643fe34d04b0795aeb631c3e65,2023-01-24T00:11:24Z,I might walk home alone/but my faith in love is still devout ,64dd0c82506b44e2b3ec9233efc62105,No
spotify:track:6yh3Hdk6LZXQAsuq028hwU,You Vandal,Through Being Cool,Saves The Day,e1e3b5e4480d48929de8803f29c0e1bf,2023-01-24T19:46:18Z,My spleen is dripping from my pants ,64dd0c82506b44e2b3ec9233efc62105,No
spotify:track:0yoL0tED0fSdjcAGOnmJam,Oakland Nights (feat. Sia),The Unauthorized Bash Brothers Experience,"The Unauthorized Bash Brothers Experience, The Lonely Island, Sia",e305e2cab85b4f929234bfdf98d6c6d0,2023-01-25T19:38:11Z,,34776bc108234562b4fbf9b59764fc82,No
spotify:track:126n2OfSZX2ZfA6D5gp3py,To Old Friends and New,The Monitor,Titus Andronicus,9bbd7b198c6447b097e31d0e543fa630,2023-01-26T21:22:41Z,,34776bc108234562b4fbf9b59764fc82,No
spotify:track:154Ada4WZXskIMnsKiy26u,Let's Have A Kiki,Magic Hour (Deluxe),Scissor Sisters,533b6f50da9b415eb4097b6c5a32473e,2023-01-25T23:01:03Z,"Round 5, camp. 

This song and Scissor Sisters really capture the essence ✨ of camp. I didn’t pick it because I wasn’t in the league yet ",34776bc108234562b4fbf9b59764fc82,No
spotify:track:1fOc4Kf82a6J1C9gS5sE0d,Changes,Changes,"Charles Bradley, The Budos Band",58386a2a504f4fd08caed77112bedc82,2023-01-25T20:44:57Z,,34776bc108234562b4fbf9b59764fc82,No
spotify:track:1Gr0kbo4cgxYmhJa2lZX1a,Who are you?,THE DEATH OF PEACE OF MIND,Bad Omens,08e4d35c5ac640e894e662ed7caefc66,2023-01-26T17:36:37Z,,34776bc108234562b4fbf9b59764fc82,No
spotify:track:1kqBAV3R35lVIRvhYmSI6s,Country Death Song,Hallowed Ground,Violent Femmes,1dacffd0545140b2970d73e29fe6cf33,2023-01-25T18:18:14Z,Movie round,34776bc108234562b4fbf9b59764fc82,No
spotify:track:1wkHhcUnVOMhLtA79dQaQx,Into You,Inner Monologue Part 1,Julia Michaels,5df547c9f7ed41278698daa1917fdd24,2023-01-26T22:04:48Z,,34776bc108234562b4fbf9b59764fc82,No
spotify:track:24OOfntgu3x92SB0lu3rg8,I'm going home,"Probably Nothing, Possibly Everything",Pat The Bunny,c72730c06f1c4da982b46177c20b7b1b,2023-01-25T20:06:54Z,"I almost went with this for “borderline unlistenable” because fuck me, those vocals ",34776bc108234562b4fbf9b59764fc82,No
spotify:track:32tWDn75pSPuefjz50Mek3,An Idea For A Movie,"Hitler Bad, Vandals Good",The Vandals,af81053047d4411a96fcb9dce9aec5d3,2023-01-26T07:32:54Z,Eh. This was a sure L for me if I went with this. ,34776bc108234562b4fbf9b59764fc82,No
spotify:track:35MghvJDcBxKqb1VHL6ePy,Providence,F♯ A♯ ∞,Godspeed You! Black Emperor,bdd60b40c4ca4c78a0cbf518560cd06c,2023-01-25T19:48:47Z,See Google Doc,34776bc108234562b4fbf9b59764fc82,No
spotify:track:4kAm9vwBsfKo4WBYwkIseI,I'm On Fire,On Parade,Electrelane,5be35bf564744df2a445fae855878c05,2023-01-26T03:31:29Z,"Almost submitted for the covers round, decided to save it for the ""covers of 'I'm on Fire'"" round if that ever happens. I initially thought that theme idea was just a joke and then realized how many (really good) covers of ""I'm on Fire"" I have in my library, so I've got plenty more if we do that theme. ",34776bc108234562b4fbf9b59764fc82,No
spotify:track:7luCtgAuniQXXPI9yQJTE0,Go Home,Sprained Ankle,Julien Baker,942db94f20df4bbf8653da742bb672bd,2023-01-26T00:09:37Z,"Wanna see a straight edge man scream crime ""there's more whiskey than blood in my veins?"" Cause if so, I got you.",34776bc108234562b4fbf9b59764fc82,No
spotify:track:7mmOxJnjQIiVT9nZaMxQ6w,Ceremony,Peregrine,The Appleseed Cast,e1e3b5e4480d48929de8803f29c0e1bf,2023-01-26T06:07:05Z,,34776bc108234562b4fbf9b59764fc82,No
spotify:track:0hjYuU2Z9jcKvOl39oUpeE,Diana - Remastered,Paul Anka Sings His Big 15 (Remastered),Paul Anka,1dacffd0545140b2970d73e29fe6cf33,2023-01-27T22:15:40Z,,7d78e5f821db4477aed4a81c90e698b2,No
spotify:track:0J0qN9TpDC17WcAKKZfpJs,Run Away,Run Away,"Sunstroke Project, Olia Tira",533b6f50da9b415eb4097b6c5a32473e,2023-01-28T15:53:19Z,If you recognize this song and sax (Eurovision 2011) you must like to get lost in YouTube ,7d78e5f821db4477aed4a81c90e698b2,No
spotify:track:0r3BbXQRY4V9PbLjyI5LF7,Feels Pretty Good,Together Through Time,TWRP,c72730c06f1c4da982b46177c20b7b1b,2023-01-27T22:33:21Z,I played this song at my wedding. ,7d78e5f821db4477aed4a81c90e698b2,No
spotify:track:2QCC3NcTehTdnVAIIsh4CH,____45_____,"22, A Million",Bon Iver,9bbd7b198c6447b097e31d0e543fa630,2023-01-28T15:38:43Z,Ready to get last place again.,7d78e5f821db4477aed4a81c90e698b2,No
spotify:track:2YQtAJisZ4oXd3qVK6CyEA,Miasma,Prequelle,Ghost,5df547c9f7ed41278698daa1917fdd24,2023-01-27T22:10:28Z,,7d78e5f821db4477aed4a81c90e698b2,No
spotify:track:3gxEZXUjrNbl3TlSrTGbR5,Modern Love - 2018 Remaster,Let's Dance (2018 Remaster),David Bowie,e305e2cab85b4f929234bfdf98d6c6d0,2023-01-28T02:14:05Z,"I despise saxophones (I played it for a while in my youth, so I'm allowed to say this). So I brought in a ringer for this round in the form of my phone-a-friend friend Hwei from round 1, and she chose this.",7d78e5f821db4477aed4a81c90e698b2,No
spotify:track:3Sc0IC4zdQTs22aImHEsSL,Moanin' Lisa Blues,The Simpsons Sing The Blues,The Simpsons,af81053047d4411a96fcb9dce9aec5d3,2023-01-28T03:53:00Z,I honestly know very few sax songs. ,7d78e5f821db4477aed4a81c90e698b2,No
spotify:track:3utq2FgD1pkmIoaWfjXWAU,Scenes from an Italian Restaurant,The Stranger (Legacy Edition),Billy Joel,5be35bf564744df2a445fae855878c05,2023-01-27T22:57:32Z,"I’m not going to win this season so I don’t care, I love Billy Joel! My mom is a huge fan, I was raised on his music, and we’ve seen him in concert a bunch of times. This sax solo is fantastic, you need to admit ",7d78e5f821db4477aed4a81c90e698b2,No
spotify:track:43eBgYRTmu5BJnCJDBU5Hb,Rio - 2009 Remaster,Rio (Collector's Edition),Duran Duran,58386a2a504f4fd08caed77112bedc82,2023-01-27T23:27:51Z,,7d78e5f821db4477aed4a81c90e698b2,No
spotify:track:4kO7mrAPfqIrsKwUOK5BFx,Midnight City,"Hurry Up, We're Dreaming",M83,bdd60b40c4ca4c78a0cbf518560cd06c,2023-01-27T22:15:31Z,,7d78e5f821db4477aed4a81c90e698b2,No
spotify:track:5gOd6zDC8vhlYjqbQdJVWP,Baker Street,City to City,Gerry Rafferty,e1e3b5e4480d48929de8803f29c0e1bf,2023-01-27T23:42:09Z,,7d78e5f821db4477aed4a81c90e698b2,No
spotify:track:639JHsrGV8A9qUYSXhOwsw,Summertime Gladness,Summertime Gladness,Dance Gavin Dance,08e4d35c5ac640e894e662ed7caefc66,2023-01-27T22:18:06Z,The most self-indulgent sax part ever ,7d78e5f821db4477aed4a81c90e698b2,No
spotify:track:6hTcuIQa0sxrrByu9wTD7s,Born to Run,Born To Run,Bruce Springsteen,942db94f20df4bbf8653da742bb672bd,2023-01-27T22:59:36Z,,7d78e5f821db4477aed4a81c90e698b2,No
spotify:track:7cKCz7gG84i1XLvDeM3ByT,A Night like This - 2006 Remaster,The Head on the Door (Deluxed Edition),The Cure,a42c0c643fe34d04b0795aeb631c3e65,2023-01-27T22:10:52Z,,7d78e5f821db4477aed4a81c90e698b2,No
spotify:track:0DK3veoF6i7IJrHSlNFjjL,Kingsnake,Temple Serpent,Judge Bitch,c72730c06f1c4da982b46177c20b7b1b,2023-01-29T15:47:30Z,"56k listeners. Not only does this shred, I love the album art. ",38dfa48b4ed24939b81340bfcbb30397,No
spotify:track:13XmYlS0cP23imVa4r5zTd,Untethered,BLUSH,PVA,e305e2cab85b4f929234bfdf98d6c6d0,2023-01-29T23:29:41Z,"Could be a risk - getting lots of buzz in the UK, but I've not seen them pop up in e.g. Pitchfork yet. If you remember Wet Leg from a previous round and think the singer has almost the same voice - I totally agree, it's uncanny.",38dfa48b4ed24939b81340bfcbb30397,No
spotify:track:1k1E3EJP5dpOuMW8p7UNrB,"Alone And Unaware, The Landscape Was Transformed In Front Of Our Eyes",At The Soundless Dawn,Red Sparowes,9bbd7b198c6447b097e31d0e543fa630,2023-01-29T15:39:14Z,"95,000 monthly listeners",38dfa48b4ed24939b81340bfcbb30397,No
spotify:track:1lKFFSCV3ANTPoeEStxoYE,Toasty,Holding,"Hailaker, Lowswimmer, Jemima Coulter",08e4d35c5ac640e894e662ed7caefc66,2023-01-29T17:32:55Z,Very good song with a great ending,38dfa48b4ed24939b81340bfcbb30397,No
spotify:track:1P1u2H8BTKaKTRhsQAwFH4,Thin Flesh,Butcher's Coin,Traitrs,e1e3b5e4480d48929de8803f29c0e1bf,2023-01-29T20:41:42Z,,38dfa48b4ed24939b81340bfcbb30397,No
spotify:track:27LPG7cAd5fOTNdp7noNWW,Corn Dog Sonnet No. 7,Rhombithian,Sincere Engineer,5df547c9f7ed41278698daa1917fdd24,2023-01-30T05:01:54Z,,38dfa48b4ed24939b81340bfcbb30397,No
spotify:track:2b873WRaLoF6DyD8dPuN1h,Famously Alive,Famously Alive,Guerilla Toss,942db94f20df4bbf8653da742bb672bd,2023-01-29T14:35:46Z,,38dfa48b4ed24939b81340bfcbb30397,No
spotify:track:2C6jbpHFk6iRGUCkzXuldQ,Dark Science,The Skeleton Man,Coyote Kid,58386a2a504f4fd08caed77112bedc82,2023-01-30T01:27:20Z,,38dfa48b4ed24939b81340bfcbb30397,No
spotify:track:2sP9xWHWtUGGB83ED4UiqQ,Domino Effect,Rock And Roll Part Three,Ozma,a42c0c643fe34d04b0795aeb631c3e65,2023-01-30T17:20:41Z,,38dfa48b4ed24939b81340bfcbb30397,No
spotify:track:3OQdQYHxBUN5YZDmbjc08z,Spitshine,blkswn,Smino,bdd60b40c4ca4c78a0cbf518560cd06c,2023-01-29T20:40:29Z,,38dfa48b4ed24939b81340bfcbb30397,No
spotify:track:3RO9dUztUHGMNQn6Zxn9Gl,Talking In Code,The Dust Of Retreat,Margot & The Nuclear So And So's,1dacffd0545140b2970d73e29fe6cf33,2023-01-30T15:11:45Z,,38dfa48b4ed24939b81340bfcbb30397,No
spotify:track:7EIQjSQNdlRYqYpWTpav88,Add It On,SUGAREGG,Bully,5be35bf564744df2a445fae855878c05,2023-01-30T01:47:47Z,"81k listeners, taking a real risk here ",38dfa48b4ed24939b81340bfcbb30397,No
spotify:track:7iFmqWr2KDvNJt9ZCm7V21,Presumably Dead Arm (617 Sessions),Presumably Dead Arm (617 Sessions),Sidney Gish,af81053047d4411a96fcb9dce9aec5d3,2023-01-29T20:25:56Z,So many of these Gen Z artists get popular by TikTok that I never know if I’m late to them anymore. ,38dfa48b4ed24939b81340bfcbb30397,No
spotify:track:7k6HFZe3WtGpbNUYY6Hndi,Грустная сука,Сладкая жизнь,IC3PEAK,533b6f50da9b415eb4097b6c5a32473e,2023-01-29T20:16:49Z,"1.5 million listeners, half in hiding now, but super interesting anti-Putin group ",38dfa48b4ed24939b81340bfcbb30397,No
