Spotify URI,Title,Album,Artist(s),Submitter ID,Created,Comment,Round ID,Visible To Voters
spotify:track:0n2SEXB2qoRQg171q7XqeW,Smooth (feat. Rob Thomas),Supernatural (Remastered),"Santana, Rob Thomas",08e4d35c5ac640e894e662ed7caefc66,2022-12-10T05:23:37Z,Still don’t know what half the words are,8af21f497b404cd0ac455f7cb80e3cc5,No
spotify:track:0rVd7bTGtrQUW34xSLzozd,Intergalactic,Solid Gold Hits,Beastie Boys,e305e2cab85b4f929234bfdf98d6c6d0,2022-12-10T21:13:55Z,"In my 1st year of studying architecture in 1998, there was kind of a revue / cabaret show hosted by the students and I wrote an architectural-themed spoof of this song, entitled ""Axonometric"". It bombed hard. I flunked out at the end of the year (but I'm about 85% certain it wasn't because of the song). ",8af21f497b404cd0ac455f7cb80e3cc5,No
spotify:track:1Je1IMUlBXcx1Fz0WE7oPT,Wannabe,Spice,Spice Girls,af81053047d4411a96fcb9dce9aec5d3,2022-12-10T16:49:37Z,,8af21f497b404cd0ac455f7cb80e3cc5,No
spotify:track:1OxcIUqVmVYxT6427tbhDW,Fly Away,5,Lenny Kravitz,4507c66e07c04112934e17fa212d1850,2022-12-10T21:10:10Z,,8af21f497b404cd0ac455f7cb80e3cc5,No
spotify:track:1qPbGZqppFwLwcBC1JQ6Vr,Wonderwall,(What's The Story) Morning Glory?,Oasis,58386a2a504f4fd08caed77112bedc82,2022-12-10T08:54:31Z,Knowing all the words to early Oasis is the curse of the Brit growing up in the 90s ,8af21f497b404cd0ac455f7cb80e3cc5,No
spotify:track:1ru5R5iSawvuMELqKXxLjS,The Impression That I Get,Let's Face It,The Mighty Mighty Bosstones,4ccc127d57474818b0f102faa64693ca,2022-12-10T19:41:38Z,,8af21f497b404cd0ac455f7cb80e3cc5,No
spotify:track:2ouURa1AIXp3AvkS52Jry5,Every Morning,14:59,Sugar Ray,c72730c06f1c4da982b46177c20b7b1b,2022-12-10T09:22:02Z,Shameful. ,8af21f497b404cd0ac455f7cb80e3cc5,No
spotify:track:31AOj9sFz2gM0O3hMARRBx,Losing My Religion,Out Of Time (25th Anniversary Edition),R.E.M.,a42c0c643fe34d04b0795aeb631c3e65,2022-12-10T05:38:34Z,Ohhhhhhhhh life ,8af21f497b404cd0ac455f7cb80e3cc5,No
spotify:track:37EJtTS7jT5WUyXGZzrwnI,Santa Monica,Sparkle And Fade,Everclear,1dacffd0545140b2970d73e29fe6cf33,2022-12-10T16:10:11Z,,8af21f497b404cd0ac455f7cb80e3cc5,No
spotify:track:3MjUtNVVq3C8Fn0MP3zhXa,...Baby One More Time,...Baby One More Time (Digital Deluxe Version),Britney Spears,5df547c9f7ed41278698daa1917fdd24,2022-12-10T04:04:29Z,"been listening to this one all day, had to submit it",8af21f497b404cd0ac455f7cb80e3cc5,No
spotify:track:42et6fnHCw1HIPSrdPprMl,Semi-Charmed Life,Third Eye Blind,Third Eye Blind,bdd60b40c4ca4c78a0cbf518560cd06c,2022-12-10T04:02:43Z,,8af21f497b404cd0ac455f7cb80e3cc5,No
spotify:track:4LmlGaGTEbTGE5VngAbpA3,Come To My Window,Yes I Am,Melissa Etheridge,97744bcd744748ba93aa8abff9abf20e,2022-12-10T04:03:37Z,,8af21f497b404cd0ac455f7cb80e3cc5,No
spotify:track:4o7ZPI2fmEi3piRe0Hrfpy,Hey Jealousy,New Miserable Experience,Gin Blossoms,e1e3b5e4480d48929de8803f29c0e1bf,2022-12-10T04:13:50Z,,8af21f497b404cd0ac455f7cb80e3cc5,No
spotify:track:4ZD6SiaJi75smnel0d7jl3,Spiderwebs,Tragic Kingdom,No Doubt,5be35bf564744df2a445fae855878c05,2022-12-10T15:11:34Z,and iiiiiitt’s all yooouuurr fault,8af21f497b404cd0ac455f7cb80e3cc5,No
spotify:track:5YScXJKtefsgdskIy60N7A,Tubthumping,Tubthumper,Chumbawamba,b35ca5c6db16440d948b0a50d6f02803,2022-12-10T04:15:00Z,,8af21f497b404cd0ac455f7cb80e3cc5,No
spotify:track:6Qyc6fS4DsZjB2mRW9DsQs,Iris,Dizzy up the Girl,The Goo Goo Dolls,f3d2328042034f2aa54dd137af087de6,2022-12-10T20:25:56Z,,8af21f497b404cd0ac455f7cb80e3cc5,No
spotify:track:7cz70nyRXlCJOE85whEkgU,Flagpole Sitta,Where Have All The Merrymakers Gone?,Harvey Danger,9bbd7b198c6447b097e31d0e543fa630,2022-12-10T04:09:53Z,"To be clear, I do not stop myself from singing this song. Ever. This song fucking rules as hard now as it did then. ￼",8af21f497b404cd0ac455f7cb80e3cc5,No
spotify:track:7EZC6E7UjZe63f1jRmkWxt,Zombie,No Need To Argue (The Complete Sessions 1994-1995),The Cranberries,942db94f20df4bbf8653da742bb672bd,2022-12-10T05:28:31Z,So many weird vocal things I definitely can't do but still do...,8af21f497b404cd0ac455f7cb80e3cc5,No
spotify:track:04flu1A6UXP4Stissk3G1l,A Disappearing Act,Vaxis II: A Window of the Waking Mind,Coheed and Cambria,08e4d35c5ac640e894e662ed7caefc66,2022-12-11T19:31:04Z,This song is definitively some kind of synthy arena pop and Coheed is definitively prog rock/nu metal adjacent/dork rock ,765726cdebd14d33b8e74ac90d831f50,No
spotify:track:1aEiCQoYAqUSlCQSJGS8oC,My Blue Heaven,Aeroplane Flies High (Deluxe Edition),The Smashing Pumpkins,e305e2cab85b4f929234bfdf98d6c6d0,2022-12-11T18:38:21Z,,765726cdebd14d33b8e74ac90d831f50,No
spotify:track:2AX5E86cn9n2dgioZEjirI,Golden Brown,La Folie,The Stranglers,97744bcd744748ba93aa8abff9abf20e,2022-12-11T18:10:26Z,,765726cdebd14d33b8e74ac90d831f50,No
spotify:track:2gLoNwA3ENyOnL9ovPzWzY,Enter Sandman,In A Metal Mood: No More Mr. Nice Guy,Pat Boone,58386a2a504f4fd08caed77112bedc82,2022-12-11T19:57:17Z,Gospel singer and God lover doing Metallica,765726cdebd14d33b8e74ac90d831f50,No
spotify:track:2IsmtkIDtBptK6LZxnfDwn,"Courtney, just relax",Rouge Carpet Disaster,Static Dress,5df547c9f7ed41278698daa1917fdd24,2022-12-11T18:34:49Z,,765726cdebd14d33b8e74ac90d831f50,No
spotify:track:2nfOOSbwuJaLN3Kkx3tQg2,Shakedown Street,Shakedown Street,Grateful Dead,5be35bf564744df2a445fae855878c05,2022-12-11T19:19:32Z,Grateful Dead pretending to be a disco band with surprisingly great results ,765726cdebd14d33b8e74ac90d831f50,No
spotify:track:2WzWwYoxWIqyjzIaazsqYV,Doritos & Fritos,Doritos & Fritos,100 gecs,c72730c06f1c4da982b46177c20b7b1b,2022-12-11T18:24:23Z,It fucks and sounds very little like the rest of their work. ,765726cdebd14d33b8e74ac90d831f50,No
spotify:track:2zukJM7L9Czqp3Jt1Uh5A6,Stealth,Recipe For Hate,Bad Religion,af81053047d4411a96fcb9dce9aec5d3,2022-12-12T17:42:34Z,Aged as bad as the band members.,765726cdebd14d33b8e74ac90d831f50,No
spotify:track:3kElsqAAsXufjGoislH6nT,Tamarack's Gold Returns,Autumn Eternal,Panopticon,bdd60b40c4ca4c78a0cbf518560cd06c,2022-12-11T06:03:39Z,I don’t think black metal has a banjo in it,765726cdebd14d33b8e74ac90d831f50,No
spotify:track:437IwbFMdX8v8fPE6mNkFb,Alone,God Luck and Good Speed,Weedeater,942db94f20df4bbf8653da742bb672bd,2022-12-11T15:26:33Z,"As a straight edge dude, it pains me to say this, but goddamn I fucking love Weedeater.",765726cdebd14d33b8e74ac90d831f50,No
spotify:track:4jINAOMp6L8EhuXCSkcoda,Heart Attack Man,Ill Communication,Beastie Boys,9bbd7b198c6447b097e31d0e543fa630,2022-12-11T14:26:44Z,,765726cdebd14d33b8e74ac90d831f50,No
spotify:track:50TP6tptvlokXNQOUStXiL,Beer Goggles,Fush Yu Mang (20th Anniversary Edition),Smash Mouth,1dacffd0545140b2970d73e29fe6cf33,2022-12-11T16:33:08Z,,765726cdebd14d33b8e74ac90d831f50,No
spotify:track:5n8bg0xSrg3v1q2icSzyG8,Corpse Rotting In Hell,Musical Monkey,Guttermouth,e1e3b5e4480d48929de8803f29c0e1bf,2022-12-11T06:19:47Z,,765726cdebd14d33b8e74ac90d831f50,No
spotify:track:66dQdXAbtuPdSasezCQVZE,SUMMER,SATURATION II,BROCKHAMPTON,f3d2328042034f2aa54dd137af087de6,2022-12-11T16:20:18Z,,765726cdebd14d33b8e74ac90d831f50,No
spotify:track:6J2Y5iz8C5b83ndoPun6aF,NEW HEART DESIGN,GLOW ON,Turnstile,4ccc127d57474818b0f102faa64693ca,2022-12-11T19:24:19Z,"I like it, but a Bruno Mars/Police pop jam in the middle of this punk masterpiece of an album is always a bit odd to me",765726cdebd14d33b8e74ac90d831f50,No
spotify:track:7BLgqnMcQfZfAODK1PtzGY,All We Ever Wanted Was Everything,Late Night Tales: Mgmt,MGMT,a42c0c643fe34d04b0795aeb631c3e65,2022-12-11T19:41:46Z,,765726cdebd14d33b8e74ac90d831f50,No
spotify:track:0WJTdVboKc2KI1DzzAWyYM,Foil,Mandatory Fun,"""Weird Al"" Yankovic",942db94f20df4bbf8653da742bb672bd,2022-12-13T20:27:22Z,Lets see if a lyrical shift can get me some points...,c9430262cce7418c803cd7284f2f799d,No
spotify:track:1LuPrOdGp4NSWVsJ2sPJOx,L'Via L'Viaquez,Frances the Mute,The Mars Volta,c72730c06f1c4da982b46177c20b7b1b,2022-12-13T23:52:42Z,Ignore the length and just groove to the bachata breakdown. ,c9430262cce7418c803cd7284f2f799d,No
spotify:track:1q6qol2S6DVzblAZuXT02K,Tyrants,The Balcony,Catfish and the Bottlemen,08e4d35c5ac640e894e662ed7caefc66,2022-12-14T01:09:41Z,"Not a *dramatic* change but a change! (To whomever commented about Welsh music in the foreign song round, this band is from Wales.)",c9430262cce7418c803cd7284f2f799d,No
spotify:track:2cmRpmO04TLaKPzmAzySYZ,Dance Yrself Clean,This Is Happening,LCD Soundsystem,58386a2a504f4fd08caed77112bedc82,2022-12-13T20:21:03Z,,c9430262cce7418c803cd7284f2f799d,No
spotify:track:2uzyiRdvfNI5WxUiItv1y9,Hocus Pocus,The Best Of Focus / Hocus Pocus (Incl WC 2010 Version of 'Hocus Pocus'),Focus,bdd60b40c4ca4c78a0cbf518560cd06c,2022-12-13T19:53:13Z,,c9430262cce7418c803cd7284f2f799d,No
spotify:track:36i2jttVUfwOptYc7a8Nmf,Title Track,Celebrity Therapist,The Callous Daoboys,5df547c9f7ed41278698daa1917fdd24,2022-12-13T21:19:52Z,,c9430262cce7418c803cd7284f2f799d,No
spotify:track:3skk6UIXV4kepq2bdYy97g,"I've Seen All Good People: a. Your Move, b. All Good People - 2003 Remaster",The Yes Album (Deluxe Edition),Yes,5be35bf564744df2a445fae855878c05,2022-12-13T20:36:59Z,I’m sorry it’s boomer music again but you have to admit it’s a GREAT change-up,c9430262cce7418c803cd7284f2f799d,No
spotify:track:453spNn4mGdYErYt3rGhSX,Kettering,Hospice,The Antlers,e1e3b5e4480d48929de8803f29c0e1bf,2022-12-13T20:08:52Z,,c9430262cce7418c803cd7284f2f799d,No
spotify:track:4611nkfmcc1bCYRVqeSCHN,A Quick One While He's Away - Remastered 2018,The Rolling Stones Rock And Roll Circus (Expanded),The Who,97744bcd744748ba93aa8abff9abf20e,2022-12-13T21:17:40Z,,c9430262cce7418c803cd7284f2f799d,No
spotify:track:4cDjzhAnnQykQVNlLG5x8H,The Lotus Eater,Watershed,Opeth,4ccc127d57474818b0f102faa64693ca,2022-12-13T20:02:00Z,"Oboe solo to death metal banger to mellotron dirge to prog rock freakout? Yes, I'll take all of it plz",c9430262cce7418c803cd7284f2f799d,No
spotify:track:4i7aFAyg7NB40tDjzvlkZS,The Prophet,How It Feels To Be Something On,Sunny Day Real Estate,af81053047d4411a96fcb9dce9aec5d3,2022-12-14T01:27:42Z,REALLY struggled with this one. ,c9430262cce7418c803cd7284f2f799d,No
spotify:track:5OP03LcxG9L9Z6T2Jg12Wf,Hospital Fat Bags,I Dont Care Where I Go When I Die,Gaza,9bbd7b198c6447b097e31d0e543fa630,2022-12-13T20:26:22Z,There ain’t no future in this.,c9430262cce7418c803cd7284f2f799d,No
spotify:track:63OCFd6gIosjGQ3x7F6lBW,I've Got a Theory / Bunnies / If We're Together,"Buffy the Vampire Slayer: Once More, With Feeling",Buffy the Vampire Slayer Cast,e305e2cab85b4f929234bfdf98d6c6d0,2022-12-13T21:03:49Z,,c9430262cce7418c803cd7284f2f799d,No
spotify:track:6LgJvl0Xdtc73RJ1mmpotq,Paranoid Android,OK Computer,Radiohead,4507c66e07c04112934e17fa212d1850,2022-12-13T20:19:52Z,Obvious choice but I don't care lol,c9430262cce7418c803cd7284f2f799d,No
spotify:track:7bNRoMMuosDagm66lErRYK,27 Questions,Hellfire,black midi,f3d2328042034f2aa54dd137af087de6,2022-12-13T20:07:48Z,,c9430262cce7418c803cd7284f2f799d,No
spotify:track:7GG3SfTgTBsA4ZYFu5NkAX,Pitch Black,Thoughtz & Prayerz,Heart Attack Man,1dacffd0545140b2970d73e29fe6cf33,2022-12-13T23:19:26Z,,c9430262cce7418c803cd7284f2f799d,No
spotify:track:02bFBxBGxy5PNm787Crmow,Comin' Home,Red of Tooth and Claw,Murder By Death,4ccc127d57474818b0f102faa64693ca,2022-12-15T01:45:33Z,,0405b041419f46acbd78df37ff47870e,No
spotify:track:0flNdajATu2qfvDWtWzNUv,PAWG,PAWG,Big Papi Sosa,c72730c06f1c4da982b46177c20b7b1b,2022-12-15T00:01:38Z,🤷🏻‍♀️🍑,0405b041419f46acbd78df37ff47870e,No
spotify:track:0gdmDP6xy3ZV7JNoHWAN9k,Town Called Malice,The Gift,The Jam,97744bcd744748ba93aa8abff9abf20e,2022-12-14T23:15:03Z,,0405b041419f46acbd78df37ff47870e,No
spotify:track:12RKj8bgClRJ8fKAoO5NPp,Devil Knows You're Dead,History from Below,"Delta Spirit, Elijah Thomson, Bo Koster",5be35bf564744df2a445fae855878c05,2022-12-15T02:43:25Z,,0405b041419f46acbd78df37ff47870e,No
spotify:track:18lR4BzEs7e3qzc0KVkTpU,What I've Done,Minutes to Midnight,Linkin Park,f3d2328042034f2aa54dd137af087de6,2022-12-15T02:02:16Z,I drive a semi truck,0405b041419f46acbd78df37ff47870e,No
spotify:track:1aJrVsHwcQMZ8TZ6mlvT5J,A Real Hero,A Real Hero EP,"College, Electric Youth",bdd60b40c4ca4c78a0cbf518560cd06c,2022-12-14T23:13:11Z,I'd like to think I get a biopic because I'm a hero. I also am absolutely a real human bean.,0405b041419f46acbd78df37ff47870e,No
spotify:track:1fMQ3xZqPn5K87R7COXM23,Memoriam,Memorial,Russian Circles,e1e3b5e4480d48929de8803f29c0e1bf,2022-12-15T00:02:47Z,"My biopic would be boring as fuck, but a highlight would be the dramatic scene where I got my first Hard Times headline approved. ",0405b041419f46acbd78df37ff47870e,No
spotify:track:2Fj022t0OehxBxQGz3qkor,Bury Me in Analog,Photographs from the Shoebox,Mischief Brew,1dacffd0545140b2970d73e29fe6cf33,2022-12-14T23:33:13Z,,0405b041419f46acbd78df37ff47870e,No
spotify:track:2soxUQx6rPfOk0kHNePbhq,You Can't Put Your Arms Round a Memory,So Alone,Johnny Thunders,a42c0c643fe34d04b0795aeb631c3e65,2022-12-14T23:26:51Z,,0405b041419f46acbd78df37ff47870e,No
spotify:track:31ABtQJdfloNaGz7ZhXaN5,King,Dance Fever,Florence + The Machine,08e4d35c5ac640e894e662ed7caefc66,2022-12-15T01:07:25Z,,0405b041419f46acbd78df37ff47870e,No
spotify:track:4yBfCK6PfkpPieFHtNRh8p,...And Ever,The Monitor,Titus Andronicus,9bbd7b198c6447b097e31d0e543fa630,2022-12-15T01:59:31Z,I’m imagining John Candy playing me opposite some poor fool that gets run over in every scene. Zany!,0405b041419f46acbd78df37ff47870e,No
spotify:track:6kZPK4n6sWhCnEsrD3R6Mz,The Body is True,Made Flesh,Extra Life,942db94f20df4bbf8653da742bb672bd,2022-12-15T04:19:20Z,"100% sure I'm getting less than 5 points on this one, but whatever. My movie is going to kick your movie's ass.",0405b041419f46acbd78df37ff47870e,No
spotify:track:74uoN2UfgdUAzwVeFaRUE2,Me & My Dog,boygenius,"boygenius, Julien Baker, Phoebe Bridgers, Lucy Dacus",5df547c9f7ed41278698daa1917fdd24,2022-12-15T07:05:15Z,“i dream about it”,0405b041419f46acbd78df37ff47870e,No
spotify:track:7ee1XEOzZgzTQWNaiHZvKY,You're Wondering Now,Back To Black (Deluxe Edition),Amy Winehouse,58386a2a504f4fd08caed77112bedc82,2022-12-15T07:03:54Z,,0405b041419f46acbd78df37ff47870e,No
spotify:track:7KFcK6EDxAl0HrFoFhTsuC,It's A Motherfucker,Daisies Of The Galaxy,Eels,e305e2cab85b4f929234bfdf98d6c6d0,2022-12-15T00:04:01Z,,0405b041419f46acbd78df37ff47870e,No
spotify:track:7loihWvB8oMGYr3OIVu11B,Joy,Searching for a Former Clarity,Against Me!,af81053047d4411a96fcb9dce9aec5d3,2022-12-14T23:31:44Z,I’ve used this many times as writing inspiration and remains the music my “personal” screenplay ends on. ,0405b041419f46acbd78df37ff47870e,No
spotify:track:7o67roCVsFiCt7Cf0ZLOJq,Out of Touch,The Very Best of Daryl Hall / John Oates,Daryl Hall & John Oates,4507c66e07c04112934e17fa212d1850,2022-12-15T00:49:10Z,Played enough Vice City for this to be fitting ,0405b041419f46acbd78df37ff47870e,No
spotify:track:03oGuFCOUMqCbNmBhjXaCp,Guts,GET Real,Math The Band,1dacffd0545140b2970d73e29fe6cf33,2022-12-16T18:12:26Z,,de46160cf1de4448b71f418a1bc1dcef,No
spotify:track:17WbJSBfKpCkt5U12QtOfY,Subway Song - 2005 Remaster,Three Imaginary Boys (Deluxe Edition),The Cure,5df547c9f7ed41278698daa1917fdd24,2022-12-16T03:19:09Z,,de46160cf1de4448b71f418a1bc1dcef,No
spotify:track:1dlsDScZgvZO5FrIljHlqR,The Earth Died Screaming,Bone Machine,Tom Waits,5be35bf564744df2a445fae855878c05,2022-12-16T04:19:47Z,,de46160cf1de4448b71f418a1bc1dcef,No
spotify:track:1JSTJqkT5qHq8MDJnJbRE1,Every Breath You Take,Synchronicity (Remastered 2003),The Police,c72730c06f1c4da982b46177c20b7b1b,2022-12-16T13:44:23Z,The ultimate stalker anthem ,de46160cf1de4448b71f418a1bc1dcef,No
spotify:track:1RMhpTkbB6DIIOhS2PKZoM,Horses,In Spite Of Wishing And Wanting,David Byrne,4507c66e07c04112934e17fa212d1850,2022-12-16T08:31:38Z,what,de46160cf1de4448b71f418a1bc1dcef,No
spotify:track:1Vchex0xowRj9k59RLvRfo,Tip Toe Thru' the Tulips with Me,God Bless Tiny Tim,Tiny Tim,f3d2328042034f2aa54dd137af087de6,2022-12-16T16:44:24Z,,de46160cf1de4448b71f418a1bc1dcef,No
spotify:track:2clWBiCpqRUssQH8FiTldc,Threnody to the Victims of Hiroshima,"Penderecki: Orchestral Works, Vol. 1","Krzysztof Penderecki, Cracow Philharmonic Orchestra, Wojciech Czepiel",58386a2a504f4fd08caed77112bedc82,2022-12-16T20:47:01Z,,de46160cf1de4448b71f418a1bc1dcef,No
spotify:track:2dDSDe9jCdcF1fn4SVPaRC,Hello Ma' Baby,More of the Wonderful Belgian Band Organ,Paul Eakins' Mortier Belgian Band Organ,4ccc127d57474818b0f102faa64693ca,2022-12-16T18:47:31Z,,de46160cf1de4448b71f418a1bc1dcef,No
spotify:track:2DFRFqWNahKtFD112H2iEZ,Do You Realize??,Yoshimi Battles the Pink Robots,The Flaming Lips,e1e3b5e4480d48929de8803f29c0e1bf,2022-12-16T03:35:21Z,Do you realize that this song triggers existential dread?,de46160cf1de4448b71f418a1bc1dcef,No
spotify:track:2PDQReEXBViVwkrbQ34vd7,Climbing Up the Walls,OK Computer,Radiohead,e305e2cab85b4f929234bfdf98d6c6d0,2022-12-16T03:23:06Z,"This may present as a shameless attempt at a points-grab given the recent success of Paranoid Android, but it's actually more because I last-minute swerved from my initial choice of ""....A Psychopath"" by Lisa Germano, which on closer inspection may have actually needed a genuine trigger warning (which I'm guessing isn't what people are looking for from their Music League experience).",de46160cf1de4448b71f418a1bc1dcef,No
spotify:track:2Rm2upj9s9t3ocdNtpvluJ,Don't Explain,Nina,Xiu Xiu,942db94f20df4bbf8653da742bb672bd,2022-12-16T05:00:46Z,tfw Nina Simone is about to murder you,de46160cf1de4448b71f418a1bc1dcef,No
spotify:track:2SzvA3lgJYR7JUOkjAnX6y,Christmas Don't Be Late,I Dream Of Christmas,Norah Jones,af81053047d4411a96fcb9dce9aec5d3,2022-12-16T03:25:44Z,"Ok, hear me out. This song plays CONSISTENTLY around 2am on the radio. We’ve been leaving it on for our newborn to sleep to Christmas music on KOST 103.5 and this is the biggest drawback of that. I love the original AND Norah but combined it scares the hell out of me while I’m trying to sleep. The slight detuning and slow tempo screams horror film. ",de46160cf1de4448b71f418a1bc1dcef,No
spotify:track:3LKfHbhF3HAyWA2IcoE1lP,Complicated Game - 2001 Digital Remaster,Drums And Wires,XTC,a42c0c643fe34d04b0795aeb631c3e65,2022-12-16T20:55:15Z,,de46160cf1de4448b71f418a1bc1dcef,No
spotify:track:3qt2rlmV3nJ6fVG07IrIHe,Dog At The Door,Spirit World Field Guide,Aesop Rock,9bbd7b198c6447b097e31d0e543fa630,2022-12-16T03:50:25Z,This was hard—there were four or five I was walking between—so I picked an oddly-paced paranoia jam.,de46160cf1de4448b71f418a1bc1dcef,No
spotify:track:5aC0QmgjYGG8QYgAg06nTk,Planet Claire,The B-52's,The B-52's,97744bcd744748ba93aa8abff9abf20e,2022-12-16T15:57:33Z,,de46160cf1de4448b71f418a1bc1dcef,No
spotify:track:5Ei4MN21y7ZQLfnPJW9L60,My Limb,FLOWERS for VASES / descansos,Hayley Williams,08e4d35c5ac640e894e662ed7caefc66,2022-12-16T03:54:14Z,❤️‍🔥,de46160cf1de4448b71f418a1bc1dcef,No
spotify:track:7I5eQZFdlPV8LZWH2FeqaW,Goodbye Horses,Goodbye Horses - Single,Q Lazzarus,bdd60b40c4ca4c78a0cbf518560cd06c,2022-12-16T03:18:24Z,Put the lotion in the basket,de46160cf1de4448b71f418a1bc1dcef,No
spotify:track:0DHbBvRnc9SaiUJVYj6g48,Holiday,Something to Write Home About,The Get Up Kids,bdd60b40c4ca4c78a0cbf518560cd06c,2022-12-17T01:25:17Z,Technically they say ‘holidays’,9447447e5a444c5a89ae641eff38b214,No
spotify:track:0GegHVxeozw3rdjte45Bfx,White Winter Hymnal,Fleet Foxes,Fleet Foxes,a42c0c643fe34d04b0795aeb631c3e65,2022-12-17T01:24:48Z,,9447447e5a444c5a89ae641eff38b214,No
spotify:track:0WtTqjocYc6CIfQFV1760X,Merry Muthafuckin' Xmas,5150 Home 4 Tha Sick,"Eazy-E, Dolemite, Atban Klann, Buckwheat, Menajahtwa",5be35bf564744df2a445fae855878c05,2022-12-17T01:21:11Z,,9447447e5a444c5a89ae641eff38b214,No
spotify:track:1dlO7CncE79hCspdTO99Fz,God Rest Ye Merry Gentlemen,Christmas Songs,Bad Religion,4ccc127d57474818b0f102faa64693ca,2022-12-17T01:09:18Z,,9447447e5a444c5a89ae641eff38b214,No
spotify:track:1GbyYL0B0Mjn3kSbrEwKKI,The Power Of Love,Welcome To The Pleasuredome,Frankie Goes To Hollywood,58386a2a504f4fd08caed77112bedc82,2022-12-17T19:48:34Z,,9447447e5a444c5a89ae641eff38b214,No
spotify:track:1sxOACEZ2xAMRB0TLaCwIl,Gutless,Live Through This,Hole,5df547c9f7ed41278698daa1917fdd24,2022-12-17T15:50:48Z,"santa claus is mentioned. therefore, it’s christmas enough for me ",9447447e5a444c5a89ae641eff38b214,No
spotify:track:1tjKIXd7DYNklhVSgBxREi,A Long December,Recovering The Satellites,Counting Crows,9bbd7b198c6447b097e31d0e543fa630,2022-12-17T02:31:32Z,A carol that should absolutely be karaoked at your company Christmas party.,9447447e5a444c5a89ae641eff38b214,No
spotify:track:29NwJVWUThXhuVr75Drycq,Reindeer,The Knife,The Knife,e305e2cab85b4f929234bfdf98d6c6d0,2022-12-17T01:06:06Z,,9447447e5a444c5a89ae641eff38b214,No
spotify:track:2LcBjt97tnX1dd2AhceQXn,New Year's Day,War,U2,e1e3b5e4480d48929de8803f29c0e1bf,2022-12-17T01:05:22Z,,9447447e5a444c5a89ae641eff38b214,No
spotify:track:3yWAyRHfclztY1TzF2gAUD,Always Something There to Remind Me - 2018 Remaster,Naked Eyes,Naked Eyes,c72730c06f1c4da982b46177c20b7b1b,2022-12-17T14:50:44Z,The eighth note church bells dude come onnnn,9447447e5a444c5a89ae641eff38b214,No
spotify:track:4D0J6CjPiBSG8nA5OXlhZ2,Oi To The World,"Everything In Time (B-Sides, Rarities, Remixes)",No Doubt,08e4d35c5ac640e894e662ed7caefc66,2022-12-17T01:41:31Z,,9447447e5a444c5a89ae641eff38b214,No
spotify:track:5lE1g5Qsi1stIjYh8O5FC1,"Happy Holidays, You Bastard",Take Off Your Pants And Jacket,blink-182,f3d2328042034f2aa54dd137af087de6,2022-12-17T01:08:54Z,Great for Labor Day too,9447447e5a444c5a89ae641eff38b214,No
spotify:track:5xwmLfRd5kLb6XohkIqNV2,Joy,Joy,"Apollo 100, Tom Parker",97744bcd744748ba93aa8abff9abf20e,2022-12-17T14:19:46Z,,9447447e5a444c5a89ae641eff38b214,No
spotify:track:65pZjDk7pPnb10JO1ummV3,Oi To The World!,Oi To The World,The Vandals,af81053047d4411a96fcb9dce9aec5d3,2022-12-17T01:13:49Z,Oi Oi Oi,9447447e5a444c5a89ae641eff38b214,No
spotify:track:6BRg8FpfpKUbXeE4Jv7U5u,Christmas Card From A Hooker In Minneapolis,Blue Valentine (Remastered),Tom Waits,942db94f20df4bbf8653da742bb672bd,2022-12-17T05:06:49Z,,9447447e5a444c5a89ae641eff38b214,No
spotify:track:6leusOAUcF7GjBp0SzHsml,The Night Santa Went Crazy,Bad Hair Day,"""Weird Al"" Yankovic",1dacffd0545140b2970d73e29fe6cf33,2022-12-17T19:49:37Z,,9447447e5a444c5a89ae641eff38b214,No
spotify:track:01nnsl5d3hnWoqpuhgOxTd,Immanuel,R.K.K,Rock Kills Kid,af81053047d4411a96fcb9dce9aec5d3,2022-12-19T04:50:22Z,"562 are code legends from the early 2000’s. They were scooped up by the Hollywood machine and rebranded as Rock Kills Kid and had to change their sound after this EP. They’re semi-radio hit “Paralyzed” got some AirPlay but the sound was now too copy cat for the era and had gone from local pop punk darlings to generic radio band. I loved the original band name, The Jeff Tucker Extravaganza. Is that a name worse than Rock Kills Kid?",3c15b02643ef4a69b46b94123cae819b,No
spotify:track:1fatNy88jABXal5GAFLXVL,In Green,"Volcano, I'm Still Excited!!","Volcano, I'm Still Excited!!",1dacffd0545140b2970d73e29fe6cf33,2022-12-19T14:14:15Z,,3c15b02643ef4a69b46b94123cae819b,No
spotify:track:1pyMtrF7i0GG7sp9e5fnJN,Play The Game,Forbidden Meat,Sloppy Meateaters,e1e3b5e4480d48929de8803f29c0e1bf,2022-12-19T02:57:36Z,,3c15b02643ef4a69b46b94123cae819b,No
spotify:track:1VcGNJxvkYzNVQdIH3sRNf,Driver's Seat,A Best Of,Sniff 'n' The Tears,4507c66e07c04112934e17fa212d1850,2022-12-19T07:47:36Z,"One of the many bangers on the ""Boogie Nights"" soundtrack but holy shit what a dumb name",3c15b02643ef4a69b46b94123cae819b,No
spotify:track:2SDKPv9mCbo701ajC3LWFa,Ghost With A Boner,Aloha,Diarrhea Planet,bdd60b40c4ca4c78a0cbf518560cd06c,2022-12-19T02:34:12Z,,3c15b02643ef4a69b46b94123cae819b,No
spotify:track:2sgPm4Li8rVnTlsDwcVUnp,So American,So American,Portugal. The Man,58386a2a504f4fd08caed77112bedc82,2022-12-19T02:55:24Z,,3c15b02643ef4a69b46b94123cae819b,No
spotify:track:2uO57D5iy4YJ9eMcbnlY8y,Another Morning Stoner,Source Tags & Codes,...And You Will Know Us by the Trail of Dead,97744bcd744748ba93aa8abff9abf20e,2022-12-19T15:38:15Z,,3c15b02643ef4a69b46b94123cae819b,No
spotify:track:3f0fzXOsbwN10bnPnsIKuy,Sharks,For Screening Purposes Only,Test Icicles,a42c0c643fe34d04b0795aeb631c3e65,2022-12-19T03:13:09Z,,3c15b02643ef4a69b46b94123cae819b,No
spotify:track:3haKbJ7pxyew1i3VEOqwaB,Levitation,Two Ribbons,Let's Eat Grandma,e305e2cab85b4f929234bfdf98d6c6d0,2022-12-19T02:39:31Z,"The band name is taken from ""a grammatical joke meant to emphasise the importance of comma placement"", and not......well, not the other thing. Anyway, despite having the single most ridiculous pronunciation ever of the word ""boulevard"" (at 0.43), this absolutely thwacks.",3c15b02643ef4a69b46b94123cae819b,No
spotify:track:3KlPphEYVJjpQWCVPYI5v1,Modernbaseballiswar,Ablum 3,Worlds Scariest Police Chases,4ccc127d57474818b0f102faa64693ca,2022-12-19T19:35:43Z,I wrote a Hard Times article about how fucking confusing this band's name is,3c15b02643ef4a69b46b94123cae819b,No
spotify:track:41iieDUNwfGToue7T9YBJU,Bad Biology,Heaven,DILLY DALLY,5df547c9f7ed41278698daa1917fdd24,2022-12-19T02:51:44Z,,3c15b02643ef4a69b46b94123cae819b,No
spotify:track:50YD2N2MDZkKdmMvRWMmwj,Homeless in Heathrow,Dirty Power,Fartbarf,c72730c06f1c4da982b46177c20b7b1b,2022-12-19T03:31:25Z,"Welcome to my #3 most played song last year. These dudes just play really old analog synths and wear ape masks. They rip and I can never, ever recommend them to anyone. ",3c15b02643ef4a69b46b94123cae819b,No
spotify:track:58iWRm8dn20d1Y1WfEKi63,Gay's Okay - Millienium Edition,We Don't Play the Game - Millienium Edition,The Clitboys,942db94f20df4bbf8653da742bb672bd,2022-12-19T04:01:47Z,Guess we'll see how this one does...,3c15b02643ef4a69b46b94123cae819b,No
spotify:track:5cZqsjVs6MevCnAkasbEOX,Break Stuff,Significant Other,Limp Bizkit,f3d2328042034f2aa54dd137af087de6,2022-12-19T02:36:01Z,It’s just one of those days…,3c15b02643ef4a69b46b94123cae819b,No
spotify:track:6mvPXWsBGxRecWhvxaaFAG,I Love You 'Cause I Have To,Please Describe Yourself,Dogs Die In Hot Cars,5be35bf564744df2a445fae855878c05,2022-12-19T03:41:31Z,,3c15b02643ef4a69b46b94123cae819b,No
spotify:track:71acYyonlfdPHddsxdKuVo,At the Turf Field Behind My Parents' House,Memory Lame,Giraffes? Giraffes!,9bbd7b198c6447b097e31d0e543fa630,2022-12-19T04:06:24Z,"Fun jam. Terrible name(s). Still, I kinda like when the song titles were long and dumb. ",3c15b02643ef4a69b46b94123cae819b,No
spotify:track:7JA5MCaSBgKJRWpQNqBire,Hunters,Dream Hunting in the Valley of the In-Between,Man Man,08e4d35c5ac640e894e662ed7caefc66,2022-12-19T02:49:31Z,"The band members’ names are as follows: Honus Honus, Mature Kevin, Jazz Diesel, Eggs Foster, and Topanga Sam. They have roughly 25 former band members. Honus Honus is married to Constance Wu from Crazy Rich Asians. ",3c15b02643ef4a69b46b94123cae819b,No
spotify:track:1cFd3E19rCUBPpuVMgVKmV,Miniskirt,Deep In the Iris,Braids,e305e2cab85b4f929234bfdf98d6c6d0,2022-12-20T12:22:44Z,This fucks me up,5027388b79bf459e9bf7d90e84758f14,No
spotify:track:1QdijT3d4feqhc39m9Wm6a,Something Right,Stovall,Microwave,bdd60b40c4ca4c78a0cbf518560cd06c,2022-12-20T04:30:50Z,I always think I'm gonna make it but the end gets me everytime,5027388b79bf459e9bf7d90e84758f14,No
spotify:track:213mTndiThhKdOU38FBHAb,in a breath,Love Me Forever,Pinkshift,5df547c9f7ed41278698daa1917fdd24,2022-12-20T04:33:07Z,Love Me Forever is my AOTY but sometimes I have to skip this track because it brings me to tears every time. 10/10 would cry to Pinkshift again.,5027388b79bf459e9bf7d90e84758f14,No
spotify:track:28cnXtME493VX9NOw9cIUh,Hurt,American IV: The Man Comes Around,Johnny Cash,58386a2a504f4fd08caed77112bedc82,2022-12-20T20:35:04Z,,5027388b79bf459e9bf7d90e84758f14,No
spotify:track:2JFrlsJBH4IDt3Suot97dP,What Sarah Said,Plans,Death Cab for Cutie,af81053047d4411a96fcb9dce9aec5d3,2022-12-20T05:55:07Z,Just sob. ,5027388b79bf459e9bf7d90e84758f14,No
spotify:track:3M2bD9SMYnJIPdrTKUnBd3,I Know It's Over - 2011 Remaster,The Queen Is Dead,The Smiths,a42c0c643fe34d04b0795aeb631c3e65,2022-12-20T04:31:09Z,But it never really began ,5027388b79bf459e9bf7d90e84758f14,No
spotify:track:3YrKk2lHI0fqPsvpomlgdg,My Chasm,A Crow Looked at Me,Mount Eerie,942db94f20df4bbf8653da742bb672bd,2022-12-20T13:29:16Z,,5027388b79bf459e9bf7d90e84758f14,No
spotify:track:4PxzGOH79jcmmldKgoI9sB,I Wish I Was the Moon,Blacklisted,Neko Case,5be35bf564744df2a445fae855878c05,2022-12-20T17:07:04Z,"I think it was used in a tv show but is about the death of her estranged father and just an achingly beautiful song. Always gets me, especially driving alone at night ",5027388b79bf459e9bf7d90e84758f14,No
spotify:track:4sYn64V9gqP6bpkOGw5B9k,Your Hand In Mine - Remastered,The Earth Is Not a Cold Dead Place (Anniversary Edition),Explosions In The Sky,e1e3b5e4480d48929de8803f29c0e1bf,2022-12-20T04:42:09Z,I played this song in the hospital after both my kids were born. First song they ever heard. ,5027388b79bf459e9bf7d90e84758f14,No
spotify:track:4xFNWqI3kQ34kNKMplWsk2,The Biggest Lie,Elliott Smith,Elliott Smith,f3d2328042034f2aa54dd137af087de6,2022-12-20T04:30:27Z,,5027388b79bf459e9bf7d90e84758f14,No
spotify:track:53TIOhzNpRpl8xKdscSQSv,Casimir Pulaski Day,Illinois,Sufjan Stevens,c72730c06f1c4da982b46177c20b7b1b,2022-12-20T06:10:06Z,Fuck you Sufjan,5027388b79bf459e9bf7d90e84758f14,No
spotify:track:5bil0D8WSuxyGSDLA4LxZK,Virtute the Cat Explains Her Departure,Reunion Tour,The Weakerthans,1dacffd0545140b2970d73e29fe6cf33,2022-12-20T14:21:14Z,I named my cat virtue and I know that when she dies (in like 10-15 years hopefully) I will just be absolutely inconsolable for weeks after,5027388b79bf459e9bf7d90e84758f14,No
spotify:track:5fQa04cwDF11Giq5N2tGdU,After Rain,After Rain,Dermot Kennedy,08e4d35c5ac640e894e662ed7caefc66,2022-12-20T04:47:24Z,"everything this mans writes tbh
",5027388b79bf459e9bf7d90e84758f14,No
spotify:track:5k7VKj1Xwy5DjO4B0PdAOb,Nude,In Rainbows,Radiohead,4507c66e07c04112934e17fa212d1850,2022-12-20T18:39:10Z,"Thom you son of a bitch, you've done it again",5027388b79bf459e9bf7d90e84758f14,No
spotify:track:702Gf3Gh3NsC1KbCFrlrpe,The Concept,Bandwagonesque,Teenage Fanclub,97744bcd744748ba93aa8abff9abf20e,2022-12-20T05:41:45Z,,5027388b79bf459e9bf7d90e84758f14,No
spotify:track:7FCiDC7ojdm19CJePq6QAe,Vera,The Wall,Pink Floyd,4ccc127d57474818b0f102faa64693ca,2022-12-20T18:10:14Z,"Had a great aunt named Vera who had dementia at the end, so this usually gets skipped unless I'm really feeling the feels.",5027388b79bf459e9bf7d90e84758f14,No
spotify:track:7MeUFHaHTgcLqz56vSyvIh,King Park,Wildlife,La Dispute,9bbd7b198c6447b097e31d0e543fa630,2022-12-20T04:42:43Z,Hearing the mic drop/walk away…,5027388b79bf459e9bf7d90e84758f14,No
spotify:track:18ThXUp9jiQg26iD1w8reE,Don't light my fire,ITEKOMA HITS,Otoboke Beaver,5be35bf564744df2a445fae855878c05,2022-12-22T00:06:10Z,"exposing myself as probably less hardcore than most, but this song is incredibly satisfying to listen to",a537abd5b47a4561b6ee49470a4027c4,No
spotify:track:1AYi8wbamIha0MYzNie76B,Get Crazy,Party Rock,LMFAO,4ccc127d57474818b0f102faa64693ca,2022-12-21T19:10:21Z,"That nauseating, rising synth part by itself would make an impressive noise track. Also some of the worst lyrics put to tape. And yet... I love LMFAO.",a537abd5b47a4561b6ee49470a4027c4,No
spotify:track:2IIcv6DEwEF6TRm29erm9O,My Pal Foot Foot,Philosophy of the World,The Shaggs,1dacffd0545140b2970d73e29fe6cf33,2022-12-21T19:12:27Z,,a537abd5b47a4561b6ee49470a4027c4,No
spotify:track:2k3BGewd7AOJRSwgy6sFLB,Elimidate,Fright Makes Right,Coughs,942db94f20df4bbf8653da742bb672bd,2022-12-21T19:02:10Z,This is my best attempt at finding something within the extended noise music universe that other people will enjoy. Let's see how I do...,a537abd5b47a4561b6ee49470a4027c4,No
spotify:track:2UcpjCU2cpRx7DurSQb7U1,Sugar Coated Sour,Calculating Infinity,The Dillinger Escape Plan,9bbd7b198c6447b097e31d0e543fa630,2022-12-21T18:32:46Z,"The first time I heard this song, I broke out in laughter. I couldn’t believe these were sounds people made.",a537abd5b47a4561b6ee49470a4027c4,No
spotify:track:2VWSPGEyaHGAc0rNi5eGzS,Sometimes She Tasted Like Burning Plastic Smells,Cuddlemonster,The Sawtooth Grin,bdd60b40c4ca4c78a0cbf518560cd06c,2022-12-21T18:31:28Z,I picked one of the more melodic ones. Love this album.,a537abd5b47a4561b6ee49470a4027c4,No
spotify:track:2zMEKQnQq9zk5252UZxrWR,String Around a Stick,School Bus,Bob Log III,af81053047d4411a96fcb9dce9aec5d3,2022-12-21T19:17:17Z,Punk O Rama TV forced me to love this. ,a537abd5b47a4561b6ee49470a4027c4,No
spotify:track:48XnOS1vTyzqaPps0Dalzp,Ponyboy,OIL OF EVERY PEARL'S UN-INSIDES,SOPHIE,e305e2cab85b4f929234bfdf98d6c6d0,2022-12-21T18:22:57Z,"I strongly predict this'll make an appearance in Jus Kap / Jacques Kennady's upcoming ""5 Hyperpop Artists To Play If You’re Trying To Kill MeeMaw"" article",a537abd5b47a4561b6ee49470a4027c4,No
spotify:track:4mNUtp5LxYkg1mdbSZEcwO,Waking The Witch - 2018 Remaster,Hounds of Love (2018 Remaster),Kate Bush,5df547c9f7ed41278698daa1917fdd24,2022-12-21T19:16:06Z,"Almost submitted “Get Out Of My House” instead, but had to give it to this one for Kate’s production and the demonic ASMR.",a537abd5b47a4561b6ee49470a4027c4,No
spotify:track:4z0oGEB1pZUvY6F6ee2ruu,Ventolin - Video Edit,...I Care Because You Do,Aphex Twin,58386a2a504f4fd08caed77112bedc82,2022-12-21T19:49:44Z,,a537abd5b47a4561b6ee49470a4027c4,No
spotify:track:4z7maGZkAonDlXlwo8q69f,Da Ya Think I'm Sexy?,Blondes Have More Fun,Rod Stewart,97744bcd744748ba93aa8abff9abf20e,2022-12-21T18:22:13Z,,a537abd5b47a4561b6ee49470a4027c4,No
spotify:track:5dqmEge2z0iIOtgGkuVPKy,I Keep Mine Hidden,Complete,The Smiths,a42c0c643fe34d04b0795aeb631c3e65,2022-12-21T18:24:57Z,,a537abd5b47a4561b6ee49470a4027c4,No
spotify:track:5hBby4R7OQOnuGJ3BzZYE9,Freak,Filth,Swans,4507c66e07c04112934e17fa212d1850,2022-12-22T06:49:38Z,,a537abd5b47a4561b6ee49470a4027c4,No
spotify:track:5PPPVt7BtVsYUi8d1RiZZR,The 20th Century Was Entirely Mine,Odd How People Shake,Fear Before The March Of Flames,e1e3b5e4480d48929de8803f29c0e1bf,2022-12-22T00:28:34Z,,a537abd5b47a4561b6ee49470a4027c4,No
spotify:track:5sfzdv72q7HVb8rZFUMkH8,Paper Planes,Paper Planes,Black Dresses,c72730c06f1c4da982b46177c20b7b1b,2022-12-21T21:51:06Z,"So long. So harsh. And yet, here I am. ",a537abd5b47a4561b6ee49470a4027c4,No
spotify:track:7GnsF8ycXY7Xh89DuQX7R6,Walking the Cow,Hi How Are You,Daniel Johnston,f3d2328042034f2aa54dd137af087de6,2022-12-21T19:12:00Z,I think this category was made for Daniel Johnston,a537abd5b47a4561b6ee49470a4027c4,No
spotify:track:7hZ1JuwJm4hZsS8IHnKDt3,Note to Self,"Dear Diary, My Teen Angst Has A Body Count",From First To Last,08e4d35c5ac640e894e662ed7caefc66,2022-12-22T00:52:42Z,This song is terrible on many counts but hell if I don’t listen to it once every few months ,a537abd5b47a4561b6ee49470a4027c4,No
spotify:track:0xRpl9SDyMZaQ3QgFYsohY,"Hey Guy, Story of My Life, Ya Know?",Volume Plus Volume Plus,Rescue,bdd60b40c4ca4c78a0cbf518560cd06c,2022-12-23T06:13:12Z,"Not only have you not heard of them, you really can’t google them",1997bd2bbac242d6801a4c60a243b542,No
spotify:track:0ZdMOyNK2yQ8dCBSfOEDx3,Jan 9,Hum Of Life,Dog Faced Hermans,4507c66e07c04112934e17fa212d1850,2022-12-23T19:49:30Z,"I'm sure one of you is familiar with this band but hey, it's about as obscure as I get ",1997bd2bbac242d6801a4c60a243b542,No
spotify:track:1EXClpKCEF4PwjCW3UreTV,Ghosts,Cowboy Music,Cerce,5df547c9f7ed41278698daa1917fdd24,2022-12-23T09:10:25Z,,1997bd2bbac242d6801a4c60a243b542,No
spotify:track:1FlOHhlBsJhfv8K4cttbVE,Slaughter House,Rainbow Bridge,Sematary,f3d2328042034f2aa54dd137af087de6,2022-12-24T18:12:26Z,,1997bd2bbac242d6801a4c60a243b542,No
spotify:track:1PFOqZRb36rowETx4faTeu,Velvet Cave,Silver Apples,Silver Apples,a42c0c643fe34d04b0795aeb631c3e65,2022-12-24T13:25:21Z,,1997bd2bbac242d6801a4c60a243b542,No
spotify:track:2ffMawvfcWr5tiD6oSmY6E,Haunted House,Haunted House,Candy Smokes,c72730c06f1c4da982b46177c20b7b1b,2022-12-23T19:26:34Z,Quick little banger ,1997bd2bbac242d6801a4c60a243b542,No
spotify:track:3aWRmTz18DAH0tndPwUYVt,Seeds of Gold,Pink Lemonade,Closure in Moscow,08e4d35c5ac640e894e662ed7caefc66,2022-12-23T06:21:14Z,,1997bd2bbac242d6801a4c60a243b542,No
spotify:track:3OIKgKNUt87GHz8OmmHZop,Is This How You Feel?,Blue Planet Eyes,The Preatures,58386a2a504f4fd08caed77112bedc82,2022-12-24T01:17:06Z,,1997bd2bbac242d6801a4c60a243b542,No
spotify:track:4o6S9YFFDZMXymlVk4Orvn,No Money,Death Practice,Chalmers,1dacffd0545140b2970d73e29fe6cf33,2022-12-23T16:09:48Z,,1997bd2bbac242d6801a4c60a243b542,No
spotify:track:4tsGSxeC1zKK4lO4Vo8UbQ,"See You Later, I'm Gone",Ode to a Rainy Day: Archives 1972-1975,Robert Lester Folsom,4ccc127d57474818b0f102faa64693ca,2022-12-23T10:04:04Z,Heard this on NTS Radio and fell in love with it. Makes me melancholy for fall in college.,1997bd2bbac242d6801a4c60a243b542,No
spotify:track:5s1CH6Fb3YaNn9hTTPvFar,Ctrl + Art + Delete,Cult Drugs,Blood Command,9bbd7b198c6447b097e31d0e543fa630,2022-12-23T13:54:31Z,It’s a jam.,1997bd2bbac242d6801a4c60a243b542,No
spotify:track:5tqipfjqWeYj8cchSAWHSR,Jambalaya,Black Phantom Crusades,Red Animal War,e1e3b5e4480d48929de8803f29c0e1bf,2022-12-23T08:01:51Z,,1997bd2bbac242d6801a4c60a243b542,No
spotify:track:6DprrTExJttevL2myTEPn7,BRAINS,Move Motherfucker / I Know You Know I'm Perfect,Mega Emotion,e305e2cab85b4f929234bfdf98d6c6d0,2022-12-23T18:57:37Z,"From Norwich, England. They were previously in a band called Bearsuit, who were also very good.",1997bd2bbac242d6801a4c60a243b542,No
spotify:track:6iIPYZMktCtBrDoCBpZIs6,Killing Texas,I Am Your Bastard Wings,Eksi Ekso,5be35bf564744df2a445fae855878c05,2022-12-23T22:41:59Z,,1997bd2bbac242d6801a4c60a243b542,No
spotify:track:6MhdEyFzKRAqqYqqNuu5U9,Vertigo Jane,On The Chewing Gum Ground,Wallpaper,97744bcd744748ba93aa8abff9abf20e,2022-12-23T16:10:31Z,,1997bd2bbac242d6801a4c60a243b542,No
spotify:track:72poTww3GvNyAwd2fPiCx1,Possible Pod Bot,Learns to Love Mistakes,Absolutely,942db94f20df4bbf8653da742bb672bd,2022-12-23T20:32:25Z,Milwaukee represent!,1997bd2bbac242d6801a4c60a243b542,No
spotify:track:7qKua2wPHEY51Zc7p9mGKt,Up All Night,Rump Shaker,Suburban Legends,af81053047d4411a96fcb9dce9aec5d3,2022-12-24T05:16:59Z,2000’s Downtown Disney mainstay. ,1997bd2bbac242d6801a4c60a243b542,No
