ID,Name
08e4d35c5ac640e894e662ed7caefc66,Sara Mellas
1dacffd0545140b2970d73e29fe6cf33,James Knapp
4507c66e07c04112934e17fa212d1850,Nick Lundquist
4ccc127d57474818b0f102faa64693ca,John Danek
58386a2a504f4fd08caed77112bedc82,Sean Planesonasnake Fallon
5be35bf564744df2a445fae855878c05,jesslill
5df547c9f7ed41278698daa1917fdd24,audrey
942db94f20df4bbf8653da742bb672bd,Peter Woods
97744bcd744748ba93aa8abff9abf20e,Patrick Crooks
9bbd7b198c6447b097e31d0e543fa630,yancy crawford
a42c0c643fe34d04b0795aeb631c3e65,luckylisp85
af81053047d4411a96fcb9dce9aec5d3,Jose Balderas
bdd60b40c4ca4c78a0cbf518560cd06c,Matt McInerney
c72730c06f1c4da982b46177c20b7b1b,nern
e1e3b5e4480d48929de8803f29c0e1bf,Anthony de la Cruz 
e305e2cab85b4f929234bfdf98d6c6d0,Orderly
f3d2328042034f2aa54dd137af087de6,seanmullee
