Spotify URI,Voter ID,Created,Points Assigned,Comment,Round ID
spotify:track:1k2QsOFTx8kV7zMrHXgxJP,488c42f9d7e948a188f671fe126eb74a,2023-03-29T19:04:10Z,5,,7e3268b5dcc5414385d800c5ef583509
spotify:track:3A0cAzFKPefBCz7Z02UnnO,488c42f9d7e948a188f671fe126eb74a,2023-03-29T19:04:10Z,1,,7e3268b5dcc5414385d800c5ef583509
spotify:track:3r7p1yUo7SZIU8xPZS1UC9,488c42f9d7e948a188f671fe126eb74a,2023-03-29T19:04:10Z,2,,7e3268b5dcc5414385d800c5ef583509
spotify:track:48XkVAagIoQHCsOlJtXUd5,488c42f9d7e948a188f671fe126eb74a,2023-03-29T19:04:10Z,2,,7e3268b5dcc5414385d800c5ef583509
spotify:track:4bp2wYweUPvsBrQfntdYcr,488c42f9d7e948a188f671fe126eb74a,2023-03-29T19:04:10Z,4,,7e3268b5dcc5414385d800c5ef583509
spotify:track:4l0HxP8wm5iWHqo9myvFsm,488c42f9d7e948a188f671fe126eb74a,2023-03-29T19:04:10Z,4,,7e3268b5dcc5414385d800c5ef583509
spotify:track:4lhhYqzREcts4uOOqWHjRJ,488c42f9d7e948a188f671fe126eb74a,2023-03-29T19:04:10Z,1,,7e3268b5dcc5414385d800c5ef583509
spotify:track:4wtxSmTTeg6CiuhwIVKv0b,488c42f9d7e948a188f671fe126eb74a,2023-03-29T19:04:10Z,1,"Like this song, but the amount of times it's been used for Christmas commercials has carved a deep, snowy groove in my brain",7e3268b5dcc5414385d800c5ef583509
spotify:track:1k2QsOFTx8kV7zMrHXgxJP,e305e2cab85b4f929234bfdf98d6c6d0,2023-03-29T20:59:22Z,7,"I tried to submit ""I Like Birds"" from the same album, but I got the orange warning.......and this time I didn't plow straight through it (I guess I must be in my babyface arc right now)",7e3268b5dcc5414385d800c5ef583509
spotify:track:3A0cAzFKPefBCz7Z02UnnO,e305e2cab85b4f929234bfdf98d6c6d0,2023-03-29T20:59:22Z,1,,7e3268b5dcc5414385d800c5ef583509
spotify:track:3r7p1yUo7SZIU8xPZS1UC9,e305e2cab85b4f929234bfdf98d6c6d0,2023-03-29T20:59:22Z,4,,7e3268b5dcc5414385d800c5ef583509
spotify:track:48XkVAagIoQHCsOlJtXUd5,e305e2cab85b4f929234bfdf98d6c6d0,2023-03-29T20:59:22Z,1,,7e3268b5dcc5414385d800c5ef583509
spotify:track:4l0HxP8wm5iWHqo9myvFsm,e305e2cab85b4f929234bfdf98d6c6d0,2023-03-29T20:59:22Z,4,,7e3268b5dcc5414385d800c5ef583509
spotify:track:4lhhYqzREcts4uOOqWHjRJ,e305e2cab85b4f929234bfdf98d6c6d0,2023-03-29T20:59:22Z,2,,7e3268b5dcc5414385d800c5ef583509
spotify:track:6jFZuaSEkPHtfp1eCK93Gp,e305e2cab85b4f929234bfdf98d6c6d0,2023-03-29T20:59:22Z,1,,7e3268b5dcc5414385d800c5ef583509
spotify:track:1k2QsOFTx8kV7zMrHXgxJP,bdd60b40c4ca4c78a0cbf518560cd06c,2023-03-30T03:05:28Z,5,Great choice ,7e3268b5dcc5414385d800c5ef583509
spotify:track:3A0cAzFKPefBCz7Z02UnnO,bdd60b40c4ca4c78a0cbf518560cd06c,2023-03-30T03:05:28Z,3,,7e3268b5dcc5414385d800c5ef583509
spotify:track:3r7p1yUo7SZIU8xPZS1UC9,bdd60b40c4ca4c78a0cbf518560cd06c,2023-03-30T03:05:28Z,2,,7e3268b5dcc5414385d800c5ef583509
spotify:track:48XkVAagIoQHCsOlJtXUd5,bdd60b40c4ca4c78a0cbf518560cd06c,2023-03-30T03:05:28Z,2,,7e3268b5dcc5414385d800c5ef583509
spotify:track:4bp2wYweUPvsBrQfntdYcr,bdd60b40c4ca4c78a0cbf518560cd06c,2023-03-30T03:05:28Z,3,,7e3268b5dcc5414385d800c5ef583509
spotify:track:4l0HxP8wm5iWHqo9myvFsm,bdd60b40c4ca4c78a0cbf518560cd06c,2023-03-30T03:05:28Z,4,,7e3268b5dcc5414385d800c5ef583509
spotify:track:6jFZuaSEkPHtfp1eCK93Gp,bdd60b40c4ca4c78a0cbf518560cd06c,2023-03-30T03:05:28Z,1,,7e3268b5dcc5414385d800c5ef583509
spotify:track:3A0cAzFKPefBCz7Z02UnnO,1dacffd0545140b2970d73e29fe6cf33,2023-03-30T15:40:14Z,5,,7e3268b5dcc5414385d800c5ef583509
spotify:track:3r7p1yUo7SZIU8xPZS1UC9,1dacffd0545140b2970d73e29fe6cf33,2023-03-30T15:40:14Z,2,,7e3268b5dcc5414385d800c5ef583509
spotify:track:48XkVAagIoQHCsOlJtXUd5,1dacffd0545140b2970d73e29fe6cf33,2023-03-30T15:40:14Z,1,,7e3268b5dcc5414385d800c5ef583509
spotify:track:4bp2wYweUPvsBrQfntdYcr,1dacffd0545140b2970d73e29fe6cf33,2023-03-30T15:40:14Z,1,,7e3268b5dcc5414385d800c5ef583509
spotify:track:4l0HxP8wm5iWHqo9myvFsm,1dacffd0545140b2970d73e29fe6cf33,2023-03-30T15:40:14Z,2,,7e3268b5dcc5414385d800c5ef583509
spotify:track:4lhhYqzREcts4uOOqWHjRJ,1dacffd0545140b2970d73e29fe6cf33,2023-03-30T15:40:14Z,1,,7e3268b5dcc5414385d800c5ef583509
spotify:track:4wtxSmTTeg6CiuhwIVKv0b,1dacffd0545140b2970d73e29fe6cf33,2023-03-30T15:40:14Z,3,,7e3268b5dcc5414385d800c5ef583509
spotify:track:6jFZuaSEkPHtfp1eCK93Gp,1dacffd0545140b2970d73e29fe6cf33,2023-03-30T15:40:14Z,5,,7e3268b5dcc5414385d800c5ef583509
spotify:track:1k2QsOFTx8kV7zMrHXgxJP,5df547c9f7ed41278698daa1917fdd24,2023-03-30T15:41:01Z,1,,7e3268b5dcc5414385d800c5ef583509
spotify:track:3A0cAzFKPefBCz7Z02UnnO,5df547c9f7ed41278698daa1917fdd24,2023-03-30T15:41:01Z,1,,7e3268b5dcc5414385d800c5ef583509
spotify:track:48XkVAagIoQHCsOlJtXUd5,5df547c9f7ed41278698daa1917fdd24,2023-03-30T15:41:01Z,1,,7e3268b5dcc5414385d800c5ef583509
spotify:track:4bp2wYweUPvsBrQfntdYcr,5df547c9f7ed41278698daa1917fdd24,2023-03-30T15:41:01Z,3,,7e3268b5dcc5414385d800c5ef583509
spotify:track:4l0HxP8wm5iWHqo9myvFsm,5df547c9f7ed41278698daa1917fdd24,2023-03-30T15:41:01Z,5,,7e3268b5dcc5414385d800c5ef583509
spotify:track:4lhhYqzREcts4uOOqWHjRJ,5df547c9f7ed41278698daa1917fdd24,2023-03-30T15:41:01Z,3,,7e3268b5dcc5414385d800c5ef583509
spotify:track:4wtxSmTTeg6CiuhwIVKv0b,5df547c9f7ed41278698daa1917fdd24,2023-03-30T15:41:01Z,3,,7e3268b5dcc5414385d800c5ef583509
spotify:track:6jFZuaSEkPHtfp1eCK93Gp,5df547c9f7ed41278698daa1917fdd24,2023-03-30T15:41:01Z,3,,7e3268b5dcc5414385d800c5ef583509
spotify:track:1k2QsOFTx8kV7zMrHXgxJP,5be35bf564744df2a445fae855878c05,2023-03-30T16:04:49Z,4,,7e3268b5dcc5414385d800c5ef583509
spotify:track:3A0cAzFKPefBCz7Z02UnnO,5be35bf564744df2a445fae855878c05,2023-03-30T16:04:49Z,4,,7e3268b5dcc5414385d800c5ef583509
spotify:track:48XkVAagIoQHCsOlJtXUd5,5be35bf564744df2a445fae855878c05,2023-03-30T16:04:49Z,3,,7e3268b5dcc5414385d800c5ef583509
spotify:track:4bp2wYweUPvsBrQfntdYcr,5be35bf564744df2a445fae855878c05,2023-03-30T16:04:49Z,2,,7e3268b5dcc5414385d800c5ef583509
spotify:track:4l0HxP8wm5iWHqo9myvFsm,5be35bf564744df2a445fae855878c05,2023-03-30T16:04:49Z,2,,7e3268b5dcc5414385d800c5ef583509
spotify:track:4lhhYqzREcts4uOOqWHjRJ,5be35bf564744df2a445fae855878c05,2023-03-30T16:04:49Z,4,,7e3268b5dcc5414385d800c5ef583509
spotify:track:6jFZuaSEkPHtfp1eCK93Gp,5be35bf564744df2a445fae855878c05,2023-03-30T16:04:49Z,1,,7e3268b5dcc5414385d800c5ef583509
spotify:track:3A0cAzFKPefBCz7Z02UnnO,9bbd7b198c6447b097e31d0e543fa630,2023-03-30T17:38:19Z,3,,7e3268b5dcc5414385d800c5ef583509
spotify:track:3r7p1yUo7SZIU8xPZS1UC9,9bbd7b198c6447b097e31d0e543fa630,2023-03-30T17:38:19Z,1,,7e3268b5dcc5414385d800c5ef583509
spotify:track:48XkVAagIoQHCsOlJtXUd5,9bbd7b198c6447b097e31d0e543fa630,2023-03-30T17:38:19Z,3,,7e3268b5dcc5414385d800c5ef583509
spotify:track:4bp2wYweUPvsBrQfntdYcr,9bbd7b198c6447b097e31d0e543fa630,2023-03-30T17:38:19Z,3,,7e3268b5dcc5414385d800c5ef583509
spotify:track:4lhhYqzREcts4uOOqWHjRJ,9bbd7b198c6447b097e31d0e543fa630,2023-03-30T17:38:19Z,4,,7e3268b5dcc5414385d800c5ef583509
spotify:track:4wtxSmTTeg6CiuhwIVKv0b,9bbd7b198c6447b097e31d0e543fa630,2023-03-30T17:38:19Z,4,,7e3268b5dcc5414385d800c5ef583509
spotify:track:6jFZuaSEkPHtfp1eCK93Gp,9bbd7b198c6447b097e31d0e543fa630,2023-03-30T17:38:19Z,2,,7e3268b5dcc5414385d800c5ef583509
spotify:track:1k2QsOFTx8kV7zMrHXgxJP,fee7e973fd6f45d48299e77843f5cb17,2023-03-30T23:01:15Z,1,,7e3268b5dcc5414385d800c5ef583509
spotify:track:3A0cAzFKPefBCz7Z02UnnO,fee7e973fd6f45d48299e77843f5cb17,2023-03-30T23:01:15Z,5,,7e3268b5dcc5414385d800c5ef583509
spotify:track:3r7p1yUo7SZIU8xPZS1UC9,fee7e973fd6f45d48299e77843f5cb17,2023-03-30T23:01:15Z,4,,7e3268b5dcc5414385d800c5ef583509
spotify:track:4l0HxP8wm5iWHqo9myvFsm,fee7e973fd6f45d48299e77843f5cb17,2023-03-30T23:01:15Z,5,,7e3268b5dcc5414385d800c5ef583509
spotify:track:4lhhYqzREcts4uOOqWHjRJ,fee7e973fd6f45d48299e77843f5cb17,2023-03-30T23:01:15Z,4,,7e3268b5dcc5414385d800c5ef583509
spotify:track:6jFZuaSEkPHtfp1eCK93Gp,fee7e973fd6f45d48299e77843f5cb17,2023-03-30T23:01:15Z,1,,7e3268b5dcc5414385d800c5ef583509
spotify:track:1k2QsOFTx8kV7zMrHXgxJP,58386a2a504f4fd08caed77112bedc82,2023-03-30T23:12:53Z,3,,7e3268b5dcc5414385d800c5ef583509
spotify:track:3r7p1yUo7SZIU8xPZS1UC9,58386a2a504f4fd08caed77112bedc82,2023-03-30T23:12:53Z,2,,7e3268b5dcc5414385d800c5ef583509
spotify:track:48XkVAagIoQHCsOlJtXUd5,58386a2a504f4fd08caed77112bedc82,2023-03-30T23:12:53Z,4,,7e3268b5dcc5414385d800c5ef583509
spotify:track:4l0HxP8wm5iWHqo9myvFsm,58386a2a504f4fd08caed77112bedc82,2023-03-30T23:12:53Z,2,,7e3268b5dcc5414385d800c5ef583509
spotify:track:4lhhYqzREcts4uOOqWHjRJ,58386a2a504f4fd08caed77112bedc82,2023-03-30T23:12:53Z,3,,7e3268b5dcc5414385d800c5ef583509
spotify:track:4wtxSmTTeg6CiuhwIVKv0b,58386a2a504f4fd08caed77112bedc82,2023-03-30T23:12:53Z,4,,7e3268b5dcc5414385d800c5ef583509
spotify:track:6jFZuaSEkPHtfp1eCK93Gp,58386a2a504f4fd08caed77112bedc82,2023-03-30T23:12:53Z,2,,7e3268b5dcc5414385d800c5ef583509
spotify:track:1XNE0QfNjdroSdosMIk8F6,5df547c9f7ed41278698daa1917fdd24,2023-04-02T14:01:40Z,3,,cd9ba8d57dfb45acada46ce914bc54c9
spotify:track:7aN5Dd1mTrZei6Tt6ZhzI2,5df547c9f7ed41278698daa1917fdd24,2023-04-02T14:01:40Z,2,,cd9ba8d57dfb45acada46ce914bc54c9
spotify:track:5bQ1qgqZhpCS9RQCUZaqBO,5df547c9f7ed41278698daa1917fdd24,2023-04-02T14:01:40Z,1,,cd9ba8d57dfb45acada46ce914bc54c9
spotify:track:50qIy6OKi9qBTyOTYsVbql,5df547c9f7ed41278698daa1917fdd24,2023-04-02T14:01:40Z,3,,cd9ba8d57dfb45acada46ce914bc54c9
spotify:track:4L75RNLUGN3qg7H2CndpTz,5df547c9f7ed41278698daa1917fdd24,2023-04-02T14:01:40Z,5,,cd9ba8d57dfb45acada46ce914bc54c9
spotify:track:2PLlDmo8ugWB0uKPxovQ6E,5df547c9f7ed41278698daa1917fdd24,2023-04-02T14:01:40Z,2,,cd9ba8d57dfb45acada46ce914bc54c9
spotify:track:26vxo8XpoKyiUIBqii9B4x,5df547c9f7ed41278698daa1917fdd24,2023-04-02T14:01:40Z,2,,cd9ba8d57dfb45acada46ce914bc54c9
spotify:track:1s5A0u1dnAeVNur5nPkCpD,5df547c9f7ed41278698daa1917fdd24,2023-04-02T14:01:40Z,2,not sure if trucks count as cars but i’ll allow it,cd9ba8d57dfb45acada46ce914bc54c9
spotify:track:7aN5Dd1mTrZei6Tt6ZhzI2,9bbd7b198c6447b097e31d0e543fa630,2023-04-02T14:04:11Z,4,,cd9ba8d57dfb45acada46ce914bc54c9
spotify:track:5hyq3LBlCfjRQAFkdQwe8o,9bbd7b198c6447b097e31d0e543fa630,2023-04-02T14:04:11Z,1,,cd9ba8d57dfb45acada46ce914bc54c9
spotify:track:5bQ1qgqZhpCS9RQCUZaqBO,9bbd7b198c6447b097e31d0e543fa630,2023-04-02T14:04:11Z,4,,cd9ba8d57dfb45acada46ce914bc54c9
spotify:track:4L75RNLUGN3qg7H2CndpTz,9bbd7b198c6447b097e31d0e543fa630,2023-04-02T14:04:11Z,2,,cd9ba8d57dfb45acada46ce914bc54c9
spotify:track:2PLlDmo8ugWB0uKPxovQ6E,9bbd7b198c6447b097e31d0e543fa630,2023-04-02T14:04:11Z,3,,cd9ba8d57dfb45acada46ce914bc54c9
spotify:track:26vxo8XpoKyiUIBqii9B4x,9bbd7b198c6447b097e31d0e543fa630,2023-04-02T14:04:11Z,2,,cd9ba8d57dfb45acada46ce914bc54c9
spotify:track:1s5A0u1dnAeVNur5nPkCpD,9bbd7b198c6447b097e31d0e543fa630,2023-04-02T14:04:11Z,4,,cd9ba8d57dfb45acada46ce914bc54c9
spotify:track:7aN5Dd1mTrZei6Tt6ZhzI2,488c42f9d7e948a188f671fe126eb74a,2023-04-02T15:00:28Z,3,,cd9ba8d57dfb45acada46ce914bc54c9
spotify:track:1s5A0u1dnAeVNur5nPkCpD,488c42f9d7e948a188f671fe126eb74a,2023-04-02T15:00:28Z,3,Definitely gonna tuck this one away for use in other leagues,cd9ba8d57dfb45acada46ce914bc54c9
spotify:track:1XNE0QfNjdroSdosMIk8F6,488c42f9d7e948a188f671fe126eb74a,2023-04-02T15:00:28Z,1,"Reminds me of the only basement show I ever played for convoluted reasons that wouldn't really be worth getting into, so it gets a vote.",cd9ba8d57dfb45acada46ce914bc54c9
spotify:track:26vxo8XpoKyiUIBqii9B4x,488c42f9d7e948a188f671fe126eb74a,2023-04-02T15:00:28Z,3,,cd9ba8d57dfb45acada46ce914bc54c9
spotify:track:2PLlDmo8ugWB0uKPxovQ6E,488c42f9d7e948a188f671fe126eb74a,2023-04-02T15:00:28Z,4,I played this song and this German guy sitting next to me just dropped dead? Weird,cd9ba8d57dfb45acada46ce914bc54c9
spotify:track:50qIy6OKi9qBTyOTYsVbql,488c42f9d7e948a188f671fe126eb74a,2023-04-02T15:00:28Z,1,"I like the song, but it's a little light on that car content we all came for",cd9ba8d57dfb45acada46ce914bc54c9
spotify:track:5bQ1qgqZhpCS9RQCUZaqBO,488c42f9d7e948a188f671fe126eb74a,2023-04-02T15:00:28Z,2,"First heard this song in another league's Guilty Pleasures round, before I knew why it was so embarrassing to like Mr. Johnson. I have since been educated, but dammit, I still like this one.",cd9ba8d57dfb45acada46ce914bc54c9
spotify:track:5hyq3LBlCfjRQAFkdQwe8o,488c42f9d7e948a188f671fe126eb74a,2023-04-02T15:00:28Z,3,Not my usual thing but I found myself tapping my toes for sure.,cd9ba8d57dfb45acada46ce914bc54c9
spotify:track:5hyq3LBlCfjRQAFkdQwe8o,e305e2cab85b4f929234bfdf98d6c6d0,2023-04-02T19:12:48Z,7,"I chickened out of submitting Porsche, Dreamer, White Mercedes and also this, despite it having cost me dearly when I did the same back in Season 1. Can't remember my logic now I think about it.....",cd9ba8d57dfb45acada46ce914bc54c9
spotify:track:5bQ1qgqZhpCS9RQCUZaqBO,e305e2cab85b4f929234bfdf98d6c6d0,2023-04-02T19:12:48Z,3,,cd9ba8d57dfb45acada46ce914bc54c9
spotify:track:50qIy6OKi9qBTyOTYsVbql,e305e2cab85b4f929234bfdf98d6c6d0,2023-04-02T19:12:48Z,2,,cd9ba8d57dfb45acada46ce914bc54c9
spotify:track:4L75RNLUGN3qg7H2CndpTz,e305e2cab85b4f929234bfdf98d6c6d0,2023-04-02T19:12:48Z,2,,cd9ba8d57dfb45acada46ce914bc54c9
spotify:track:2PLlDmo8ugWB0uKPxovQ6E,e305e2cab85b4f929234bfdf98d6c6d0,2023-04-02T19:12:48Z,1,,cd9ba8d57dfb45acada46ce914bc54c9
spotify:track:1XNE0QfNjdroSdosMIk8F6,e305e2cab85b4f929234bfdf98d6c6d0,2023-04-02T19:12:48Z,1,,cd9ba8d57dfb45acada46ce914bc54c9
spotify:track:1s5A0u1dnAeVNur5nPkCpD,e305e2cab85b4f929234bfdf98d6c6d0,2023-04-02T19:12:48Z,4,,cd9ba8d57dfb45acada46ce914bc54c9
spotify:track:5hyq3LBlCfjRQAFkdQwe8o,bdd60b40c4ca4c78a0cbf518560cd06c,2023-04-02T20:33:37Z,1,I don't know what to do with this one,cd9ba8d57dfb45acada46ce914bc54c9
spotify:track:1s5A0u1dnAeVNur5nPkCpD,bdd60b40c4ca4c78a0cbf518560cd06c,2023-04-02T20:33:37Z,1,what an opener,cd9ba8d57dfb45acada46ce914bc54c9
spotify:track:26vxo8XpoKyiUIBqii9B4x,bdd60b40c4ca4c78a0cbf518560cd06c,2023-04-02T20:33:37Z,4,,cd9ba8d57dfb45acada46ce914bc54c9
spotify:track:2PLlDmo8ugWB0uKPxovQ6E,bdd60b40c4ca4c78a0cbf518560cd06c,2023-04-02T20:33:37Z,4,"Gotta love a song with a ""motorboat"" sound",cd9ba8d57dfb45acada46ce914bc54c9
spotify:track:4L75RNLUGN3qg7H2CndpTz,bdd60b40c4ca4c78a0cbf518560cd06c,2023-04-02T20:33:37Z,2,,cd9ba8d57dfb45acada46ce914bc54c9
spotify:track:50qIy6OKi9qBTyOTYsVbql,bdd60b40c4ca4c78a0cbf518560cd06c,2023-04-02T20:33:37Z,5,"Great song, haven't thought about them in a while. I like this take on the round.",cd9ba8d57dfb45acada46ce914bc54c9
spotify:track:7aN5Dd1mTrZei6Tt6ZhzI2,bdd60b40c4ca4c78a0cbf518560cd06c,2023-04-02T20:33:37Z,3,I'm surprised we haven't seen more of The Clash here. They seem cool enough to be a near Bowie-level cheat code.,cd9ba8d57dfb45acada46ce914bc54c9
spotify:track:1s5A0u1dnAeVNur5nPkCpD,58386a2a504f4fd08caed77112bedc82,2023-04-02T21:31:10Z,4,,cd9ba8d57dfb45acada46ce914bc54c9
spotify:track:26vxo8XpoKyiUIBqii9B4x,58386a2a504f4fd08caed77112bedc82,2023-04-02T21:31:10Z,3,,cd9ba8d57dfb45acada46ce914bc54c9
spotify:track:4L75RNLUGN3qg7H2CndpTz,58386a2a504f4fd08caed77112bedc82,2023-04-02T21:31:10Z,3,,cd9ba8d57dfb45acada46ce914bc54c9
spotify:track:50qIy6OKi9qBTyOTYsVbql,58386a2a504f4fd08caed77112bedc82,2023-04-02T21:31:10Z,2,,cd9ba8d57dfb45acada46ce914bc54c9
spotify:track:5bQ1qgqZhpCS9RQCUZaqBO,58386a2a504f4fd08caed77112bedc82,2023-04-02T21:31:10Z,5,,cd9ba8d57dfb45acada46ce914bc54c9
spotify:track:7aN5Dd1mTrZei6Tt6ZhzI2,58386a2a504f4fd08caed77112bedc82,2023-04-02T21:31:10Z,3,,cd9ba8d57dfb45acada46ce914bc54c9
spotify:track:5hyq3LBlCfjRQAFkdQwe8o,5be35bf564744df2a445fae855878c05,2023-04-02T22:03:26Z,2,,cd9ba8d57dfb45acada46ce914bc54c9
spotify:track:5bQ1qgqZhpCS9RQCUZaqBO,5be35bf564744df2a445fae855878c05,2023-04-02T22:03:26Z,2,,cd9ba8d57dfb45acada46ce914bc54c9
spotify:track:50qIy6OKi9qBTyOTYsVbql,5be35bf564744df2a445fae855878c05,2023-04-02T22:03:26Z,2,,cd9ba8d57dfb45acada46ce914bc54c9
spotify:track:4L75RNLUGN3qg7H2CndpTz,5be35bf564744df2a445fae855878c05,2023-04-02T22:03:26Z,2,,cd9ba8d57dfb45acada46ce914bc54c9
spotify:track:2PLlDmo8ugWB0uKPxovQ6E,5be35bf564744df2a445fae855878c05,2023-04-02T22:03:26Z,2,points for sound effects,cd9ba8d57dfb45acada46ce914bc54c9
spotify:track:26vxo8XpoKyiUIBqii9B4x,5be35bf564744df2a445fae855878c05,2023-04-02T22:03:26Z,2,,cd9ba8d57dfb45acada46ce914bc54c9
spotify:track:1XNE0QfNjdroSdosMIk8F6,5be35bf564744df2a445fae855878c05,2023-04-02T22:03:26Z,4,In retrospect it was pretty crazy that kids used to dance to this at our school talent shows ,cd9ba8d57dfb45acada46ce914bc54c9
spotify:track:1s5A0u1dnAeVNur5nPkCpD,5be35bf564744df2a445fae855878c05,2023-04-02T22:03:26Z,4,I don’t know what I was expecting from the first line but it was definitely not that,cd9ba8d57dfb45acada46ce914bc54c9
spotify:track:1XNE0QfNjdroSdosMIk8F6,fee7e973fd6f45d48299e77843f5cb17,2023-04-03T21:56:45Z,2,,cd9ba8d57dfb45acada46ce914bc54c9
spotify:track:2PLlDmo8ugWB0uKPxovQ6E,fee7e973fd6f45d48299e77843f5cb17,2023-04-03T21:56:45Z,5,"I paused the playlist and forgot it was on this song until I came back to hearing this man's idiot mouth making car noises, and it was the hardest I've laughed in a bit.",cd9ba8d57dfb45acada46ce914bc54c9
spotify:track:4L75RNLUGN3qg7H2CndpTz,fee7e973fd6f45d48299e77843f5cb17,2023-04-03T21:56:45Z,3,,cd9ba8d57dfb45acada46ce914bc54c9
spotify:track:50qIy6OKi9qBTyOTYsVbql,fee7e973fd6f45d48299e77843f5cb17,2023-04-03T21:56:45Z,3,,cd9ba8d57dfb45acada46ce914bc54c9
spotify:track:5bQ1qgqZhpCS9RQCUZaqBO,fee7e973fd6f45d48299e77843f5cb17,2023-04-03T21:56:45Z,4,,cd9ba8d57dfb45acada46ce914bc54c9
spotify:track:5hyq3LBlCfjRQAFkdQwe8o,fee7e973fd6f45d48299e77843f5cb17,2023-04-03T21:56:45Z,2,,cd9ba8d57dfb45acada46ce914bc54c9
spotify:track:7aN5Dd1mTrZei6Tt6ZhzI2,fee7e973fd6f45d48299e77843f5cb17,2023-04-03T21:56:45Z,1,,cd9ba8d57dfb45acada46ce914bc54c9
spotify:track:1s5A0u1dnAeVNur5nPkCpD,1dacffd0545140b2970d73e29fe6cf33,2023-04-03T22:13:48Z,5,,cd9ba8d57dfb45acada46ce914bc54c9
spotify:track:1XNE0QfNjdroSdosMIk8F6,1dacffd0545140b2970d73e29fe6cf33,2023-04-03T22:13:48Z,1,,cd9ba8d57dfb45acada46ce914bc54c9
spotify:track:26vxo8XpoKyiUIBqii9B4x,1dacffd0545140b2970d73e29fe6cf33,2023-04-03T22:13:48Z,3,,cd9ba8d57dfb45acada46ce914bc54c9
spotify:track:4L75RNLUGN3qg7H2CndpTz,1dacffd0545140b2970d73e29fe6cf33,2023-04-03T22:13:48Z,5,,cd9ba8d57dfb45acada46ce914bc54c9
spotify:track:50qIy6OKi9qBTyOTYsVbql,1dacffd0545140b2970d73e29fe6cf33,2023-04-03T22:13:48Z,1,,cd9ba8d57dfb45acada46ce914bc54c9
spotify:track:5bQ1qgqZhpCS9RQCUZaqBO,1dacffd0545140b2970d73e29fe6cf33,2023-04-03T22:13:48Z,1,,cd9ba8d57dfb45acada46ce914bc54c9
spotify:track:5hyq3LBlCfjRQAFkdQwe8o,1dacffd0545140b2970d73e29fe6cf33,2023-04-03T22:13:48Z,1,,cd9ba8d57dfb45acada46ce914bc54c9
spotify:track:7aN5Dd1mTrZei6Tt6ZhzI2,1dacffd0545140b2970d73e29fe6cf33,2023-04-03T22:13:48Z,3,,cd9ba8d57dfb45acada46ce914bc54c9
spotify:track:05oETzWbd4SI33qK2gbJfR,1dacffd0545140b2970d73e29fe6cf33,2023-04-05T13:20:05Z,2,,c03a7727418a40a5a9701af277ff9b9d
spotify:track:1Wn0A9wVEQXj2JVbdsclpi,1dacffd0545140b2970d73e29fe6cf33,2023-04-05T13:20:05Z,3,,c03a7727418a40a5a9701af277ff9b9d
spotify:track:2pgDBO0ZAgvye7joSmdDm8,1dacffd0545140b2970d73e29fe6cf33,2023-04-05T13:20:05Z,1,,c03a7727418a40a5a9701af277ff9b9d
spotify:track:393yuPUW1XxTGx5CSsTAeG,1dacffd0545140b2970d73e29fe6cf33,2023-04-05T13:20:05Z,3,,c03a7727418a40a5a9701af277ff9b9d
spotify:track:4hNVjaMGvKgAK41O9tQoNn,1dacffd0545140b2970d73e29fe6cf33,2023-04-05T13:20:05Z,3,,c03a7727418a40a5a9701af277ff9b9d
spotify:track:55iEQ6oFvMsQm2eLGl4OIC,1dacffd0545140b2970d73e29fe6cf33,2023-04-05T13:20:05Z,2,,c03a7727418a40a5a9701af277ff9b9d
spotify:track:7cbEiOPGHMCMQiHr5R5QfR,1dacffd0545140b2970d73e29fe6cf33,2023-04-05T13:20:05Z,2,,c03a7727418a40a5a9701af277ff9b9d
spotify:track:7mS8RbJji2UZAaguRGsOCH,1dacffd0545140b2970d73e29fe6cf33,2023-04-05T13:20:05Z,4,,c03a7727418a40a5a9701af277ff9b9d
spotify:track:05oETzWbd4SI33qK2gbJfR,e305e2cab85b4f929234bfdf98d6c6d0,2023-04-05T20:55:34Z,2,,c03a7727418a40a5a9701af277ff9b9d
spotify:track:0M3PUvG8N4jRttKQLcBLBW,e305e2cab85b4f929234bfdf98d6c6d0,2023-04-05T20:55:34Z,4,,c03a7727418a40a5a9701af277ff9b9d
spotify:track:1Wn0A9wVEQXj2JVbdsclpi,e305e2cab85b4f929234bfdf98d6c6d0,2023-04-05T20:55:34Z,3,,c03a7727418a40a5a9701af277ff9b9d
spotify:track:2pgDBO0ZAgvye7joSmdDm8,e305e2cab85b4f929234bfdf98d6c6d0,2023-04-05T20:55:34Z,4,,c03a7727418a40a5a9701af277ff9b9d
spotify:track:4hNVjaMGvKgAK41O9tQoNn,e305e2cab85b4f929234bfdf98d6c6d0,2023-04-05T20:55:34Z,3,,c03a7727418a40a5a9701af277ff9b9d
spotify:track:55iEQ6oFvMsQm2eLGl4OIC,e305e2cab85b4f929234bfdf98d6c6d0,2023-04-05T20:55:34Z,2,,c03a7727418a40a5a9701af277ff9b9d
spotify:track:7cbEiOPGHMCMQiHr5R5QfR,e305e2cab85b4f929234bfdf98d6c6d0,2023-04-05T20:55:34Z,1,,c03a7727418a40a5a9701af277ff9b9d
spotify:track:7mS8RbJji2UZAaguRGsOCH,e305e2cab85b4f929234bfdf98d6c6d0,2023-04-05T20:55:34Z,1,,c03a7727418a40a5a9701af277ff9b9d
spotify:track:0M3PUvG8N4jRttKQLcBLBW,488c42f9d7e948a188f671fe126eb74a,2023-04-06T16:03:30Z,2,"Was kinda rolling my eyes until the twist, which got me good",c03a7727418a40a5a9701af277ff9b9d
spotify:track:7cbEiOPGHMCMQiHr5R5QfR,488c42f9d7e948a188f671fe126eb74a,2023-04-06T16:03:30Z,1,,c03a7727418a40a5a9701af277ff9b9d
spotify:track:4hNVjaMGvKgAK41O9tQoNn,488c42f9d7e948a188f671fe126eb74a,2023-04-06T16:03:30Z,6,"Tried to submit this myself, but I snoozed, I lost, and now I'll give you a bunch of votes.",c03a7727418a40a5a9701af277ff9b9d
spotify:track:393yuPUW1XxTGx5CSsTAeG,488c42f9d7e948a188f671fe126eb74a,2023-04-06T16:03:30Z,3,,c03a7727418a40a5a9701af277ff9b9d
spotify:track:2pgDBO0ZAgvye7joSmdDm8,488c42f9d7e948a188f671fe126eb74a,2023-04-06T16:03:30Z,3,"Very not my usual thing, but I was bopping to it in the car for sure",c03a7727418a40a5a9701af277ff9b9d
spotify:track:1Wn0A9wVEQXj2JVbdsclpi,488c42f9d7e948a188f671fe126eb74a,2023-04-06T16:03:30Z,2,,c03a7727418a40a5a9701af277ff9b9d
spotify:track:05oETzWbd4SI33qK2gbJfR,488c42f9d7e948a188f671fe126eb74a,2023-04-06T16:03:30Z,3,,c03a7727418a40a5a9701af277ff9b9d
spotify:track:393yuPUW1XxTGx5CSsTAeG,bdd60b40c4ca4c78a0cbf518560cd06c,2023-04-06T20:09:14Z,4,,c03a7727418a40a5a9701af277ff9b9d
spotify:track:05oETzWbd4SI33qK2gbJfR,bdd60b40c4ca4c78a0cbf518560cd06c,2023-04-06T20:09:14Z,4,,c03a7727418a40a5a9701af277ff9b9d
spotify:track:0M3PUvG8N4jRttKQLcBLBW,bdd60b40c4ca4c78a0cbf518560cd06c,2023-04-06T20:09:14Z,1,,c03a7727418a40a5a9701af277ff9b9d
spotify:track:1Wn0A9wVEQXj2JVbdsclpi,bdd60b40c4ca4c78a0cbf518560cd06c,2023-04-06T20:09:14Z,4,,c03a7727418a40a5a9701af277ff9b9d
spotify:track:2pgDBO0ZAgvye7joSmdDm8,bdd60b40c4ca4c78a0cbf518560cd06c,2023-04-06T20:09:14Z,2,,c03a7727418a40a5a9701af277ff9b9d
spotify:track:55iEQ6oFvMsQm2eLGl4OIC,bdd60b40c4ca4c78a0cbf518560cd06c,2023-04-06T20:09:14Z,1,,c03a7727418a40a5a9701af277ff9b9d
spotify:track:7cbEiOPGHMCMQiHr5R5QfR,bdd60b40c4ca4c78a0cbf518560cd06c,2023-04-06T20:09:14Z,1,,c03a7727418a40a5a9701af277ff9b9d
spotify:track:7mS8RbJji2UZAaguRGsOCH,bdd60b40c4ca4c78a0cbf518560cd06c,2023-04-06T20:09:14Z,3,"Unexpected, but hey... I appreciate the out-of-the-box thinking here",c03a7727418a40a5a9701af277ff9b9d
spotify:track:55iEQ6oFvMsQm2eLGl4OIC,5df547c9f7ed41278698daa1917fdd24,2023-04-06T20:09:45Z,2,,c03a7727418a40a5a9701af277ff9b9d
spotify:track:4hNVjaMGvKgAK41O9tQoNn,5df547c9f7ed41278698daa1917fdd24,2023-04-06T20:09:45Z,5,,c03a7727418a40a5a9701af277ff9b9d
spotify:track:393yuPUW1XxTGx5CSsTAeG,5df547c9f7ed41278698daa1917fdd24,2023-04-06T20:09:45Z,3,,c03a7727418a40a5a9701af277ff9b9d
spotify:track:2pgDBO0ZAgvye7joSmdDm8,5df547c9f7ed41278698daa1917fdd24,2023-04-06T20:09:45Z,2,,c03a7727418a40a5a9701af277ff9b9d
spotify:track:1Wn0A9wVEQXj2JVbdsclpi,5df547c9f7ed41278698daa1917fdd24,2023-04-06T20:09:45Z,2,,c03a7727418a40a5a9701af277ff9b9d
spotify:track:0M3PUvG8N4jRttKQLcBLBW,5df547c9f7ed41278698daa1917fdd24,2023-04-06T20:09:45Z,1,,c03a7727418a40a5a9701af277ff9b9d
spotify:track:05oETzWbd4SI33qK2gbJfR,5df547c9f7ed41278698daa1917fdd24,2023-04-06T20:09:45Z,3,,c03a7727418a40a5a9701af277ff9b9d
spotify:track:7cbEiOPGHMCMQiHr5R5QfR,5df547c9f7ed41278698daa1917fdd24,2023-04-06T20:09:45Z,2,,c03a7727418a40a5a9701af277ff9b9d
spotify:track:0M3PUvG8N4jRttKQLcBLBW,58386a2a504f4fd08caed77112bedc82,2023-04-06T20:36:10Z,3,,c03a7727418a40a5a9701af277ff9b9d
spotify:track:1Wn0A9wVEQXj2JVbdsclpi,58386a2a504f4fd08caed77112bedc82,2023-04-06T20:36:10Z,3,,c03a7727418a40a5a9701af277ff9b9d
spotify:track:2pgDBO0ZAgvye7joSmdDm8,58386a2a504f4fd08caed77112bedc82,2023-04-06T20:36:10Z,3,,c03a7727418a40a5a9701af277ff9b9d
spotify:track:393yuPUW1XxTGx5CSsTAeG,58386a2a504f4fd08caed77112bedc82,2023-04-06T20:36:10Z,3,,c03a7727418a40a5a9701af277ff9b9d
spotify:track:4hNVjaMGvKgAK41O9tQoNn,58386a2a504f4fd08caed77112bedc82,2023-04-06T20:36:10Z,3,,c03a7727418a40a5a9701af277ff9b9d
spotify:track:55iEQ6oFvMsQm2eLGl4OIC,58386a2a504f4fd08caed77112bedc82,2023-04-06T20:36:10Z,3,,c03a7727418a40a5a9701af277ff9b9d
spotify:track:7cbEiOPGHMCMQiHr5R5QfR,58386a2a504f4fd08caed77112bedc82,2023-04-06T20:36:10Z,2,,c03a7727418a40a5a9701af277ff9b9d
spotify:track:7mS8RbJji2UZAaguRGsOCH,5be35bf564744df2a445fae855878c05,2023-04-06T22:49:50Z,2,an unexpected pick ,c03a7727418a40a5a9701af277ff9b9d
spotify:track:7cbEiOPGHMCMQiHr5R5QfR,5be35bf564744df2a445fae855878c05,2023-04-06T22:49:50Z,3,,c03a7727418a40a5a9701af277ff9b9d
spotify:track:55iEQ6oFvMsQm2eLGl4OIC,5be35bf564744df2a445fae855878c05,2023-04-06T22:49:50Z,2,,c03a7727418a40a5a9701af277ff9b9d
spotify:track:05oETzWbd4SI33qK2gbJfR,5be35bf564744df2a445fae855878c05,2023-04-06T22:49:50Z,2,,c03a7727418a40a5a9701af277ff9b9d
spotify:track:4hNVjaMGvKgAK41O9tQoNn,5be35bf564744df2a445fae855878c05,2023-04-06T22:49:50Z,4,,c03a7727418a40a5a9701af277ff9b9d
spotify:track:393yuPUW1XxTGx5CSsTAeG,5be35bf564744df2a445fae855878c05,2023-04-06T22:49:50Z,4,,c03a7727418a40a5a9701af277ff9b9d
spotify:track:1Wn0A9wVEQXj2JVbdsclpi,5be35bf564744df2a445fae855878c05,2023-04-06T22:49:50Z,3,,c03a7727418a40a5a9701af277ff9b9d
spotify:track:7mS8RbJji2UZAaguRGsOCH,9bbd7b198c6447b097e31d0e543fa630,2023-04-07T00:17:49Z,3,,c03a7727418a40a5a9701af277ff9b9d
spotify:track:55iEQ6oFvMsQm2eLGl4OIC,9bbd7b198c6447b097e31d0e543fa630,2023-04-07T00:17:49Z,3,,c03a7727418a40a5a9701af277ff9b9d
spotify:track:4hNVjaMGvKgAK41O9tQoNn,9bbd7b198c6447b097e31d0e543fa630,2023-04-07T00:17:49Z,2,,c03a7727418a40a5a9701af277ff9b9d
spotify:track:393yuPUW1XxTGx5CSsTAeG,9bbd7b198c6447b097e31d0e543fa630,2023-04-07T00:17:49Z,2,,c03a7727418a40a5a9701af277ff9b9d
spotify:track:2pgDBO0ZAgvye7joSmdDm8,9bbd7b198c6447b097e31d0e543fa630,2023-04-07T00:17:49Z,2,,c03a7727418a40a5a9701af277ff9b9d
spotify:track:0M3PUvG8N4jRttKQLcBLBW,9bbd7b198c6447b097e31d0e543fa630,2023-04-07T00:17:49Z,2,,c03a7727418a40a5a9701af277ff9b9d
spotify:track:05oETzWbd4SI33qK2gbJfR,9bbd7b198c6447b097e31d0e543fa630,2023-04-07T00:17:49Z,3,,c03a7727418a40a5a9701af277ff9b9d
spotify:track:7cbEiOPGHMCMQiHr5R5QfR,9bbd7b198c6447b097e31d0e543fa630,2023-04-07T00:17:49Z,3,,c03a7727418a40a5a9701af277ff9b9d
spotify:track:0M3PUvG8N4jRttKQLcBLBW,fee7e973fd6f45d48299e77843f5cb17,2023-04-07T00:23:50Z,4,,c03a7727418a40a5a9701af277ff9b9d
spotify:track:1Wn0A9wVEQXj2JVbdsclpi,fee7e973fd6f45d48299e77843f5cb17,2023-04-07T00:23:50Z,5,,c03a7727418a40a5a9701af277ff9b9d
spotify:track:393yuPUW1XxTGx5CSsTAeG,fee7e973fd6f45d48299e77843f5cb17,2023-04-07T00:23:50Z,2,,c03a7727418a40a5a9701af277ff9b9d
spotify:track:55iEQ6oFvMsQm2eLGl4OIC,fee7e973fd6f45d48299e77843f5cb17,2023-04-07T00:23:50Z,3,,c03a7727418a40a5a9701af277ff9b9d
spotify:track:7mS8RbJji2UZAaguRGsOCH,fee7e973fd6f45d48299e77843f5cb17,2023-04-07T00:23:50Z,3,,c03a7727418a40a5a9701af277ff9b9d
spotify:track:05oETzWbd4SI33qK2gbJfR,fee7e973fd6f45d48299e77843f5cb17,2023-04-07T00:23:50Z,3,,c03a7727418a40a5a9701af277ff9b9d
spotify:track:2Vig8uA2URmxUaKxGi4xnb,e305e2cab85b4f929234bfdf98d6c6d0,2023-04-08T14:49:41Z,2,,a3f7b52c48944ca690406a663f17796b
spotify:track:3NdnufPacVd7eJ5izrS5Dx,e305e2cab85b4f929234bfdf98d6c6d0,2023-04-08T14:49:41Z,3,,a3f7b52c48944ca690406a663f17796b
spotify:track:43DHLzDkncpby82Po5jlOZ,e305e2cab85b4f929234bfdf98d6c6d0,2023-04-08T14:49:41Z,1,,a3f7b52c48944ca690406a663f17796b
spotify:track:507IFqPuG8mBQoKebfGG9t,e305e2cab85b4f929234bfdf98d6c6d0,2023-04-08T14:49:41Z,1,,a3f7b52c48944ca690406a663f17796b
spotify:track:6a88fc0zSrVWGPdoj445nJ,e305e2cab85b4f929234bfdf98d6c6d0,2023-04-08T14:49:41Z,1,,a3f7b52c48944ca690406a663f17796b
spotify:track:6GoLARmR2OZl2EldehFrsA,e305e2cab85b4f929234bfdf98d6c6d0,2023-04-08T14:49:41Z,10,SOPHIE + Cecile = perfection,a3f7b52c48944ca690406a663f17796b
spotify:track:0MHXrqn909p0LRTPsNsGEi,e305e2cab85b4f929234bfdf98d6c6d0,2023-04-08T14:49:41Z,2,,a3f7b52c48944ca690406a663f17796b
spotify:track:2Vig8uA2URmxUaKxGi4xnb,5be35bf564744df2a445fae855878c05,2023-04-09T00:03:39Z,1,,a3f7b52c48944ca690406a663f17796b
spotify:track:0MHXrqn909p0LRTPsNsGEi,5be35bf564744df2a445fae855878c05,2023-04-09T00:03:39Z,4,,a3f7b52c48944ca690406a663f17796b
spotify:track:2xbfVS3A5RQtPbWVXyKZEo,5be35bf564744df2a445fae855878c05,2023-04-09T00:03:39Z,1,,a3f7b52c48944ca690406a663f17796b
spotify:track:3NdnufPacVd7eJ5izrS5Dx,5be35bf564744df2a445fae855878c05,2023-04-09T00:03:39Z,3,,a3f7b52c48944ca690406a663f17796b
spotify:track:507IFqPuG8mBQoKebfGG9t,5be35bf564744df2a445fae855878c05,2023-04-09T00:03:39Z,3,,a3f7b52c48944ca690406a663f17796b
spotify:track:5vMwheB35Jr6B14kTM0jqi,5be35bf564744df2a445fae855878c05,2023-04-09T00:03:39Z,4,,a3f7b52c48944ca690406a663f17796b
spotify:track:6a88fc0zSrVWGPdoj445nJ,5be35bf564744df2a445fae855878c05,2023-04-09T00:03:39Z,2,,a3f7b52c48944ca690406a663f17796b
spotify:track:6GoLARmR2OZl2EldehFrsA,5be35bf564744df2a445fae855878c05,2023-04-09T00:03:39Z,2,,a3f7b52c48944ca690406a663f17796b
spotify:track:0MHXrqn909p0LRTPsNsGEi,1dacffd0545140b2970d73e29fe6cf33,2023-04-09T00:51:31Z,3,,a3f7b52c48944ca690406a663f17796b
spotify:track:6GoLARmR2OZl2EldehFrsA,1dacffd0545140b2970d73e29fe6cf33,2023-04-09T00:51:31Z,3,,a3f7b52c48944ca690406a663f17796b
spotify:track:6a88fc0zSrVWGPdoj445nJ,1dacffd0545140b2970d73e29fe6cf33,2023-04-09T00:51:31Z,2,,a3f7b52c48944ca690406a663f17796b
spotify:track:5vMwheB35Jr6B14kTM0jqi,1dacffd0545140b2970d73e29fe6cf33,2023-04-09T00:51:31Z,2,,a3f7b52c48944ca690406a663f17796b
spotify:track:507IFqPuG8mBQoKebfGG9t,1dacffd0545140b2970d73e29fe6cf33,2023-04-09T00:51:31Z,1,,a3f7b52c48944ca690406a663f17796b
spotify:track:43DHLzDkncpby82Po5jlOZ,1dacffd0545140b2970d73e29fe6cf33,2023-04-09T00:51:31Z,3,,a3f7b52c48944ca690406a663f17796b
spotify:track:3NdnufPacVd7eJ5izrS5Dx,1dacffd0545140b2970d73e29fe6cf33,2023-04-09T00:51:31Z,4,,a3f7b52c48944ca690406a663f17796b
spotify:track:2xbfVS3A5RQtPbWVXyKZEo,1dacffd0545140b2970d73e29fe6cf33,2023-04-09T00:51:31Z,2,,a3f7b52c48944ca690406a663f17796b
spotify:track:3NdnufPacVd7eJ5izrS5Dx,9bbd7b198c6447b097e31d0e543fa630,2023-04-09T12:00:54Z,2,,a3f7b52c48944ca690406a663f17796b
spotify:track:0MHXrqn909p0LRTPsNsGEi,9bbd7b198c6447b097e31d0e543fa630,2023-04-09T12:00:54Z,4,,a3f7b52c48944ca690406a663f17796b
spotify:track:2Vig8uA2URmxUaKxGi4xnb,9bbd7b198c6447b097e31d0e543fa630,2023-04-09T12:00:54Z,2,,a3f7b52c48944ca690406a663f17796b
spotify:track:43DHLzDkncpby82Po5jlOZ,9bbd7b198c6447b097e31d0e543fa630,2023-04-09T12:00:54Z,3,,a3f7b52c48944ca690406a663f17796b
spotify:track:507IFqPuG8mBQoKebfGG9t,9bbd7b198c6447b097e31d0e543fa630,2023-04-09T12:00:54Z,3,,a3f7b52c48944ca690406a663f17796b
spotify:track:5vMwheB35Jr6B14kTM0jqi,9bbd7b198c6447b097e31d0e543fa630,2023-04-09T12:00:54Z,4,,a3f7b52c48944ca690406a663f17796b
spotify:track:6a88fc0zSrVWGPdoj445nJ,9bbd7b198c6447b097e31d0e543fa630,2023-04-09T12:00:54Z,2,,a3f7b52c48944ca690406a663f17796b
spotify:track:2Vig8uA2URmxUaKxGi4xnb,fee7e973fd6f45d48299e77843f5cb17,2023-04-09T16:44:25Z,1,,a3f7b52c48944ca690406a663f17796b
spotify:track:0MHXrqn909p0LRTPsNsGEi,fee7e973fd6f45d48299e77843f5cb17,2023-04-09T16:44:25Z,4,,a3f7b52c48944ca690406a663f17796b
spotify:track:3NdnufPacVd7eJ5izrS5Dx,fee7e973fd6f45d48299e77843f5cb17,2023-04-09T16:44:25Z,5,,a3f7b52c48944ca690406a663f17796b
spotify:track:6GoLARmR2OZl2EldehFrsA,fee7e973fd6f45d48299e77843f5cb17,2023-04-09T16:44:25Z,5,,a3f7b52c48944ca690406a663f17796b
spotify:track:43DHLzDkncpby82Po5jlOZ,fee7e973fd6f45d48299e77843f5cb17,2023-04-09T16:44:25Z,3,,a3f7b52c48944ca690406a663f17796b
spotify:track:507IFqPuG8mBQoKebfGG9t,fee7e973fd6f45d48299e77843f5cb17,2023-04-09T16:44:25Z,1,,a3f7b52c48944ca690406a663f17796b
spotify:track:5vMwheB35Jr6B14kTM0jqi,fee7e973fd6f45d48299e77843f5cb17,2023-04-09T16:44:25Z,1,,a3f7b52c48944ca690406a663f17796b
spotify:track:2Vig8uA2URmxUaKxGi4xnb,bdd60b40c4ca4c78a0cbf518560cd06c,2023-04-09T23:26:03Z,1,,a3f7b52c48944ca690406a663f17796b
spotify:track:2xbfVS3A5RQtPbWVXyKZEo,bdd60b40c4ca4c78a0cbf518560cd06c,2023-04-09T23:26:03Z,2,"I'm torn on this one. I like this song and album, but I don't know if dying in a motel is my Friday vibe.",a3f7b52c48944ca690406a663f17796b
spotify:track:3NdnufPacVd7eJ5izrS5Dx,bdd60b40c4ca4c78a0cbf518560cd06c,2023-04-09T23:26:03Z,4,,a3f7b52c48944ca690406a663f17796b
spotify:track:507IFqPuG8mBQoKebfGG9t,bdd60b40c4ca4c78a0cbf518560cd06c,2023-04-09T23:26:03Z,2,,a3f7b52c48944ca690406a663f17796b
spotify:track:5vMwheB35Jr6B14kTM0jqi,bdd60b40c4ca4c78a0cbf518560cd06c,2023-04-09T23:26:03Z,4,fun!,a3f7b52c48944ca690406a663f17796b
spotify:track:6a88fc0zSrVWGPdoj445nJ,bdd60b40c4ca4c78a0cbf518560cd06c,2023-04-09T23:26:03Z,4,,a3f7b52c48944ca690406a663f17796b
spotify:track:6GoLARmR2OZl2EldehFrsA,bdd60b40c4ca4c78a0cbf518560cd06c,2023-04-09T23:26:03Z,3,"Unexpected, but it works for the theme!",a3f7b52c48944ca690406a663f17796b
spotify:track:3NdnufPacVd7eJ5izrS5Dx,5df547c9f7ed41278698daa1917fdd24,2023-04-10T01:10:14Z,2,,a3f7b52c48944ca690406a663f17796b
spotify:track:0MHXrqn909p0LRTPsNsGEi,5df547c9f7ed41278698daa1917fdd24,2023-04-10T01:10:14Z,3,,a3f7b52c48944ca690406a663f17796b
spotify:track:2Vig8uA2URmxUaKxGi4xnb,5df547c9f7ed41278698daa1917fdd24,2023-04-10T01:10:14Z,2,,a3f7b52c48944ca690406a663f17796b
spotify:track:2xbfVS3A5RQtPbWVXyKZEo,5df547c9f7ed41278698daa1917fdd24,2023-04-10T01:10:14Z,3,,a3f7b52c48944ca690406a663f17796b
spotify:track:43DHLzDkncpby82Po5jlOZ,5df547c9f7ed41278698daa1917fdd24,2023-04-10T01:10:14Z,4,,a3f7b52c48944ca690406a663f17796b
spotify:track:507IFqPuG8mBQoKebfGG9t,5df547c9f7ed41278698daa1917fdd24,2023-04-10T01:10:14Z,2,,a3f7b52c48944ca690406a663f17796b
spotify:track:5vMwheB35Jr6B14kTM0jqi,5df547c9f7ed41278698daa1917fdd24,2023-04-10T01:10:14Z,2,,a3f7b52c48944ca690406a663f17796b
spotify:track:6a88fc0zSrVWGPdoj445nJ,5df547c9f7ed41278698daa1917fdd24,2023-04-10T01:10:14Z,2,,a3f7b52c48944ca690406a663f17796b
spotify:track:0MHXrqn909p0LRTPsNsGEi,488c42f9d7e948a188f671fe126eb74a,2023-04-10T01:45:02Z,6,,a3f7b52c48944ca690406a663f17796b
spotify:track:2Vig8uA2URmxUaKxGi4xnb,488c42f9d7e948a188f671fe126eb74a,2023-04-10T01:45:02Z,1,,a3f7b52c48944ca690406a663f17796b
spotify:track:43DHLzDkncpby82Po5jlOZ,488c42f9d7e948a188f671fe126eb74a,2023-04-10T01:45:02Z,5,,a3f7b52c48944ca690406a663f17796b
spotify:track:507IFqPuG8mBQoKebfGG9t,488c42f9d7e948a188f671fe126eb74a,2023-04-10T01:45:02Z,5,,a3f7b52c48944ca690406a663f17796b
spotify:track:5vMwheB35Jr6B14kTM0jqi,488c42f9d7e948a188f671fe126eb74a,2023-04-10T01:45:02Z,1,,a3f7b52c48944ca690406a663f17796b
spotify:track:6a88fc0zSrVWGPdoj445nJ,488c42f9d7e948a188f671fe126eb74a,2023-04-10T01:45:02Z,1,,a3f7b52c48944ca690406a663f17796b
spotify:track:6GoLARmR2OZl2EldehFrsA,488c42f9d7e948a188f671fe126eb74a,2023-04-10T01:45:02Z,1,,a3f7b52c48944ca690406a663f17796b
spotify:track:0MHXrqn909p0LRTPsNsGEi,58386a2a504f4fd08caed77112bedc82,2023-04-10T10:52:35Z,5,,a3f7b52c48944ca690406a663f17796b
spotify:track:6a88fc0zSrVWGPdoj445nJ,58386a2a504f4fd08caed77112bedc82,2023-04-10T10:52:35Z,3,,a3f7b52c48944ca690406a663f17796b
spotify:track:5vMwheB35Jr6B14kTM0jqi,58386a2a504f4fd08caed77112bedc82,2023-04-10T10:52:35Z,3,,a3f7b52c48944ca690406a663f17796b
spotify:track:43DHLzDkncpby82Po5jlOZ,58386a2a504f4fd08caed77112bedc82,2023-04-10T10:52:35Z,3,,a3f7b52c48944ca690406a663f17796b
spotify:track:3NdnufPacVd7eJ5izrS5Dx,58386a2a504f4fd08caed77112bedc82,2023-04-10T10:52:35Z,3,,a3f7b52c48944ca690406a663f17796b
spotify:track:2xbfVS3A5RQtPbWVXyKZEo,58386a2a504f4fd08caed77112bedc82,2023-04-10T10:52:35Z,3,,a3f7b52c48944ca690406a663f17796b
spotify:track:1sUu5b183phz8KJ6lsIQq7,bdd60b40c4ca4c78a0cbf518560cd06c,2023-04-11T02:55:38Z,0,this doesn't really feel like a fit to me,99e3061a7e7e402492aba613e93807b2
spotify:track:0XgRWgcs0Pcr9PSIdFWD4N,bdd60b40c4ca4c78a0cbf518560cd06c,2023-04-11T02:55:38Z,3,"I'd heard this one before, appreciate how much it definitely sounds like Michael Cera",99e3061a7e7e402492aba613e93807b2
spotify:track:15vVb0brieFzft30phwx0j,bdd60b40c4ca4c78a0cbf518560cd06c,2023-04-11T02:55:38Z,2,I thought we might see this here,99e3061a7e7e402492aba613e93807b2
spotify:track:5G7Hza0AKOI5ZO9gZ14tIx,bdd60b40c4ca4c78a0cbf518560cd06c,2023-04-11T02:55:38Z,3,,99e3061a7e7e402492aba613e93807b2
spotify:track:5AQ7yGPs35whBThhawCHNG,bdd60b40c4ca4c78a0cbf518560cd06c,2023-04-11T02:55:38Z,5,I drink your milkshake!,99e3061a7e7e402492aba613e93807b2
spotify:track:3BtA1koBtnClfirgg4BpjI,bdd60b40c4ca4c78a0cbf518560cd06c,2023-04-11T02:55:38Z,3,I googled and figured out this is Baby Driver. I thought he just listened to music!,99e3061a7e7e402492aba613e93807b2
spotify:track:2eDrjpQCosDLUTsou7qqCV,bdd60b40c4ca4c78a0cbf518560cd06c,2023-04-11T02:55:38Z,4,Did not know about this one!,99e3061a7e7e402492aba613e93807b2
spotify:track:7BdXRaSlGAzhySfuW3y8h5,e305e2cab85b4f929234bfdf98d6c6d0,2023-04-12T00:13:03Z,4,,99e3061a7e7e402492aba613e93807b2
spotify:track:0XgRWgcs0Pcr9PSIdFWD4N,e305e2cab85b4f929234bfdf98d6c6d0,2023-04-12T00:13:03Z,2,,99e3061a7e7e402492aba613e93807b2
spotify:track:15vVb0brieFzft30phwx0j,e305e2cab85b4f929234bfdf98d6c6d0,2023-04-12T00:13:03Z,2,,99e3061a7e7e402492aba613e93807b2
spotify:track:1sUu5b183phz8KJ6lsIQq7,e305e2cab85b4f929234bfdf98d6c6d0,2023-04-12T00:13:03Z,1,,99e3061a7e7e402492aba613e93807b2
spotify:track:2eDrjpQCosDLUTsou7qqCV,e305e2cab85b4f929234bfdf98d6c6d0,2023-04-12T00:13:03Z,4,,99e3061a7e7e402492aba613e93807b2
spotify:track:3BtA1koBtnClfirgg4BpjI,e305e2cab85b4f929234bfdf98d6c6d0,2023-04-12T00:13:03Z,2,,99e3061a7e7e402492aba613e93807b2
spotify:track:5AQ7yGPs35whBThhawCHNG,e305e2cab85b4f929234bfdf98d6c6d0,2023-04-12T00:13:03Z,2,,99e3061a7e7e402492aba613e93807b2
spotify:track:6rWvSDfSYNal5mJSflFMU7,e305e2cab85b4f929234bfdf98d6c6d0,2023-04-12T00:13:03Z,3,,99e3061a7e7e402492aba613e93807b2
spotify:track:0XgRWgcs0Pcr9PSIdFWD4N,488c42f9d7e948a188f671fe126eb74a,2023-04-12T00:39:48Z,4,,99e3061a7e7e402492aba613e93807b2
spotify:track:7BdXRaSlGAzhySfuW3y8h5,488c42f9d7e948a188f671fe126eb74a,2023-04-12T00:39:48Z,2,,99e3061a7e7e402492aba613e93807b2
spotify:track:6rWvSDfSYNal5mJSflFMU7,488c42f9d7e948a188f671fe126eb74a,2023-04-12T00:39:48Z,1,,99e3061a7e7e402492aba613e93807b2
spotify:track:5G7Hza0AKOI5ZO9gZ14tIx,488c42f9d7e948a188f671fe126eb74a,2023-04-12T00:39:48Z,2,,99e3061a7e7e402492aba613e93807b2
spotify:track:5AQ7yGPs35whBThhawCHNG,488c42f9d7e948a188f671fe126eb74a,2023-04-12T00:39:48Z,1,,99e3061a7e7e402492aba613e93807b2
spotify:track:2eDrjpQCosDLUTsou7qqCV,488c42f9d7e948a188f671fe126eb74a,2023-04-12T00:39:48Z,4,,99e3061a7e7e402492aba613e93807b2
spotify:track:1sUu5b183phz8KJ6lsIQq7,488c42f9d7e948a188f671fe126eb74a,2023-04-12T00:39:48Z,6,,99e3061a7e7e402492aba613e93807b2
spotify:track:0XgRWgcs0Pcr9PSIdFWD4N,58386a2a504f4fd08caed77112bedc82,2023-04-12T00:44:23Z,3,,99e3061a7e7e402492aba613e93807b2
spotify:track:5G7Hza0AKOI5ZO9gZ14tIx,58386a2a504f4fd08caed77112bedc82,2023-04-12T00:44:23Z,4,,99e3061a7e7e402492aba613e93807b2
spotify:track:5AQ7yGPs35whBThhawCHNG,58386a2a504f4fd08caed77112bedc82,2023-04-12T00:44:23Z,3,,99e3061a7e7e402492aba613e93807b2
spotify:track:2eDrjpQCosDLUTsou7qqCV,58386a2a504f4fd08caed77112bedc82,2023-04-12T00:44:23Z,4,,99e3061a7e7e402492aba613e93807b2
spotify:track:15vVb0brieFzft30phwx0j,58386a2a504f4fd08caed77112bedc82,2023-04-12T00:44:23Z,3,,99e3061a7e7e402492aba613e93807b2
spotify:track:6rWvSDfSYNal5mJSflFMU7,58386a2a504f4fd08caed77112bedc82,2023-04-12T00:44:23Z,3,,99e3061a7e7e402492aba613e93807b2
spotify:track:2eDrjpQCosDLUTsou7qqCV,1dacffd0545140b2970d73e29fe6cf33,2023-04-12T00:47:56Z,10,,99e3061a7e7e402492aba613e93807b2
spotify:track:7BdXRaSlGAzhySfuW3y8h5,1dacffd0545140b2970d73e29fe6cf33,2023-04-12T00:47:56Z,10,,99e3061a7e7e402492aba613e93807b2
spotify:track:7BdXRaSlGAzhySfuW3y8h5,fee7e973fd6f45d48299e77843f5cb17,2023-04-12T14:19:00Z,1,,99e3061a7e7e402492aba613e93807b2
spotify:track:0XgRWgcs0Pcr9PSIdFWD4N,fee7e973fd6f45d48299e77843f5cb17,2023-04-12T14:19:00Z,5,,99e3061a7e7e402492aba613e93807b2
spotify:track:15vVb0brieFzft30phwx0j,fee7e973fd6f45d48299e77843f5cb17,2023-04-12T14:19:00Z,2,,99e3061a7e7e402492aba613e93807b2
spotify:track:1sUu5b183phz8KJ6lsIQq7,fee7e973fd6f45d48299e77843f5cb17,2023-04-12T14:19:00Z,2,,99e3061a7e7e402492aba613e93807b2
spotify:track:2eDrjpQCosDLUTsou7qqCV,fee7e973fd6f45d48299e77843f5cb17,2023-04-12T14:19:00Z,1,,99e3061a7e7e402492aba613e93807b2
spotify:track:5AQ7yGPs35whBThhawCHNG,fee7e973fd6f45d48299e77843f5cb17,2023-04-12T14:19:00Z,5,,99e3061a7e7e402492aba613e93807b2
spotify:track:5G7Hza0AKOI5ZO9gZ14tIx,fee7e973fd6f45d48299e77843f5cb17,2023-04-12T14:19:00Z,2,,99e3061a7e7e402492aba613e93807b2
spotify:track:6rWvSDfSYNal5mJSflFMU7,fee7e973fd6f45d48299e77843f5cb17,2023-04-12T14:19:00Z,2,,99e3061a7e7e402492aba613e93807b2
spotify:track:15vVb0brieFzft30phwx0j,9bbd7b198c6447b097e31d0e543fa630,2023-04-12T16:36:01Z,2,,99e3061a7e7e402492aba613e93807b2
spotify:track:1sUu5b183phz8KJ6lsIQq7,9bbd7b198c6447b097e31d0e543fa630,2023-04-12T16:36:01Z,2,Loved this movie even if these dudes are entirely too far up their own asses.,99e3061a7e7e402492aba613e93807b2
spotify:track:2eDrjpQCosDLUTsou7qqCV,9bbd7b198c6447b097e31d0e543fa630,2023-04-12T16:36:01Z,5,Whoa ,99e3061a7e7e402492aba613e93807b2
spotify:track:3BtA1koBtnClfirgg4BpjI,9bbd7b198c6447b097e31d0e543fa630,2023-04-12T16:36:01Z,2,,99e3061a7e7e402492aba613e93807b2
spotify:track:5AQ7yGPs35whBThhawCHNG,9bbd7b198c6447b097e31d0e543fa630,2023-04-12T16:36:01Z,3,Love Paul Dano.,99e3061a7e7e402492aba613e93807b2
spotify:track:5G7Hza0AKOI5ZO9gZ14tIx,9bbd7b198c6447b097e31d0e543fa630,2023-04-12T16:36:01Z,4,I heard about this when Riz was on Fresh Air with Terri Gross.,99e3061a7e7e402492aba613e93807b2
spotify:track:6rWvSDfSYNal5mJSflFMU7,9bbd7b198c6447b097e31d0e543fa630,2023-04-12T16:36:01Z,2,,99e3061a7e7e402492aba613e93807b2
spotify:track:0XgRWgcs0Pcr9PSIdFWD4N,5be35bf564744df2a445fae855878c05,2023-04-12T18:04:18Z,3,,99e3061a7e7e402492aba613e93807b2
spotify:track:7BdXRaSlGAzhySfuW3y8h5,5be35bf564744df2a445fae855878c05,2023-04-12T18:04:18Z,1,,99e3061a7e7e402492aba613e93807b2
spotify:track:6rWvSDfSYNal5mJSflFMU7,5be35bf564744df2a445fae855878c05,2023-04-12T18:04:18Z,4,,99e3061a7e7e402492aba613e93807b2
spotify:track:5G7Hza0AKOI5ZO9gZ14tIx,5be35bf564744df2a445fae855878c05,2023-04-12T18:04:18Z,2,,99e3061a7e7e402492aba613e93807b2
spotify:track:5AQ7yGPs35whBThhawCHNG,5be35bf564744df2a445fae855878c05,2023-04-12T18:04:18Z,3,,99e3061a7e7e402492aba613e93807b2
spotify:track:3BtA1koBtnClfirgg4BpjI,5be35bf564744df2a445fae855878c05,2023-04-12T18:04:18Z,1,,99e3061a7e7e402492aba613e93807b2
spotify:track:1sUu5b183phz8KJ6lsIQq7,5be35bf564744df2a445fae855878c05,2023-04-12T18:04:18Z,2,,99e3061a7e7e402492aba613e93807b2
spotify:track:15vVb0brieFzft30phwx0j,5be35bf564744df2a445fae855878c05,2023-04-12T18:04:18Z,4,this is extremely 90s,99e3061a7e7e402492aba613e93807b2
spotify:track:0XgRWgcs0Pcr9PSIdFWD4N,5df547c9f7ed41278698daa1917fdd24,2023-04-12T19:03:35Z,5,,99e3061a7e7e402492aba613e93807b2
spotify:track:15vVb0brieFzft30phwx0j,5df547c9f7ed41278698daa1917fdd24,2023-04-12T19:03:35Z,10,"I want a bassist to win this round so I’m giving the max possible amount of points. Also, it’s Keanu.",99e3061a7e7e402492aba613e93807b2
spotify:track:2eDrjpQCosDLUTsou7qqCV,5df547c9f7ed41278698daa1917fdd24,2023-04-12T19:03:35Z,3,,99e3061a7e7e402492aba613e93807b2
spotify:track:5G7Hza0AKOI5ZO9gZ14tIx,5df547c9f7ed41278698daa1917fdd24,2023-04-12T19:03:35Z,2,,99e3061a7e7e402492aba613e93807b2
spotify:track:293WkrB97Ck0kDxVfJGM6d,1dacffd0545140b2970d73e29fe6cf33,2023-04-13T16:28:04Z,3,,90014ec1112644029a72ee023e127675
spotify:track:34K7nU8EWQIRI93RfqhdRJ,1dacffd0545140b2970d73e29fe6cf33,2023-04-13T16:28:04Z,2,,90014ec1112644029a72ee023e127675
spotify:track:3njjxnLqgqxu29xT9bXxBU,1dacffd0545140b2970d73e29fe6cf33,2023-04-13T16:28:04Z,3,,90014ec1112644029a72ee023e127675
spotify:track:4H1ZiD0aytFHoOiosVmT1w,1dacffd0545140b2970d73e29fe6cf33,2023-04-13T16:28:04Z,4,,90014ec1112644029a72ee023e127675
spotify:track:4KW1lqgSr8TKrvBII0Brf8,1dacffd0545140b2970d73e29fe6cf33,2023-04-13T16:28:04Z,2,,90014ec1112644029a72ee023e127675
spotify:track:4nYXRXaRyX4UTQr3s33zFa,1dacffd0545140b2970d73e29fe6cf33,2023-04-13T16:28:04Z,2,,90014ec1112644029a72ee023e127675
spotify:track:6GmoLmBISzLomNjM18dFgz,1dacffd0545140b2970d73e29fe6cf33,2023-04-13T16:28:04Z,2,,90014ec1112644029a72ee023e127675
spotify:track:6riUkGZUqfuhGQNQ3jSBNx,1dacffd0545140b2970d73e29fe6cf33,2023-04-13T16:28:04Z,2,,90014ec1112644029a72ee023e127675
spotify:track:293WkrB97Ck0kDxVfJGM6d,9bbd7b198c6447b097e31d0e543fa630,2023-04-14T19:59:30Z,4,A real bop. ,90014ec1112644029a72ee023e127675
spotify:track:34K7nU8EWQIRI93RfqhdRJ,9bbd7b198c6447b097e31d0e543fa630,2023-04-14T19:59:30Z,1,Legacy cringe ,90014ec1112644029a72ee023e127675
spotify:track:3njjxnLqgqxu29xT9bXxBU,9bbd7b198c6447b097e31d0e543fa630,2023-04-14T19:59:30Z,1,,90014ec1112644029a72ee023e127675
spotify:track:4H1ZiD0aytFHoOiosVmT1w,9bbd7b198c6447b097e31d0e543fa630,2023-04-14T19:59:30Z,2,Yikes. The MySpace era was awesome but also terrible.,90014ec1112644029a72ee023e127675
spotify:track:4HOnIpqP8txGle3UvfjStU,9bbd7b198c6447b097e31d0e543fa630,2023-04-14T19:59:30Z,4,,90014ec1112644029a72ee023e127675
spotify:track:4KW1lqgSr8TKrvBII0Brf8,9bbd7b198c6447b097e31d0e543fa630,2023-04-14T19:59:30Z,1,,90014ec1112644029a72ee023e127675
spotify:track:4nYXRXaRyX4UTQr3s33zFa,9bbd7b198c6447b097e31d0e543fa630,2023-04-14T19:59:30Z,1,,90014ec1112644029a72ee023e127675
spotify:track:6riUkGZUqfuhGQNQ3jSBNx,9bbd7b198c6447b097e31d0e543fa630,2023-04-14T19:59:30Z,6,So many VH songs for this challenge.,90014ec1112644029a72ee023e127675
spotify:track:293WkrB97Ck0kDxVfJGM6d,e305e2cab85b4f929234bfdf98d6c6d0,2023-04-14T22:08:25Z,2,,90014ec1112644029a72ee023e127675
spotify:track:34K7nU8EWQIRI93RfqhdRJ,e305e2cab85b4f929234bfdf98d6c6d0,2023-04-14T22:08:25Z,2,,90014ec1112644029a72ee023e127675
spotify:track:4H1ZiD0aytFHoOiosVmT1w,e305e2cab85b4f929234bfdf98d6c6d0,2023-04-14T22:08:25Z,3,,90014ec1112644029a72ee023e127675
spotify:track:4HOnIpqP8txGle3UvfjStU,e305e2cab85b4f929234bfdf98d6c6d0,2023-04-14T22:08:25Z,2,,90014ec1112644029a72ee023e127675
spotify:track:4KW1lqgSr8TKrvBII0Brf8,e305e2cab85b4f929234bfdf98d6c6d0,2023-04-14T22:08:25Z,2,,90014ec1112644029a72ee023e127675
spotify:track:4nYXRXaRyX4UTQr3s33zFa,e305e2cab85b4f929234bfdf98d6c6d0,2023-04-14T22:08:25Z,3,,90014ec1112644029a72ee023e127675
spotify:track:6GmoLmBISzLomNjM18dFgz,e305e2cab85b4f929234bfdf98d6c6d0,2023-04-14T22:08:25Z,3,,90014ec1112644029a72ee023e127675
spotify:track:6riUkGZUqfuhGQNQ3jSBNx,e305e2cab85b4f929234bfdf98d6c6d0,2023-04-14T22:08:25Z,3,,90014ec1112644029a72ee023e127675
spotify:track:293WkrB97Ck0kDxVfJGM6d,58386a2a504f4fd08caed77112bedc82,2023-04-15T03:25:05Z,2,,90014ec1112644029a72ee023e127675
spotify:track:34K7nU8EWQIRI93RfqhdRJ,58386a2a504f4fd08caed77112bedc82,2023-04-15T03:25:05Z,3,,90014ec1112644029a72ee023e127675
spotify:track:3njjxnLqgqxu29xT9bXxBU,58386a2a504f4fd08caed77112bedc82,2023-04-15T03:25:05Z,3,,90014ec1112644029a72ee023e127675
spotify:track:4H1ZiD0aytFHoOiosVmT1w,58386a2a504f4fd08caed77112bedc82,2023-04-15T03:25:05Z,3,,90014ec1112644029a72ee023e127675
spotify:track:4HOnIpqP8txGle3UvfjStU,58386a2a504f4fd08caed77112bedc82,2023-04-15T03:25:05Z,3,,90014ec1112644029a72ee023e127675
spotify:track:6GmoLmBISzLomNjM18dFgz,58386a2a504f4fd08caed77112bedc82,2023-04-15T03:25:05Z,3,,90014ec1112644029a72ee023e127675
spotify:track:6riUkGZUqfuhGQNQ3jSBNx,58386a2a504f4fd08caed77112bedc82,2023-04-15T03:25:05Z,3,,90014ec1112644029a72ee023e127675
spotify:track:293WkrB97Ck0kDxVfJGM6d,488c42f9d7e948a188f671fe126eb74a,2023-04-15T19:49:50Z,5,,90014ec1112644029a72ee023e127675
spotify:track:34K7nU8EWQIRI93RfqhdRJ,488c42f9d7e948a188f671fe126eb74a,2023-04-15T19:49:50Z,1,,90014ec1112644029a72ee023e127675
spotify:track:3njjxnLqgqxu29xT9bXxBU,488c42f9d7e948a188f671fe126eb74a,2023-04-15T19:49:50Z,2,,90014ec1112644029a72ee023e127675
spotify:track:4HOnIpqP8txGle3UvfjStU,488c42f9d7e948a188f671fe126eb74a,2023-04-15T19:49:50Z,4,,90014ec1112644029a72ee023e127675
spotify:track:6GmoLmBISzLomNjM18dFgz,488c42f9d7e948a188f671fe126eb74a,2023-04-15T19:49:50Z,5,,90014ec1112644029a72ee023e127675
spotify:track:6riUkGZUqfuhGQNQ3jSBNx,488c42f9d7e948a188f671fe126eb74a,2023-04-15T19:49:50Z,3,,90014ec1112644029a72ee023e127675
spotify:track:34K7nU8EWQIRI93RfqhdRJ,fee7e973fd6f45d48299e77843f5cb17,2023-04-15T22:03:38Z,3,,90014ec1112644029a72ee023e127675
spotify:track:3njjxnLqgqxu29xT9bXxBU,fee7e973fd6f45d48299e77843f5cb17,2023-04-15T22:03:38Z,4,,90014ec1112644029a72ee023e127675
spotify:track:4H1ZiD0aytFHoOiosVmT1w,fee7e973fd6f45d48299e77843f5cb17,2023-04-15T22:03:38Z,2,,90014ec1112644029a72ee023e127675
spotify:track:4KW1lqgSr8TKrvBII0Brf8,fee7e973fd6f45d48299e77843f5cb17,2023-04-15T22:03:38Z,2,,90014ec1112644029a72ee023e127675
spotify:track:4nYXRXaRyX4UTQr3s33zFa,fee7e973fd6f45d48299e77843f5cb17,2023-04-15T22:03:38Z,5,,90014ec1112644029a72ee023e127675
spotify:track:6GmoLmBISzLomNjM18dFgz,fee7e973fd6f45d48299e77843f5cb17,2023-04-15T22:03:38Z,2,,90014ec1112644029a72ee023e127675
spotify:track:6riUkGZUqfuhGQNQ3jSBNx,fee7e973fd6f45d48299e77843f5cb17,2023-04-15T22:03:38Z,2,,90014ec1112644029a72ee023e127675
spotify:track:293WkrB97Ck0kDxVfJGM6d,bdd60b40c4ca4c78a0cbf518560cd06c,2023-04-16T01:29:58Z,3,I can’t decide if terrible or just funny,90014ec1112644029a72ee023e127675
spotify:track:34K7nU8EWQIRI93RfqhdRJ,bdd60b40c4ca4c78a0cbf518560cd06c,2023-04-16T01:29:58Z,5,Wow! Creepy AND racist!,90014ec1112644029a72ee023e127675
spotify:track:3njjxnLqgqxu29xT9bXxBU,bdd60b40c4ca4c78a0cbf518560cd06c,2023-04-16T01:29:58Z,2,,90014ec1112644029a72ee023e127675
spotify:track:4H1ZiD0aytFHoOiosVmT1w,bdd60b40c4ca4c78a0cbf518560cd06c,2023-04-16T01:29:58Z,1,Truly terrible lyrics... but AMAZING music? I don't know,90014ec1112644029a72ee023e127675
spotify:track:4HOnIpqP8txGle3UvfjStU,bdd60b40c4ca4c78a0cbf518560cd06c,2023-04-16T01:29:58Z,1,,90014ec1112644029a72ee023e127675
spotify:track:4KW1lqgSr8TKrvBII0Brf8,bdd60b40c4ca4c78a0cbf518560cd06c,2023-04-16T01:29:58Z,4,"I didn't want to be the person to submit Kanye, but this is a great example.",90014ec1112644029a72ee023e127675
spotify:track:4nYXRXaRyX4UTQr3s33zFa,bdd60b40c4ca4c78a0cbf518560cd06c,2023-04-16T01:29:58Z,1,,90014ec1112644029a72ee023e127675
spotify:track:6GmoLmBISzLomNjM18dFgz,bdd60b40c4ca4c78a0cbf518560cd06c,2023-04-16T01:29:58Z,3,,90014ec1112644029a72ee023e127675
spotify:track:293WkrB97Ck0kDxVfJGM6d,5df547c9f7ed41278698daa1917fdd24,2023-04-16T02:03:04Z,1,,90014ec1112644029a72ee023e127675
spotify:track:34K7nU8EWQIRI93RfqhdRJ,5df547c9f7ed41278698daa1917fdd24,2023-04-16T02:03:04Z,3,,90014ec1112644029a72ee023e127675
spotify:track:3njjxnLqgqxu29xT9bXxBU,5df547c9f7ed41278698daa1917fdd24,2023-04-16T02:03:04Z,1,,90014ec1112644029a72ee023e127675
spotify:track:4HOnIpqP8txGle3UvfjStU,5df547c9f7ed41278698daa1917fdd24,2023-04-16T02:03:04Z,1,,90014ec1112644029a72ee023e127675
spotify:track:4KW1lqgSr8TKrvBII0Brf8,5df547c9f7ed41278698daa1917fdd24,2023-04-16T02:03:04Z,3,wild how these lyrics don’t even land in the top 100 worst kanye sins,90014ec1112644029a72ee023e127675
spotify:track:4nYXRXaRyX4UTQr3s33zFa,5df547c9f7ed41278698daa1917fdd24,2023-04-16T02:03:04Z,1,,90014ec1112644029a72ee023e127675
spotify:track:6GmoLmBISzLomNjM18dFgz,5df547c9f7ed41278698daa1917fdd24,2023-04-16T02:03:04Z,2,,90014ec1112644029a72ee023e127675
spotify:track:6riUkGZUqfuhGQNQ3jSBNx,5df547c9f7ed41278698daa1917fdd24,2023-04-16T02:03:04Z,8,10/10 legs,90014ec1112644029a72ee023e127675
spotify:track:293WkrB97Ck0kDxVfJGM6d,5be35bf564744df2a445fae855878c05,2023-04-16T02:08:22Z,1,,90014ec1112644029a72ee023e127675
spotify:track:3njjxnLqgqxu29xT9bXxBU,5be35bf564744df2a445fae855878c05,2023-04-16T02:08:22Z,2,these lyrics are actually kinda cool in a weird way?,90014ec1112644029a72ee023e127675
spotify:track:4H1ZiD0aytFHoOiosVmT1w,5be35bf564744df2a445fae855878c05,2023-04-16T02:08:22Z,2,,90014ec1112644029a72ee023e127675
spotify:track:4HOnIpqP8txGle3UvfjStU,5be35bf564744df2a445fae855878c05,2023-04-16T02:08:22Z,4,ok well played,90014ec1112644029a72ee023e127675
spotify:track:4nYXRXaRyX4UTQr3s33zFa,5be35bf564744df2a445fae855878c05,2023-04-16T02:08:22Z,4,,90014ec1112644029a72ee023e127675
spotify:track:6GmoLmBISzLomNjM18dFgz,5be35bf564744df2a445fae855878c05,2023-04-16T02:08:22Z,4,,90014ec1112644029a72ee023e127675
spotify:track:6riUkGZUqfuhGQNQ3jSBNx,5be35bf564744df2a445fae855878c05,2023-04-16T02:08:22Z,3,,90014ec1112644029a72ee023e127675
spotify:track:0m5uRpKPNyIOxgRYrw2wpZ,9bbd7b198c6447b097e31d0e543fa630,2023-04-17T02:56:41Z,0,"Zero points because you took my song. Here’s ten imaginary points, Matt.",4f3f884f84e34caeb4e785fcfea5dd88
spotify:track:21YxK0klhpfLW8budkJaMF,9bbd7b198c6447b097e31d0e543fa630,2023-04-17T02:56:41Z,4,Love this damn song.,4f3f884f84e34caeb4e785fcfea5dd88
spotify:track:29d0nY7TzCoi22XBqDQkiP,9bbd7b198c6447b097e31d0e543fa630,2023-04-17T02:56:41Z,4,,4f3f884f84e34caeb4e785fcfea5dd88
spotify:track:3uCkIqD0VzQUijbs8WIizs,9bbd7b198c6447b097e31d0e543fa630,2023-04-17T02:56:41Z,2,,4f3f884f84e34caeb4e785fcfea5dd88
spotify:track:3Vby4nGmtbDo7HDJamOWkT,9bbd7b198c6447b097e31d0e543fa630,2023-04-17T02:56:41Z,2,,4f3f884f84e34caeb4e785fcfea5dd88
spotify:track:7abNwHdN34BP9q4tKfKeMg,9bbd7b198c6447b097e31d0e543fa630,2023-04-17T02:56:41Z,3,,4f3f884f84e34caeb4e785fcfea5dd88
spotify:track:7rSERmjAT38lC5QhJ8hnQc,9bbd7b198c6447b097e31d0e543fa630,2023-04-17T02:56:41Z,3,I audibly gasped at the elevator scene. I fucking love this movie.,4f3f884f84e34caeb4e785fcfea5dd88
spotify:track:7sC9FifCXZHgjTAjFO1ykA,9bbd7b198c6447b097e31d0e543fa630,2023-04-17T02:56:41Z,2,,4f3f884f84e34caeb4e785fcfea5dd88
spotify:track:0m5uRpKPNyIOxgRYrw2wpZ,1dacffd0545140b2970d73e29fe6cf33,2023-04-17T13:00:45Z,4,,4f3f884f84e34caeb4e785fcfea5dd88
spotify:track:21YxK0klhpfLW8budkJaMF,1dacffd0545140b2970d73e29fe6cf33,2023-04-17T13:00:45Z,2,,4f3f884f84e34caeb4e785fcfea5dd88
spotify:track:29d0nY7TzCoi22XBqDQkiP,1dacffd0545140b2970d73e29fe6cf33,2023-04-17T13:00:45Z,2,,4f3f884f84e34caeb4e785fcfea5dd88
spotify:track:37HI0imp0t6a0MBS00lPkS,1dacffd0545140b2970d73e29fe6cf33,2023-04-17T13:00:45Z,2,,4f3f884f84e34caeb4e785fcfea5dd88
spotify:track:3uCkIqD0VzQUijbs8WIizs,1dacffd0545140b2970d73e29fe6cf33,2023-04-17T13:00:45Z,5,,4f3f884f84e34caeb4e785fcfea5dd88
spotify:track:3Vby4nGmtbDo7HDJamOWkT,1dacffd0545140b2970d73e29fe6cf33,2023-04-17T13:00:45Z,3,,4f3f884f84e34caeb4e785fcfea5dd88
spotify:track:7sC9FifCXZHgjTAjFO1ykA,1dacffd0545140b2970d73e29fe6cf33,2023-04-17T13:00:45Z,2,,4f3f884f84e34caeb4e785fcfea5dd88
spotify:track:21YxK0klhpfLW8budkJaMF,e305e2cab85b4f929234bfdf98d6c6d0,2023-04-17T19:49:51Z,4,,4f3f884f84e34caeb4e785fcfea5dd88
spotify:track:29d0nY7TzCoi22XBqDQkiP,e305e2cab85b4f929234bfdf98d6c6d0,2023-04-17T19:49:51Z,4,,4f3f884f84e34caeb4e785fcfea5dd88
spotify:track:37HI0imp0t6a0MBS00lPkS,e305e2cab85b4f929234bfdf98d6c6d0,2023-04-17T19:49:51Z,3,,4f3f884f84e34caeb4e785fcfea5dd88
spotify:track:3uCkIqD0VzQUijbs8WIizs,e305e2cab85b4f929234bfdf98d6c6d0,2023-04-17T19:49:51Z,3,,4f3f884f84e34caeb4e785fcfea5dd88
spotify:track:3Vby4nGmtbDo7HDJamOWkT,e305e2cab85b4f929234bfdf98d6c6d0,2023-04-17T19:49:51Z,1,,4f3f884f84e34caeb4e785fcfea5dd88
spotify:track:7abNwHdN34BP9q4tKfKeMg,e305e2cab85b4f929234bfdf98d6c6d0,2023-04-17T19:49:51Z,2,,4f3f884f84e34caeb4e785fcfea5dd88
spotify:track:7rSERmjAT38lC5QhJ8hnQc,e305e2cab85b4f929234bfdf98d6c6d0,2023-04-17T19:49:51Z,1,,4f3f884f84e34caeb4e785fcfea5dd88
spotify:track:7sC9FifCXZHgjTAjFO1ykA,e305e2cab85b4f929234bfdf98d6c6d0,2023-04-17T19:49:51Z,2,,4f3f884f84e34caeb4e785fcfea5dd88
spotify:track:0m5uRpKPNyIOxgRYrw2wpZ,bdd60b40c4ca4c78a0cbf518560cd06c,2023-04-18T01:30:05Z,3,,4f3f884f84e34caeb4e785fcfea5dd88
spotify:track:21YxK0klhpfLW8budkJaMF,bdd60b40c4ca4c78a0cbf518560cd06c,2023-04-18T01:30:05Z,3,,4f3f884f84e34caeb4e785fcfea5dd88
spotify:track:29d0nY7TzCoi22XBqDQkiP,bdd60b40c4ca4c78a0cbf518560cd06c,2023-04-18T01:30:05Z,0,"It's not a bad pick, I just can't see this song in music league again.",4f3f884f84e34caeb4e785fcfea5dd88
spotify:track:37HI0imp0t6a0MBS00lPkS,bdd60b40c4ca4c78a0cbf518560cd06c,2023-04-18T01:30:05Z,7,"Moneyball is a legendary film. Along with Friday Night Lights, it basically invented post-rock.
I love this pick. You're a hero.",4f3f884f84e34caeb4e785fcfea5dd88
spotify:track:3uCkIqD0VzQUijbs8WIizs,bdd60b40c4ca4c78a0cbf518560cd06c,2023-04-18T01:30:05Z,3,,4f3f884f84e34caeb4e785fcfea5dd88
spotify:track:7abNwHdN34BP9q4tKfKeMg,bdd60b40c4ca4c78a0cbf518560cd06c,2023-04-18T01:30:05Z,1,,4f3f884f84e34caeb4e785fcfea5dd88
spotify:track:7rSERmjAT38lC5QhJ8hnQc,bdd60b40c4ca4c78a0cbf518560cd06c,2023-04-18T01:30:05Z,2,I just recently rewatched The Departed. The use of this song is iconic. And I also kind of hate it. ,4f3f884f84e34caeb4e785fcfea5dd88
spotify:track:7sC9FifCXZHgjTAjFO1ykA,bdd60b40c4ca4c78a0cbf518560cd06c,2023-04-18T01:30:05Z,1,,4f3f884f84e34caeb4e785fcfea5dd88
spotify:track:0m5uRpKPNyIOxgRYrw2wpZ,58386a2a504f4fd08caed77112bedc82,2023-04-18T07:52:41Z,3,,4f3f884f84e34caeb4e785fcfea5dd88
spotify:track:29d0nY7TzCoi22XBqDQkiP,58386a2a504f4fd08caed77112bedc82,2023-04-18T07:52:41Z,5,,4f3f884f84e34caeb4e785fcfea5dd88
spotify:track:37HI0imp0t6a0MBS00lPkS,58386a2a504f4fd08caed77112bedc82,2023-04-18T07:52:41Z,3,,4f3f884f84e34caeb4e785fcfea5dd88
spotify:track:3uCkIqD0VzQUijbs8WIizs,58386a2a504f4fd08caed77112bedc82,2023-04-18T07:52:41Z,2,,4f3f884f84e34caeb4e785fcfea5dd88
spotify:track:3Vby4nGmtbDo7HDJamOWkT,58386a2a504f4fd08caed77112bedc82,2023-04-18T07:52:41Z,2,,4f3f884f84e34caeb4e785fcfea5dd88
spotify:track:7abNwHdN34BP9q4tKfKeMg,58386a2a504f4fd08caed77112bedc82,2023-04-18T07:52:41Z,1,,4f3f884f84e34caeb4e785fcfea5dd88
spotify:track:7rSERmjAT38lC5QhJ8hnQc,58386a2a504f4fd08caed77112bedc82,2023-04-18T07:52:41Z,3,,4f3f884f84e34caeb4e785fcfea5dd88
spotify:track:7sC9FifCXZHgjTAjFO1ykA,58386a2a504f4fd08caed77112bedc82,2023-04-18T07:52:41Z,1,,4f3f884f84e34caeb4e785fcfea5dd88
spotify:track:0m5uRpKPNyIOxgRYrw2wpZ,488c42f9d7e948a188f671fe126eb74a,2023-04-18T21:52:09Z,3,,4f3f884f84e34caeb4e785fcfea5dd88
spotify:track:21YxK0klhpfLW8budkJaMF,488c42f9d7e948a188f671fe126eb74a,2023-04-18T21:52:09Z,3,,4f3f884f84e34caeb4e785fcfea5dd88
spotify:track:29d0nY7TzCoi22XBqDQkiP,488c42f9d7e948a188f671fe126eb74a,2023-04-18T21:52:09Z,3,,4f3f884f84e34caeb4e785fcfea5dd88
spotify:track:37HI0imp0t6a0MBS00lPkS,488c42f9d7e948a188f671fe126eb74a,2023-04-18T21:52:09Z,1,"This was, uh, bold",4f3f884f84e34caeb4e785fcfea5dd88
spotify:track:3Vby4nGmtbDo7HDJamOWkT,488c42f9d7e948a188f671fe126eb74a,2023-04-18T21:52:09Z,2,"In high school, my buddies and I did a Science Fair project titled ""Stuck in the Middle With Glue""",4f3f884f84e34caeb4e785fcfea5dd88
spotify:track:7abNwHdN34BP9q4tKfKeMg,488c42f9d7e948a188f671fe126eb74a,2023-04-18T21:52:09Z,5,"This is really dumb, but whenever I'm emailing an editor about an accepted article, my brain is playing this song with the lyrics as, ""Beats beats beats.""",4f3f884f84e34caeb4e785fcfea5dd88
spotify:track:7rSERmjAT38lC5QhJ8hnQc,488c42f9d7e948a188f671fe126eb74a,2023-04-18T21:52:09Z,2,Eyyy here comes Papelbon,4f3f884f84e34caeb4e785fcfea5dd88
spotify:track:7sC9FifCXZHgjTAjFO1ykA,488c42f9d7e948a188f671fe126eb74a,2023-04-18T21:52:09Z,1,,4f3f884f84e34caeb4e785fcfea5dd88
spotify:track:0m5uRpKPNyIOxgRYrw2wpZ,5df547c9f7ed41278698daa1917fdd24,2023-04-18T23:02:04Z,5,This but also the cover that was in Malignant. ,4f3f884f84e34caeb4e785fcfea5dd88
spotify:track:21YxK0klhpfLW8budkJaMF,5df547c9f7ed41278698daa1917fdd24,2023-04-18T23:02:04Z,2,,4f3f884f84e34caeb4e785fcfea5dd88
spotify:track:37HI0imp0t6a0MBS00lPkS,5df547c9f7ed41278698daa1917fdd24,2023-04-18T23:02:04Z,3,,4f3f884f84e34caeb4e785fcfea5dd88
spotify:track:3uCkIqD0VzQUijbs8WIizs,5df547c9f7ed41278698daa1917fdd24,2023-04-18T23:02:04Z,2,,4f3f884f84e34caeb4e785fcfea5dd88
spotify:track:3Vby4nGmtbDo7HDJamOWkT,5df547c9f7ed41278698daa1917fdd24,2023-04-18T23:02:04Z,2,,4f3f884f84e34caeb4e785fcfea5dd88
spotify:track:7abNwHdN34BP9q4tKfKeMg,5df547c9f7ed41278698daa1917fdd24,2023-04-18T23:02:04Z,3,,4f3f884f84e34caeb4e785fcfea5dd88
spotify:track:7rSERmjAT38lC5QhJ8hnQc,5df547c9f7ed41278698daa1917fdd24,2023-04-18T23:02:04Z,3,,4f3f884f84e34caeb4e785fcfea5dd88
spotify:track:0m5uRpKPNyIOxgRYrw2wpZ,fee7e973fd6f45d48299e77843f5cb17,2023-04-18T23:03:47Z,1,,4f3f884f84e34caeb4e785fcfea5dd88
spotify:track:21YxK0klhpfLW8budkJaMF,fee7e973fd6f45d48299e77843f5cb17,2023-04-18T23:03:47Z,1,,4f3f884f84e34caeb4e785fcfea5dd88
spotify:track:29d0nY7TzCoi22XBqDQkiP,fee7e973fd6f45d48299e77843f5cb17,2023-04-18T23:03:47Z,6,,4f3f884f84e34caeb4e785fcfea5dd88
spotify:track:37HI0imp0t6a0MBS00lPkS,fee7e973fd6f45d48299e77843f5cb17,2023-04-18T23:03:47Z,1,,4f3f884f84e34caeb4e785fcfea5dd88
spotify:track:3uCkIqD0VzQUijbs8WIizs,fee7e973fd6f45d48299e77843f5cb17,2023-04-18T23:03:47Z,2,,4f3f884f84e34caeb4e785fcfea5dd88
spotify:track:3Vby4nGmtbDo7HDJamOWkT,fee7e973fd6f45d48299e77843f5cb17,2023-04-18T23:03:47Z,2,,4f3f884f84e34caeb4e785fcfea5dd88
spotify:track:7abNwHdN34BP9q4tKfKeMg,fee7e973fd6f45d48299e77843f5cb17,2023-04-18T23:03:47Z,6,,4f3f884f84e34caeb4e785fcfea5dd88
spotify:track:7rSERmjAT38lC5QhJ8hnQc,fee7e973fd6f45d48299e77843f5cb17,2023-04-18T23:03:47Z,1,,4f3f884f84e34caeb4e785fcfea5dd88
spotify:track:0m5uRpKPNyIOxgRYrw2wpZ,5be35bf564744df2a445fae855878c05,2023-04-18T23:27:23Z,4,,4f3f884f84e34caeb4e785fcfea5dd88
spotify:track:21YxK0klhpfLW8budkJaMF,5be35bf564744df2a445fae855878c05,2023-04-18T23:27:23Z,2,slightly ruined by those Royal Caribbean cruise commercials ,4f3f884f84e34caeb4e785fcfea5dd88
spotify:track:29d0nY7TzCoi22XBqDQkiP,5be35bf564744df2a445fae855878c05,2023-04-18T23:27:23Z,3,,4f3f884f84e34caeb4e785fcfea5dd88
spotify:track:37HI0imp0t6a0MBS00lPkS,5be35bf564744df2a445fae855878c05,2023-04-18T23:27:23Z,4,,4f3f884f84e34caeb4e785fcfea5dd88
spotify:track:3uCkIqD0VzQUijbs8WIizs,5be35bf564744df2a445fae855878c05,2023-04-18T23:27:23Z,3,,4f3f884f84e34caeb4e785fcfea5dd88
spotify:track:3Vby4nGmtbDo7HDJamOWkT,5be35bf564744df2a445fae855878c05,2023-04-18T23:27:23Z,1,,4f3f884f84e34caeb4e785fcfea5dd88
spotify:track:7abNwHdN34BP9q4tKfKeMg,5be35bf564744df2a445fae855878c05,2023-04-18T23:27:23Z,2,,4f3f884f84e34caeb4e785fcfea5dd88
spotify:track:7sC9FifCXZHgjTAjFO1ykA,5be35bf564744df2a445fae855878c05,2023-04-18T23:27:23Z,1,,4f3f884f84e34caeb4e785fcfea5dd88
spotify:track:18HVJpGSp8imRBOSj4RP8J,e305e2cab85b4f929234bfdf98d6c6d0,2023-04-20T21:26:13Z,6,,59a009e3baf4430b8615a38051a9d097
spotify:track:1d1Uc9yNUMvUb0RbakGDt0,e305e2cab85b4f929234bfdf98d6c6d0,2023-04-20T21:26:13Z,3,,59a009e3baf4430b8615a38051a9d097
spotify:track:2VSbEXqs6NbNiZSTcHlIDR,e305e2cab85b4f929234bfdf98d6c6d0,2023-04-20T21:26:13Z,1,Didn't hate the first 32 seconds,59a009e3baf4430b8615a38051a9d097
spotify:track:3kgx77RkDC1tafV1m38g7o,e305e2cab85b4f929234bfdf98d6c6d0,2023-04-20T21:26:13Z,2,,59a009e3baf4430b8615a38051a9d097
spotify:track:4J5hx3rXoyoP1XfOzBbozP,e305e2cab85b4f929234bfdf98d6c6d0,2023-04-20T21:26:13Z,2,,59a009e3baf4430b8615a38051a9d097
spotify:track:4Uw6gqyHfSsRyVgD0dRjkd,e305e2cab85b4f929234bfdf98d6c6d0,2023-04-20T21:26:13Z,3,,59a009e3baf4430b8615a38051a9d097
spotify:track:7N2DblLu8DuZ0seGYSg73v,e305e2cab85b4f929234bfdf98d6c6d0,2023-04-20T21:26:13Z,3,,59a009e3baf4430b8615a38051a9d097
spotify:track:18HVJpGSp8imRBOSj4RP8J,1dacffd0545140b2970d73e29fe6cf33,2023-04-21T00:09:27Z,5,,59a009e3baf4430b8615a38051a9d097
spotify:track:1BRwuvjhkgezmv1gcI6lT6,1dacffd0545140b2970d73e29fe6cf33,2023-04-21T00:09:27Z,3,,59a009e3baf4430b8615a38051a9d097
spotify:track:1d1Uc9yNUMvUb0RbakGDt0,1dacffd0545140b2970d73e29fe6cf33,2023-04-21T00:09:27Z,5,,59a009e3baf4430b8615a38051a9d097
spotify:track:2VSbEXqs6NbNiZSTcHlIDR,1dacffd0545140b2970d73e29fe6cf33,2023-04-21T00:09:27Z,1,,59a009e3baf4430b8615a38051a9d097
spotify:track:3kgx77RkDC1tafV1m38g7o,1dacffd0545140b2970d73e29fe6cf33,2023-04-21T00:09:27Z,1,,59a009e3baf4430b8615a38051a9d097
spotify:track:4J5hx3rXoyoP1XfOzBbozP,1dacffd0545140b2970d73e29fe6cf33,2023-04-21T00:09:27Z,1,,59a009e3baf4430b8615a38051a9d097
spotify:track:7N2DblLu8DuZ0seGYSg73v,1dacffd0545140b2970d73e29fe6cf33,2023-04-21T00:09:27Z,4,,59a009e3baf4430b8615a38051a9d097
spotify:track:18HVJpGSp8imRBOSj4RP8J,bdd60b40c4ca4c78a0cbf518560cd06c,2023-04-21T00:19:45Z,3,,59a009e3baf4430b8615a38051a9d097
spotify:track:1BRwuvjhkgezmv1gcI6lT6,bdd60b40c4ca4c78a0cbf518560cd06c,2023-04-21T00:19:45Z,2,I just know then too well as North Carolina... but I can kind of see it (and love them),59a009e3baf4430b8615a38051a9d097
spotify:track:1d1Uc9yNUMvUb0RbakGDt0,bdd60b40c4ca4c78a0cbf518560cd06c,2023-04-21T00:19:45Z,6,Yeah actually,59a009e3baf4430b8615a38051a9d097
spotify:track:2VSbEXqs6NbNiZSTcHlIDR,bdd60b40c4ca4c78a0cbf518560cd06c,2023-04-21T00:19:45Z,3,"could be Nickleback, I get it",59a009e3baf4430b8615a38051a9d097
spotify:track:3kgx77RkDC1tafV1m38g7o,bdd60b40c4ca4c78a0cbf518560cd06c,2023-04-21T00:19:45Z,1,"more like Of Georga, ammi right?!",59a009e3baf4430b8615a38051a9d097
spotify:track:4J5hx3rXoyoP1XfOzBbozP,bdd60b40c4ca4c78a0cbf518560cd06c,2023-04-21T00:19:45Z,4,,59a009e3baf4430b8615a38051a9d097
spotify:track:4Uw6gqyHfSsRyVgD0dRjkd,bdd60b40c4ca4c78a0cbf518560cd06c,2023-04-21T00:19:45Z,1,,59a009e3baf4430b8615a38051a9d097
spotify:track:18HVJpGSp8imRBOSj4RP8J,9bbd7b198c6447b097e31d0e543fa630,2023-04-21T19:26:01Z,2,,59a009e3baf4430b8615a38051a9d097
spotify:track:1BRwuvjhkgezmv1gcI6lT6,9bbd7b198c6447b097e31d0e543fa630,2023-04-21T19:26:01Z,3,,59a009e3baf4430b8615a38051a9d097
spotify:track:2VSbEXqs6NbNiZSTcHlIDR,9bbd7b198c6447b097e31d0e543fa630,2023-04-21T19:26:01Z,5,LOL points,59a009e3baf4430b8615a38051a9d097
spotify:track:3kgx77RkDC1tafV1m38g7o,9bbd7b198c6447b097e31d0e543fa630,2023-04-21T19:26:01Z,5,Geographical points,59a009e3baf4430b8615a38051a9d097
spotify:track:4J5hx3rXoyoP1XfOzBbozP,9bbd7b198c6447b097e31d0e543fa630,2023-04-21T19:26:01Z,2,,59a009e3baf4430b8615a38051a9d097
spotify:track:4Uw6gqyHfSsRyVgD0dRjkd,9bbd7b198c6447b097e31d0e543fa630,2023-04-21T19:26:01Z,2,,59a009e3baf4430b8615a38051a9d097
spotify:track:7N2DblLu8DuZ0seGYSg73v,9bbd7b198c6447b097e31d0e543fa630,2023-04-21T19:26:01Z,1,,59a009e3baf4430b8615a38051a9d097
spotify:track:1BRwuvjhkgezmv1gcI6lT6,5be35bf564744df2a445fae855878c05,2023-04-21T20:17:28Z,4,,59a009e3baf4430b8615a38051a9d097
spotify:track:1d1Uc9yNUMvUb0RbakGDt0,5be35bf564744df2a445fae855878c05,2023-04-21T20:17:28Z,3,,59a009e3baf4430b8615a38051a9d097
spotify:track:2VSbEXqs6NbNiZSTcHlIDR,5be35bf564744df2a445fae855878c05,2023-04-21T20:17:28Z,3,TIL Creed isn’t Canadian,59a009e3baf4430b8615a38051a9d097
spotify:track:3kgx77RkDC1tafV1m38g7o,5be35bf564744df2a445fae855878c05,2023-04-21T20:17:28Z,1,someone’s a lil jokester!,59a009e3baf4430b8615a38051a9d097
spotify:track:4J5hx3rXoyoP1XfOzBbozP,5be35bf564744df2a445fae855878c05,2023-04-21T20:17:28Z,3,,59a009e3baf4430b8615a38051a9d097
spotify:track:4Uw6gqyHfSsRyVgD0dRjkd,5be35bf564744df2a445fae855878c05,2023-04-21T20:17:28Z,2,,59a009e3baf4430b8615a38051a9d097
spotify:track:7N2DblLu8DuZ0seGYSg73v,5be35bf564744df2a445fae855878c05,2023-04-21T20:17:28Z,4,,59a009e3baf4430b8615a38051a9d097
spotify:track:1BRwuvjhkgezmv1gcI6lT6,488c42f9d7e948a188f671fe126eb74a,2023-04-21T20:25:02Z,4,,59a009e3baf4430b8615a38051a9d097
spotify:track:1d1Uc9yNUMvUb0RbakGDt0,488c42f9d7e948a188f671fe126eb74a,2023-04-21T20:25:02Z,2,,59a009e3baf4430b8615a38051a9d097
spotify:track:4J5hx3rXoyoP1XfOzBbozP,488c42f9d7e948a188f671fe126eb74a,2023-04-21T20:25:02Z,6,,59a009e3baf4430b8615a38051a9d097
spotify:track:4Uw6gqyHfSsRyVgD0dRjkd,488c42f9d7e948a188f671fe126eb74a,2023-04-21T20:25:02Z,6,,59a009e3baf4430b8615a38051a9d097
spotify:track:7N2DblLu8DuZ0seGYSg73v,488c42f9d7e948a188f671fe126eb74a,2023-04-21T20:25:02Z,2,,59a009e3baf4430b8615a38051a9d097
spotify:track:18HVJpGSp8imRBOSj4RP8J,fee7e973fd6f45d48299e77843f5cb17,2023-04-21T21:01:58Z,3,,59a009e3baf4430b8615a38051a9d097
spotify:track:1BRwuvjhkgezmv1gcI6lT6,fee7e973fd6f45d48299e77843f5cb17,2023-04-21T21:01:58Z,3,,59a009e3baf4430b8615a38051a9d097
spotify:track:1d1Uc9yNUMvUb0RbakGDt0,fee7e973fd6f45d48299e77843f5cb17,2023-04-21T21:01:58Z,1,,59a009e3baf4430b8615a38051a9d097
spotify:track:2VSbEXqs6NbNiZSTcHlIDR,fee7e973fd6f45d48299e77843f5cb17,2023-04-21T21:01:58Z,2,,59a009e3baf4430b8615a38051a9d097
spotify:track:3kgx77RkDC1tafV1m38g7o,fee7e973fd6f45d48299e77843f5cb17,2023-04-21T21:01:58Z,6,"""Of Montreal"", band had to be made specifically for this prompt",59a009e3baf4430b8615a38051a9d097
spotify:track:4Uw6gqyHfSsRyVgD0dRjkd,fee7e973fd6f45d48299e77843f5cb17,2023-04-21T21:01:58Z,1,,59a009e3baf4430b8615a38051a9d097
spotify:track:7N2DblLu8DuZ0seGYSg73v,fee7e973fd6f45d48299e77843f5cb17,2023-04-21T21:01:58Z,4,,59a009e3baf4430b8615a38051a9d097
spotify:track:1BRwuvjhkgezmv1gcI6lT6,5df547c9f7ed41278698daa1917fdd24,2023-04-21T21:05:03Z,5,TIL sylvan esso isn’t canadian,59a009e3baf4430b8615a38051a9d097
spotify:track:1d1Uc9yNUMvUb0RbakGDt0,5df547c9f7ed41278698daa1917fdd24,2023-04-21T21:05:03Z,3,,59a009e3baf4430b8615a38051a9d097
spotify:track:3kgx77RkDC1tafV1m38g7o,5df547c9f7ed41278698daa1917fdd24,2023-04-21T21:05:03Z,3,more like “of Atlanta” smh,59a009e3baf4430b8615a38051a9d097
spotify:track:4J5hx3rXoyoP1XfOzBbozP,5df547c9f7ed41278698daa1917fdd24,2023-04-21T21:05:03Z,4,,59a009e3baf4430b8615a38051a9d097
spotify:track:7N2DblLu8DuZ0seGYSg73v,5df547c9f7ed41278698daa1917fdd24,2023-04-21T21:05:03Z,5,Minneapolis is just american canada so they’re valid.,59a009e3baf4430b8615a38051a9d097
spotify:track:1JKxGK5ZbAYjWsD7qKM691,e305e2cab85b4f929234bfdf98d6c6d0,2023-04-23T22:47:40Z,1,,003eebadcbd24746944a05969783f904
spotify:track:2nNUpMcZwVZKCIkA6CLvi7,e305e2cab85b4f929234bfdf98d6c6d0,2023-04-23T22:47:40Z,4,,003eebadcbd24746944a05969783f904
spotify:track:39rHfrVqCX6A55GF7uOZSC,e305e2cab85b4f929234bfdf98d6c6d0,2023-04-23T22:47:40Z,1,,003eebadcbd24746944a05969783f904
spotify:track:3kElsqAAsXufjGoislH6nT,e305e2cab85b4f929234bfdf98d6c6d0,2023-04-23T22:47:40Z,2,,003eebadcbd24746944a05969783f904
spotify:track:5oKaU6CvgY9jcqKE7Kfy7t,e305e2cab85b4f929234bfdf98d6c6d0,2023-04-23T22:47:40Z,1,,003eebadcbd24746944a05969783f904
spotify:track:74uoN2UfgdUAzwVeFaRUE2,e305e2cab85b4f929234bfdf98d6c6d0,2023-04-23T22:47:40Z,5,,003eebadcbd24746944a05969783f904
spotify:track:75hwtYcghca6YKW4i6C6fP,e305e2cab85b4f929234bfdf98d6c6d0,2023-04-23T22:47:40Z,2,,003eebadcbd24746944a05969783f904
spotify:track:7cAlludZgzMdlBVRleN8zX,e305e2cab85b4f929234bfdf98d6c6d0,2023-04-23T22:47:40Z,4,,003eebadcbd24746944a05969783f904
spotify:track:1JKxGK5ZbAYjWsD7qKM691,58386a2a504f4fd08caed77112bedc82,2023-04-24T06:40:36Z,2,,003eebadcbd24746944a05969783f904
spotify:track:2nNUpMcZwVZKCIkA6CLvi7,58386a2a504f4fd08caed77112bedc82,2023-04-24T06:40:36Z,3,,003eebadcbd24746944a05969783f904
spotify:track:39rHfrVqCX6A55GF7uOZSC,58386a2a504f4fd08caed77112bedc82,2023-04-24T06:40:36Z,3,,003eebadcbd24746944a05969783f904
spotify:track:3IcZRVb418A3FN7oCMWkvV,58386a2a504f4fd08caed77112bedc82,2023-04-24T06:40:36Z,3,,003eebadcbd24746944a05969783f904
spotify:track:3kElsqAAsXufjGoislH6nT,58386a2a504f4fd08caed77112bedc82,2023-04-24T06:40:36Z,3,,003eebadcbd24746944a05969783f904
spotify:track:5oKaU6CvgY9jcqKE7Kfy7t,58386a2a504f4fd08caed77112bedc82,2023-04-24T06:40:36Z,2,,003eebadcbd24746944a05969783f904
spotify:track:75hwtYcghca6YKW4i6C6fP,58386a2a504f4fd08caed77112bedc82,2023-04-24T06:40:36Z,2,,003eebadcbd24746944a05969783f904
spotify:track:7cAlludZgzMdlBVRleN8zX,58386a2a504f4fd08caed77112bedc82,2023-04-24T06:40:36Z,2,,003eebadcbd24746944a05969783f904
spotify:track:74uoN2UfgdUAzwVeFaRUE2,1dacffd0545140b2970d73e29fe6cf33,2023-04-24T16:56:55Z,10,,003eebadcbd24746944a05969783f904
spotify:track:7cAlludZgzMdlBVRleN8zX,1dacffd0545140b2970d73e29fe6cf33,2023-04-24T16:56:55Z,10,,003eebadcbd24746944a05969783f904
spotify:track:1JKxGK5ZbAYjWsD7qKM691,bdd60b40c4ca4c78a0cbf518560cd06c,2023-04-24T18:35:18Z,1,,003eebadcbd24746944a05969783f904
spotify:track:2nNUpMcZwVZKCIkA6CLvi7,bdd60b40c4ca4c78a0cbf518560cd06c,2023-04-24T18:35:18Z,1,,003eebadcbd24746944a05969783f904
spotify:track:39rHfrVqCX6A55GF7uOZSC,bdd60b40c4ca4c78a0cbf518560cd06c,2023-04-24T18:35:18Z,0,great song but does it fit?,003eebadcbd24746944a05969783f904
spotify:track:3IcZRVb418A3FN7oCMWkvV,bdd60b40c4ca4c78a0cbf518560cd06c,2023-04-24T18:35:18Z,5,,003eebadcbd24746944a05969783f904
spotify:track:5oKaU6CvgY9jcqKE7Kfy7t,bdd60b40c4ca4c78a0cbf518560cd06c,2023-04-24T18:35:18Z,2,it's a little bit quiet (I may reuse this if we ever do worst band name again),003eebadcbd24746944a05969783f904
spotify:track:74uoN2UfgdUAzwVeFaRUE2,bdd60b40c4ca4c78a0cbf518560cd06c,2023-04-24T18:35:18Z,5,Phoebe feels like the perfect example. I've got my Phoebe death metal logo shirt on.,003eebadcbd24746944a05969783f904
spotify:track:75hwtYcghca6YKW4i6C6fP,bdd60b40c4ca4c78a0cbf518560cd06c,2023-04-24T18:35:18Z,2,,003eebadcbd24746944a05969783f904
spotify:track:7cAlludZgzMdlBVRleN8zX,bdd60b40c4ca4c78a0cbf518560cd06c,2023-04-24T18:35:18Z,4,,003eebadcbd24746944a05969783f904
spotify:track:1JKxGK5ZbAYjWsD7qKM691,5df547c9f7ed41278698daa1917fdd24,2023-04-24T18:42:33Z,1,,003eebadcbd24746944a05969783f904
spotify:track:39rHfrVqCX6A55GF7uOZSC,5df547c9f7ed41278698daa1917fdd24,2023-04-24T18:42:33Z,3,,003eebadcbd24746944a05969783f904
spotify:track:3IcZRVb418A3FN7oCMWkvV,5df547c9f7ed41278698daa1917fdd24,2023-04-24T18:42:33Z,1,,003eebadcbd24746944a05969783f904
spotify:track:3kElsqAAsXufjGoislH6nT,5df547c9f7ed41278698daa1917fdd24,2023-04-24T18:42:33Z,5,,003eebadcbd24746944a05969783f904
spotify:track:5oKaU6CvgY9jcqKE7Kfy7t,5df547c9f7ed41278698daa1917fdd24,2023-04-24T18:42:33Z,2,,003eebadcbd24746944a05969783f904
spotify:track:74uoN2UfgdUAzwVeFaRUE2,5df547c9f7ed41278698daa1917fdd24,2023-04-24T18:42:33Z,4,,003eebadcbd24746944a05969783f904
spotify:track:75hwtYcghca6YKW4i6C6fP,5df547c9f7ed41278698daa1917fdd24,2023-04-24T18:42:33Z,2,,003eebadcbd24746944a05969783f904
spotify:track:7cAlludZgzMdlBVRleN8zX,5df547c9f7ed41278698daa1917fdd24,2023-04-24T18:42:33Z,2,,003eebadcbd24746944a05969783f904
spotify:track:1JKxGK5ZbAYjWsD7qKM691,5be35bf564744df2a445fae855878c05,2023-04-24T22:00:12Z,2,"I mean, it’s quieter than expected based on the name",003eebadcbd24746944a05969783f904
spotify:track:2nNUpMcZwVZKCIkA6CLvi7,5be35bf564744df2a445fae855878c05,2023-04-24T22:00:12Z,5,,003eebadcbd24746944a05969783f904
spotify:track:39rHfrVqCX6A55GF7uOZSC,5be35bf564744df2a445fae855878c05,2023-04-24T22:00:12Z,1,Not very quiet but good ,003eebadcbd24746944a05969783f904
spotify:track:3IcZRVb418A3FN7oCMWkvV,5be35bf564744df2a445fae855878c05,2023-04-24T22:00:12Z,3,,003eebadcbd24746944a05969783f904
spotify:track:3kElsqAAsXufjGoislH6nT,5be35bf564744df2a445fae855878c05,2023-04-24T22:00:12Z,6,I feel … almost relaxed??!!,003eebadcbd24746944a05969783f904
spotify:track:5oKaU6CvgY9jcqKE7Kfy7t,5be35bf564744df2a445fae855878c05,2023-04-24T22:00:12Z,1,"again, not very quiet but good",003eebadcbd24746944a05969783f904
spotify:track:74uoN2UfgdUAzwVeFaRUE2,5be35bf564744df2a445fae855878c05,2023-04-24T22:00:12Z,0,"no more boygenius in this game, sorry",003eebadcbd24746944a05969783f904
spotify:track:75hwtYcghca6YKW4i6C6fP,5be35bf564744df2a445fae855878c05,2023-04-24T22:00:12Z,2,Not totally quiet but a good song,003eebadcbd24746944a05969783f904
spotify:track:2nNUpMcZwVZKCIkA6CLvi7,fee7e973fd6f45d48299e77843f5cb17,2023-04-25T17:59:55Z,3,,003eebadcbd24746944a05969783f904
spotify:track:3kElsqAAsXufjGoislH6nT,fee7e973fd6f45d48299e77843f5cb17,2023-04-25T17:59:55Z,5,,003eebadcbd24746944a05969783f904
spotify:track:5oKaU6CvgY9jcqKE7Kfy7t,fee7e973fd6f45d48299e77843f5cb17,2023-04-25T17:59:55Z,3,,003eebadcbd24746944a05969783f904
spotify:track:74uoN2UfgdUAzwVeFaRUE2,fee7e973fd6f45d48299e77843f5cb17,2023-04-25T17:59:55Z,3,,003eebadcbd24746944a05969783f904
spotify:track:75hwtYcghca6YKW4i6C6fP,fee7e973fd6f45d48299e77843f5cb17,2023-04-25T17:59:55Z,6,,003eebadcbd24746944a05969783f904
spotify:track:1JKxGK5ZbAYjWsD7qKM691,9bbd7b198c6447b097e31d0e543fa630,2023-04-25T19:44:37Z,3,Dig this one!,003eebadcbd24746944a05969783f904
spotify:track:2nNUpMcZwVZKCIkA6CLvi7,9bbd7b198c6447b097e31d0e543fa630,2023-04-25T19:44:37Z,2,I like this but probably prefer the album version.,003eebadcbd24746944a05969783f904
spotify:track:39rHfrVqCX6A55GF7uOZSC,9bbd7b198c6447b097e31d0e543fa630,2023-04-25T19:44:37Z,4,,003eebadcbd24746944a05969783f904
spotify:track:3IcZRVb418A3FN7oCMWkvV,9bbd7b198c6447b097e31d0e543fa630,2023-04-25T19:44:37Z,2,,003eebadcbd24746944a05969783f904
spotify:track:3kElsqAAsXufjGoislH6nT,9bbd7b198c6447b097e31d0e543fa630,2023-04-25T19:44:37Z,2,,003eebadcbd24746944a05969783f904
spotify:track:74uoN2UfgdUAzwVeFaRUE2,9bbd7b198c6447b097e31d0e543fa630,2023-04-25T19:44:37Z,4,,003eebadcbd24746944a05969783f904
spotify:track:75hwtYcghca6YKW4i6C6fP,9bbd7b198c6447b097e31d0e543fa630,2023-04-25T19:44:37Z,2,,003eebadcbd24746944a05969783f904
spotify:track:7cAlludZgzMdlBVRleN8zX,9bbd7b198c6447b097e31d0e543fa630,2023-04-25T19:44:37Z,1,,003eebadcbd24746944a05969783f904
spotify:track:2nNUpMcZwVZKCIkA6CLvi7,488c42f9d7e948a188f671fe126eb74a,2023-04-25T20:27:18Z,1,,003eebadcbd24746944a05969783f904
spotify:track:39rHfrVqCX6A55GF7uOZSC,488c42f9d7e948a188f671fe126eb74a,2023-04-25T20:27:18Z,5,,003eebadcbd24746944a05969783f904
spotify:track:3IcZRVb418A3FN7oCMWkvV,488c42f9d7e948a188f671fe126eb74a,2023-04-25T20:27:18Z,2,,003eebadcbd24746944a05969783f904
spotify:track:3kElsqAAsXufjGoislH6nT,488c42f9d7e948a188f671fe126eb74a,2023-04-25T20:27:18Z,3,,003eebadcbd24746944a05969783f904
spotify:track:74uoN2UfgdUAzwVeFaRUE2,488c42f9d7e948a188f671fe126eb74a,2023-04-25T20:27:18Z,4,,003eebadcbd24746944a05969783f904
spotify:track:7cAlludZgzMdlBVRleN8zX,488c42f9d7e948a188f671fe126eb74a,2023-04-25T20:27:18Z,5,,003eebadcbd24746944a05969783f904
spotify:track:0qksx8mV28lztYIZ1om8ml,e305e2cab85b4f929234bfdf98d6c6d0,2023-04-27T18:21:29Z,3,,1d7a95585648495a93fa3ba939ca9c76
spotify:track:1gLBQVlimWIXks99nqemDQ,e305e2cab85b4f929234bfdf98d6c6d0,2023-04-27T18:21:29Z,4,,1d7a95585648495a93fa3ba939ca9c76
spotify:track:63TVmH2fC4DpbnH5o3p8qi,e305e2cab85b4f929234bfdf98d6c6d0,2023-04-27T18:21:29Z,2,,1d7a95585648495a93fa3ba939ca9c76
spotify:track:6asU049doNupkVllo61luh,e305e2cab85b4f929234bfdf98d6c6d0,2023-04-27T18:21:29Z,3,,1d7a95585648495a93fa3ba939ca9c76
spotify:track:6k9cHlgiUEF3sDfvn8bfw6,e305e2cab85b4f929234bfdf98d6c6d0,2023-04-27T18:21:29Z,1,,1d7a95585648495a93fa3ba939ca9c76
spotify:track:6qeMkokWDa4MuAIaXBSbbY,e305e2cab85b4f929234bfdf98d6c6d0,2023-04-27T18:21:29Z,1,,1d7a95585648495a93fa3ba939ca9c76
spotify:track:7DbdUf8aHSYoliSjO6LZv6,e305e2cab85b4f929234bfdf98d6c6d0,2023-04-27T18:21:29Z,2,,1d7a95585648495a93fa3ba939ca9c76
spotify:track:7J4uwuiyWB7BqIcyNdcVRl,e305e2cab85b4f929234bfdf98d6c6d0,2023-04-27T18:21:29Z,4,,1d7a95585648495a93fa3ba939ca9c76
spotify:track:1DaqwHixRNyjy5zfKWg4Rl,58386a2a504f4fd08caed77112bedc82,2023-04-27T21:30:37Z,3,,1d7a95585648495a93fa3ba939ca9c76
spotify:track:1gLBQVlimWIXks99nqemDQ,58386a2a504f4fd08caed77112bedc82,2023-04-27T21:30:37Z,3,,1d7a95585648495a93fa3ba939ca9c76
spotify:track:63TVmH2fC4DpbnH5o3p8qi,58386a2a504f4fd08caed77112bedc82,2023-04-27T21:30:37Z,2,,1d7a95585648495a93fa3ba939ca9c76
spotify:track:6asU049doNupkVllo61luh,58386a2a504f4fd08caed77112bedc82,2023-04-27T21:30:37Z,3,,1d7a95585648495a93fa3ba939ca9c76
spotify:track:6k9cHlgiUEF3sDfvn8bfw6,58386a2a504f4fd08caed77112bedc82,2023-04-27T21:30:37Z,2,,1d7a95585648495a93fa3ba939ca9c76
spotify:track:6qeMkokWDa4MuAIaXBSbbY,58386a2a504f4fd08caed77112bedc82,2023-04-27T21:30:37Z,3,,1d7a95585648495a93fa3ba939ca9c76
spotify:track:7DbdUf8aHSYoliSjO6LZv6,58386a2a504f4fd08caed77112bedc82,2023-04-27T21:30:37Z,2,,1d7a95585648495a93fa3ba939ca9c76
spotify:track:7J4uwuiyWB7BqIcyNdcVRl,58386a2a504f4fd08caed77112bedc82,2023-04-27T21:30:37Z,2,,1d7a95585648495a93fa3ba939ca9c76
spotify:track:0qksx8mV28lztYIZ1om8ml,5df547c9f7ed41278698daa1917fdd24,2023-04-27T22:50:56Z,3,"I didn’t want to give this votes, but I can’t deny the early material is good.",1d7a95585648495a93fa3ba939ca9c76
spotify:track:1DaqwHixRNyjy5zfKWg4Rl,5df547c9f7ed41278698daa1917fdd24,2023-04-27T22:50:56Z,3,I had no idea Muse’s early days were like this. Always thought they just spawned in an arena.,1d7a95585648495a93fa3ba939ca9c76
spotify:track:1gLBQVlimWIXks99nqemDQ,5df547c9f7ed41278698daa1917fdd24,2023-04-27T22:50:56Z,1,,1d7a95585648495a93fa3ba939ca9c76
spotify:track:63TVmH2fC4DpbnH5o3p8qi,5df547c9f7ed41278698daa1917fdd24,2023-04-27T22:50:56Z,1,,1d7a95585648495a93fa3ba939ca9c76
spotify:track:6asU049doNupkVllo61luh,5df547c9f7ed41278698daa1917fdd24,2023-04-27T22:50:56Z,3,,1d7a95585648495a93fa3ba939ca9c76
spotify:track:6k9cHlgiUEF3sDfvn8bfw6,5df547c9f7ed41278698daa1917fdd24,2023-04-27T22:50:56Z,2,,1d7a95585648495a93fa3ba939ca9c76
spotify:track:6qeMkokWDa4MuAIaXBSbbY,5df547c9f7ed41278698daa1917fdd24,2023-04-27T22:50:56Z,2,,1d7a95585648495a93fa3ba939ca9c76
spotify:track:7J4uwuiyWB7BqIcyNdcVRl,5df547c9f7ed41278698daa1917fdd24,2023-04-27T22:50:56Z,5,That EP is probably super rare now… This song is a banger though.,1d7a95585648495a93fa3ba939ca9c76
spotify:track:0qksx8mV28lztYIZ1om8ml,1dacffd0545140b2970d73e29fe6cf33,2023-04-28T13:16:51Z,2,,1d7a95585648495a93fa3ba939ca9c76
spotify:track:1DaqwHixRNyjy5zfKWg4Rl,1dacffd0545140b2970d73e29fe6cf33,2023-04-28T13:16:51Z,2,,1d7a95585648495a93fa3ba939ca9c76
spotify:track:63TVmH2fC4DpbnH5o3p8qi,1dacffd0545140b2970d73e29fe6cf33,2023-04-28T13:16:51Z,2,,1d7a95585648495a93fa3ba939ca9c76
spotify:track:6asU049doNupkVllo61luh,1dacffd0545140b2970d73e29fe6cf33,2023-04-28T13:16:51Z,2,,1d7a95585648495a93fa3ba939ca9c76
spotify:track:6k9cHlgiUEF3sDfvn8bfw6,1dacffd0545140b2970d73e29fe6cf33,2023-04-28T13:16:51Z,2,,1d7a95585648495a93fa3ba939ca9c76
spotify:track:6qeMkokWDa4MuAIaXBSbbY,1dacffd0545140b2970d73e29fe6cf33,2023-04-28T13:16:51Z,3,,1d7a95585648495a93fa3ba939ca9c76
spotify:track:7DbdUf8aHSYoliSjO6LZv6,1dacffd0545140b2970d73e29fe6cf33,2023-04-28T13:16:51Z,4,,1d7a95585648495a93fa3ba939ca9c76
spotify:track:7J4uwuiyWB7BqIcyNdcVRl,1dacffd0545140b2970d73e29fe6cf33,2023-04-28T13:16:51Z,3,,1d7a95585648495a93fa3ba939ca9c76
spotify:track:0qksx8mV28lztYIZ1om8ml,9bbd7b198c6447b097e31d0e543fa630,2023-04-29T15:34:36Z,5,"The next album ruled, too. Total honesty: my wife walked down the “aisle” to a song off this album.",1d7a95585648495a93fa3ba939ca9c76
spotify:track:1DaqwHixRNyjy5zfKWg4Rl,9bbd7b198c6447b097e31d0e543fa630,2023-04-29T15:34:36Z,2,,1d7a95585648495a93fa3ba939ca9c76
spotify:track:1gLBQVlimWIXks99nqemDQ,9bbd7b198c6447b097e31d0e543fa630,2023-04-29T15:34:36Z,2,,1d7a95585648495a93fa3ba939ca9c76
spotify:track:63TVmH2fC4DpbnH5o3p8qi,9bbd7b198c6447b097e31d0e543fa630,2023-04-29T15:34:36Z,2,,1d7a95585648495a93fa3ba939ca9c76
spotify:track:6asU049doNupkVllo61luh,9bbd7b198c6447b097e31d0e543fa630,2023-04-29T15:34:36Z,2,,1d7a95585648495a93fa3ba939ca9c76
spotify:track:6k9cHlgiUEF3sDfvn8bfw6,9bbd7b198c6447b097e31d0e543fa630,2023-04-29T15:34:36Z,5,Love this song.,1d7a95585648495a93fa3ba939ca9c76
spotify:track:7DbdUf8aHSYoliSjO6LZv6,9bbd7b198c6447b097e31d0e543fa630,2023-04-29T15:34:36Z,2,,1d7a95585648495a93fa3ba939ca9c76
spotify:track:7J4uwuiyWB7BqIcyNdcVRl,9bbd7b198c6447b097e31d0e543fa630,2023-04-29T15:34:36Z,0,Still no.,1d7a95585648495a93fa3ba939ca9c76
spotify:track:0qksx8mV28lztYIZ1om8ml,488c42f9d7e948a188f671fe126eb74a,2023-04-29T20:35:18Z,3,,1d7a95585648495a93fa3ba939ca9c76
spotify:track:1DaqwHixRNyjy5zfKWg4Rl,488c42f9d7e948a188f671fe126eb74a,2023-04-29T20:35:18Z,3,,1d7a95585648495a93fa3ba939ca9c76
spotify:track:1gLBQVlimWIXks99nqemDQ,488c42f9d7e948a188f671fe126eb74a,2023-04-29T20:35:18Z,4,,1d7a95585648495a93fa3ba939ca9c76
spotify:track:63TVmH2fC4DpbnH5o3p8qi,488c42f9d7e948a188f671fe126eb74a,2023-04-29T20:35:18Z,2,,1d7a95585648495a93fa3ba939ca9c76
spotify:track:6asU049doNupkVllo61luh,488c42f9d7e948a188f671fe126eb74a,2023-04-29T20:35:18Z,2,,1d7a95585648495a93fa3ba939ca9c76
spotify:track:6qeMkokWDa4MuAIaXBSbbY,488c42f9d7e948a188f671fe126eb74a,2023-04-29T20:35:18Z,2,,1d7a95585648495a93fa3ba939ca9c76
spotify:track:7DbdUf8aHSYoliSjO6LZv6,488c42f9d7e948a188f671fe126eb74a,2023-04-29T20:35:18Z,2,,1d7a95585648495a93fa3ba939ca9c76
spotify:track:7J4uwuiyWB7BqIcyNdcVRl,488c42f9d7e948a188f671fe126eb74a,2023-04-29T20:35:18Z,2,,1d7a95585648495a93fa3ba939ca9c76
spotify:track:0qksx8mV28lztYIZ1om8ml,5be35bf564744df2a445fae855878c05,2023-04-29T23:30:09Z,4,"agree, first album actually is good ",1d7a95585648495a93fa3ba939ca9c76
spotify:track:1DaqwHixRNyjy5zfKWg4Rl,5be35bf564744df2a445fae855878c05,2023-04-29T23:30:09Z,2,,1d7a95585648495a93fa3ba939ca9c76
spotify:track:1gLBQVlimWIXks99nqemDQ,5be35bf564744df2a445fae855878c05,2023-04-29T23:30:09Z,1,,1d7a95585648495a93fa3ba939ca9c76
spotify:track:63TVmH2fC4DpbnH5o3p8qi,5be35bf564744df2a445fae855878c05,2023-04-29T23:30:09Z,1,,1d7a95585648495a93fa3ba939ca9c76
spotify:track:6k9cHlgiUEF3sDfvn8bfw6,5be35bf564744df2a445fae855878c05,2023-04-29T23:30:09Z,1,,1d7a95585648495a93fa3ba939ca9c76
spotify:track:6qeMkokWDa4MuAIaXBSbbY,5be35bf564744df2a445fae855878c05,2023-04-29T23:30:09Z,4,,1d7a95585648495a93fa3ba939ca9c76
spotify:track:7DbdUf8aHSYoliSjO6LZv6,5be35bf564744df2a445fae855878c05,2023-04-29T23:30:09Z,3,,1d7a95585648495a93fa3ba939ca9c76
spotify:track:7J4uwuiyWB7BqIcyNdcVRl,5be35bf564744df2a445fae855878c05,2023-04-29T23:30:09Z,4,,1d7a95585648495a93fa3ba939ca9c76
spotify:track:0qksx8mV28lztYIZ1om8ml,bdd60b40c4ca4c78a0cbf518560cd06c,2023-04-29T23:52:55Z,2,I’ll give you some votes for being honest ,1d7a95585648495a93fa3ba939ca9c76
spotify:track:1DaqwHixRNyjy5zfKWg4Rl,bdd60b40c4ca4c78a0cbf518560cd06c,2023-04-29T23:52:55Z,2,,1d7a95585648495a93fa3ba939ca9c76
spotify:track:63TVmH2fC4DpbnH5o3p8qi,bdd60b40c4ca4c78a0cbf518560cd06c,2023-04-29T23:52:55Z,1,,1d7a95585648495a93fa3ba939ca9c76
spotify:track:6asU049doNupkVllo61luh,bdd60b40c4ca4c78a0cbf518560cd06c,2023-04-29T23:52:55Z,3,,1d7a95585648495a93fa3ba939ca9c76
spotify:track:6k9cHlgiUEF3sDfvn8bfw6,bdd60b40c4ca4c78a0cbf518560cd06c,2023-04-29T23:52:55Z,6,"Hell yeah! I had this EP too, so good. ",1d7a95585648495a93fa3ba939ca9c76
spotify:track:6qeMkokWDa4MuAIaXBSbbY,bdd60b40c4ca4c78a0cbf518560cd06c,2023-04-29T23:52:55Z,3,,1d7a95585648495a93fa3ba939ca9c76
spotify:track:7DbdUf8aHSYoliSjO6LZv6,bdd60b40c4ca4c78a0cbf518560cd06c,2023-04-29T23:52:55Z,3,,1d7a95585648495a93fa3ba939ca9c76
spotify:track:0qksx8mV28lztYIZ1om8ml,fee7e973fd6f45d48299e77843f5cb17,2023-04-30T00:13:04Z,4,,1d7a95585648495a93fa3ba939ca9c76
spotify:track:1DaqwHixRNyjy5zfKWg4Rl,fee7e973fd6f45d48299e77843f5cb17,2023-04-30T00:13:04Z,4,,1d7a95585648495a93fa3ba939ca9c76
spotify:track:1gLBQVlimWIXks99nqemDQ,fee7e973fd6f45d48299e77843f5cb17,2023-04-30T00:13:04Z,1,,1d7a95585648495a93fa3ba939ca9c76
spotify:track:6asU049doNupkVllo61luh,fee7e973fd6f45d48299e77843f5cb17,2023-04-30T00:13:04Z,3,,1d7a95585648495a93fa3ba939ca9c76
spotify:track:6k9cHlgiUEF3sDfvn8bfw6,fee7e973fd6f45d48299e77843f5cb17,2023-04-30T00:13:04Z,1,,1d7a95585648495a93fa3ba939ca9c76
spotify:track:7DbdUf8aHSYoliSjO6LZv6,fee7e973fd6f45d48299e77843f5cb17,2023-04-30T00:13:04Z,3,,1d7a95585648495a93fa3ba939ca9c76
spotify:track:7J4uwuiyWB7BqIcyNdcVRl,fee7e973fd6f45d48299e77843f5cb17,2023-04-30T00:13:04Z,4,,1d7a95585648495a93fa3ba939ca9c76
