Spotify URI,Voter ID,Created,Points Assigned,Comment,Round ID
spotify:track:0cGG2EouYCEEC3xfa0tDFV,1dacffd0545140b2970d73e29fe6cf33,2023-05-03T15:37:01Z,4,,abb653163b8d40268b26d0329bfd5798
spotify:track:2grSOc6HNTXQQXNoRKt9UM,1dacffd0545140b2970d73e29fe6cf33,2023-05-03T15:37:01Z,4,,abb653163b8d40268b26d0329bfd5798
spotify:track:2wYKNcoqKW4IEcllj42xz1,1dacffd0545140b2970d73e29fe6cf33,2023-05-03T15:37:01Z,3,,abb653163b8d40268b26d0329bfd5798
spotify:track:3dPQuX8Gs42Y7b454ybpMR,1dacffd0545140b2970d73e29fe6cf33,2023-05-03T15:37:01Z,5,,abb653163b8d40268b26d0329bfd5798
spotify:track:5c6gkexa2eWCCBmEb0zXCZ,1dacffd0545140b2970d73e29fe6cf33,2023-05-03T15:37:01Z,1,,abb653163b8d40268b26d0329bfd5798
spotify:track:5e9TFTbltYBg2xThimr0rU,1dacffd0545140b2970d73e29fe6cf33,2023-05-03T15:37:01Z,1,,abb653163b8d40268b26d0329bfd5798
spotify:track:74q4vaBbWMiwuzaj5TyICH,1dacffd0545140b2970d73e29fe6cf33,2023-05-03T15:37:01Z,2,,abb653163b8d40268b26d0329bfd5798
spotify:track:0cGG2EouYCEEC3xfa0tDFV,e305e2cab85b4f929234bfdf98d6c6d0,2023-05-03T23:08:10Z,5,,abb653163b8d40268b26d0329bfd5798
spotify:track:0p5eZCY0R7uNCZS1YDtIYI,e305e2cab85b4f929234bfdf98d6c6d0,2023-05-03T23:08:10Z,4,,abb653163b8d40268b26d0329bfd5798
spotify:track:2wYKNcoqKW4IEcllj42xz1,e305e2cab85b4f929234bfdf98d6c6d0,2023-05-03T23:08:10Z,2,,abb653163b8d40268b26d0329bfd5798
spotify:track:3dPQuX8Gs42Y7b454ybpMR,e305e2cab85b4f929234bfdf98d6c6d0,2023-05-03T23:08:10Z,2,,abb653163b8d40268b26d0329bfd5798
spotify:track:5c6gkexa2eWCCBmEb0zXCZ,e305e2cab85b4f929234bfdf98d6c6d0,2023-05-03T23:08:10Z,2,,abb653163b8d40268b26d0329bfd5798
spotify:track:5e9TFTbltYBg2xThimr0rU,e305e2cab85b4f929234bfdf98d6c6d0,2023-05-03T23:08:10Z,3,,abb653163b8d40268b26d0329bfd5798
spotify:track:74q4vaBbWMiwuzaj5TyICH,e305e2cab85b4f929234bfdf98d6c6d0,2023-05-03T23:08:10Z,2,,abb653163b8d40268b26d0329bfd5798
spotify:track:0cGG2EouYCEEC3xfa0tDFV,58386a2a504f4fd08caed77112bedc82,2023-05-03T23:55:38Z,4,,abb653163b8d40268b26d0329bfd5798
spotify:track:0p5eZCY0R7uNCZS1YDtIYI,58386a2a504f4fd08caed77112bedc82,2023-05-03T23:55:38Z,2,,abb653163b8d40268b26d0329bfd5798
spotify:track:2grSOc6HNTXQQXNoRKt9UM,58386a2a504f4fd08caed77112bedc82,2023-05-03T23:55:38Z,2,,abb653163b8d40268b26d0329bfd5798
spotify:track:2wYKNcoqKW4IEcllj42xz1,58386a2a504f4fd08caed77112bedc82,2023-05-03T23:55:38Z,4,,abb653163b8d40268b26d0329bfd5798
spotify:track:3dPQuX8Gs42Y7b454ybpMR,58386a2a504f4fd08caed77112bedc82,2023-05-03T23:55:38Z,4,,abb653163b8d40268b26d0329bfd5798
spotify:track:5c6gkexa2eWCCBmEb0zXCZ,58386a2a504f4fd08caed77112bedc82,2023-05-03T23:55:38Z,2,,abb653163b8d40268b26d0329bfd5798
spotify:track:74q4vaBbWMiwuzaj5TyICH,58386a2a504f4fd08caed77112bedc82,2023-05-03T23:55:38Z,2,,abb653163b8d40268b26d0329bfd5798
spotify:track:0cGG2EouYCEEC3xfa0tDFV,5be35bf564744df2a445fae855878c05,2023-05-04T00:07:05Z,5,,abb653163b8d40268b26d0329bfd5798
spotify:track:0p5eZCY0R7uNCZS1YDtIYI,5be35bf564744df2a445fae855878c05,2023-05-04T00:07:05Z,4,,abb653163b8d40268b26d0329bfd5798
spotify:track:2grSOc6HNTXQQXNoRKt9UM,5be35bf564744df2a445fae855878c05,2023-05-04T00:07:05Z,1,,abb653163b8d40268b26d0329bfd5798
spotify:track:2wYKNcoqKW4IEcllj42xz1,5be35bf564744df2a445fae855878c05,2023-05-04T00:07:05Z,4,Despite being partially ruined by wedding overuse this is an excellent song and so on theme ,abb653163b8d40268b26d0329bfd5798
spotify:track:5e9TFTbltYBg2xThimr0rU,5be35bf564744df2a445fae855878c05,2023-05-04T00:07:05Z,2,,abb653163b8d40268b26d0329bfd5798
spotify:track:74q4vaBbWMiwuzaj5TyICH,5be35bf564744df2a445fae855878c05,2023-05-04T00:07:05Z,4,,abb653163b8d40268b26d0329bfd5798
spotify:track:0cGG2EouYCEEC3xfa0tDFV,9bbd7b198c6447b097e31d0e543fa630,2023-05-04T00:49:25Z,3,,abb653163b8d40268b26d0329bfd5798
spotify:track:0p5eZCY0R7uNCZS1YDtIYI,9bbd7b198c6447b097e31d0e543fa630,2023-05-04T00:49:25Z,4,,abb653163b8d40268b26d0329bfd5798
spotify:track:2grSOc6HNTXQQXNoRKt9UM,9bbd7b198c6447b097e31d0e543fa630,2023-05-04T00:49:25Z,2,,abb653163b8d40268b26d0329bfd5798
spotify:track:2wYKNcoqKW4IEcllj42xz1,9bbd7b198c6447b097e31d0e543fa630,2023-05-04T00:49:25Z,1,,abb653163b8d40268b26d0329bfd5798
spotify:track:3dPQuX8Gs42Y7b454ybpMR,9bbd7b198c6447b097e31d0e543fa630,2023-05-04T00:49:25Z,4,,abb653163b8d40268b26d0329bfd5798
spotify:track:5e9TFTbltYBg2xThimr0rU,9bbd7b198c6447b097e31d0e543fa630,2023-05-04T00:49:25Z,5,,abb653163b8d40268b26d0329bfd5798
spotify:track:74q4vaBbWMiwuzaj5TyICH,9bbd7b198c6447b097e31d0e543fa630,2023-05-04T00:49:25Z,1,,abb653163b8d40268b26d0329bfd5798
spotify:track:0cGG2EouYCEEC3xfa0tDFV,bdd60b40c4ca4c78a0cbf518560cd06c,2023-05-04T13:54:11Z,1,,abb653163b8d40268b26d0329bfd5798
spotify:track:0p5eZCY0R7uNCZS1YDtIYI,bdd60b40c4ca4c78a0cbf518560cd06c,2023-05-04T13:54:11Z,5,great choice,abb653163b8d40268b26d0329bfd5798
spotify:track:3dPQuX8Gs42Y7b454ybpMR,bdd60b40c4ca4c78a0cbf518560cd06c,2023-05-04T13:54:11Z,3,i don't want to vote for this but its fits well,abb653163b8d40268b26d0329bfd5798
spotify:track:5c6gkexa2eWCCBmEb0zXCZ,bdd60b40c4ca4c78a0cbf518560cd06c,2023-05-04T13:54:11Z,6,hell yeah,abb653163b8d40268b26d0329bfd5798
spotify:track:5e9TFTbltYBg2xThimr0rU,bdd60b40c4ca4c78a0cbf518560cd06c,2023-05-04T13:54:11Z,1,,abb653163b8d40268b26d0329bfd5798
spotify:track:74q4vaBbWMiwuzaj5TyICH,bdd60b40c4ca4c78a0cbf518560cd06c,2023-05-04T13:54:11Z,4,,abb653163b8d40268b26d0329bfd5798
spotify:track:0p5eZCY0R7uNCZS1YDtIYI,488c42f9d7e948a188f671fe126eb74a,2023-05-04T18:47:21Z,5,This one is definitely true for me. Always humming the bassline when it comes on.,abb653163b8d40268b26d0329bfd5798
spotify:track:2grSOc6HNTXQQXNoRKt9UM,488c42f9d7e948a188f671fe126eb74a,2023-05-04T18:47:21Z,1,,abb653163b8d40268b26d0329bfd5798
spotify:track:2wYKNcoqKW4IEcllj42xz1,488c42f9d7e948a188f671fe126eb74a,2023-05-04T18:47:21Z,4,,abb653163b8d40268b26d0329bfd5798
spotify:track:3dPQuX8Gs42Y7b454ybpMR,488c42f9d7e948a188f671fe126eb74a,2023-05-04T18:47:21Z,2,,abb653163b8d40268b26d0329bfd5798
spotify:track:5c6gkexa2eWCCBmEb0zXCZ,488c42f9d7e948a188f671fe126eb74a,2023-05-04T18:47:21Z,4,,abb653163b8d40268b26d0329bfd5798
spotify:track:5e9TFTbltYBg2xThimr0rU,488c42f9d7e948a188f671fe126eb74a,2023-05-04T18:47:21Z,2,"Pretty much only the outro applies to the theme, but boy, does it apply",abb653163b8d40268b26d0329bfd5798
spotify:track:74q4vaBbWMiwuzaj5TyICH,488c42f9d7e948a188f671fe126eb74a,2023-05-04T18:47:21Z,2,,abb653163b8d40268b26d0329bfd5798
spotify:track:0cGG2EouYCEEC3xfa0tDFV,fee7e973fd6f45d48299e77843f5cb17,2023-05-04T20:15:55Z,4,,abb653163b8d40268b26d0329bfd5798
spotify:track:0p5eZCY0R7uNCZS1YDtIYI,fee7e973fd6f45d48299e77843f5cb17,2023-05-04T20:15:55Z,1,,abb653163b8d40268b26d0329bfd5798
spotify:track:2grSOc6HNTXQQXNoRKt9UM,fee7e973fd6f45d48299e77843f5cb17,2023-05-04T20:15:55Z,1,,abb653163b8d40268b26d0329bfd5798
spotify:track:2wYKNcoqKW4IEcllj42xz1,fee7e973fd6f45d48299e77843f5cb17,2023-05-04T20:15:55Z,2,,abb653163b8d40268b26d0329bfd5798
spotify:track:3dPQuX8Gs42Y7b454ybpMR,fee7e973fd6f45d48299e77843f5cb17,2023-05-04T20:15:55Z,7,"Perfect example of the prompt, 10/10",abb653163b8d40268b26d0329bfd5798
spotify:track:5c6gkexa2eWCCBmEb0zXCZ,fee7e973fd6f45d48299e77843f5cb17,2023-05-04T20:15:55Z,1,,abb653163b8d40268b26d0329bfd5798
spotify:track:5e9TFTbltYBg2xThimr0rU,fee7e973fd6f45d48299e77843f5cb17,2023-05-04T20:15:55Z,4,,abb653163b8d40268b26d0329bfd5798
spotify:track:1QjjrF22DBc9KJSyVpl9Ul,e305e2cab85b4f929234bfdf98d6c6d0,2023-05-05T23:29:59Z,6,,4c4a452212be457fb361d16906abdb43
spotify:track:28cnXtME493VX9NOw9cIUh,e305e2cab85b4f929234bfdf98d6c6d0,2023-05-05T23:29:59Z,2,,4c4a452212be457fb361d16906abdb43
spotify:track:36AlMHDBFwSsD3FQOy1R81,e305e2cab85b4f929234bfdf98d6c6d0,2023-05-05T23:29:59Z,4,,4c4a452212be457fb361d16906abdb43
spotify:track:4eHbdreAnSOrDDsFfc4Fpm,e305e2cab85b4f929234bfdf98d6c6d0,2023-05-05T23:29:59Z,2,,4c4a452212be457fb361d16906abdb43
spotify:track:4Lbv4hSII91sgTVjwXNXKh,e305e2cab85b4f929234bfdf98d6c6d0,2023-05-05T23:29:59Z,4,,4c4a452212be457fb361d16906abdb43
spotify:track:54X78diSLoUDI3joC2bjMz,e305e2cab85b4f929234bfdf98d6c6d0,2023-05-05T23:29:59Z,2,,4c4a452212be457fb361d16906abdb43
spotify:track:28cnXtME493VX9NOw9cIUh,1f8ca948510946fa8edffd20518859ea,2023-05-06T00:06:19Z,5,,4c4a452212be457fb361d16906abdb43
spotify:track:36AlMHDBFwSsD3FQOy1R81,1f8ca948510946fa8edffd20518859ea,2023-05-06T00:06:19Z,4,,4c4a452212be457fb361d16906abdb43
spotify:track:4eHbdreAnSOrDDsFfc4Fpm,1f8ca948510946fa8edffd20518859ea,2023-05-06T00:06:19Z,5,,4c4a452212be457fb361d16906abdb43
spotify:track:4Lbv4hSII91sgTVjwXNXKh,1f8ca948510946fa8edffd20518859ea,2023-05-06T00:06:19Z,6,,4c4a452212be457fb361d16906abdb43
spotify:track:1mSClObliRtgPVT399COQH,58386a2a504f4fd08caed77112bedc82,2023-05-06T06:32:38Z,4,,4c4a452212be457fb361d16906abdb43
spotify:track:1QjjrF22DBc9KJSyVpl9Ul,58386a2a504f4fd08caed77112bedc82,2023-05-06T06:32:38Z,2,,4c4a452212be457fb361d16906abdb43
spotify:track:28cnXtME493VX9NOw9cIUh,58386a2a504f4fd08caed77112bedc82,2023-05-06T06:32:38Z,4,,4c4a452212be457fb361d16906abdb43
spotify:track:36AlMHDBFwSsD3FQOy1R81,58386a2a504f4fd08caed77112bedc82,2023-05-06T06:32:38Z,4,,4c4a452212be457fb361d16906abdb43
spotify:track:4eHbdreAnSOrDDsFfc4Fpm,58386a2a504f4fd08caed77112bedc82,2023-05-06T06:32:38Z,3,,4c4a452212be457fb361d16906abdb43
spotify:track:4Lbv4hSII91sgTVjwXNXKh,58386a2a504f4fd08caed77112bedc82,2023-05-06T06:32:38Z,3,,4c4a452212be457fb361d16906abdb43
spotify:track:0O26gtfjuscAOnQobjNPPL,bdd60b40c4ca4c78a0cbf518560cd06c,2023-05-06T15:03:48Z,2,I'm having a hard time with this one. Impressive for sure. But can I get on board with second-wave deathcore? That's a tough one for me.,4c4a452212be457fb361d16906abdb43
spotify:track:1mSClObliRtgPVT399COQH,bdd60b40c4ca4c78a0cbf518560cd06c,2023-05-06T15:03:48Z,2,,4c4a452212be457fb361d16906abdb43
spotify:track:1QjjrF22DBc9KJSyVpl9Ul,bdd60b40c4ca4c78a0cbf518560cd06c,2023-05-06T15:03:48Z,2,,4c4a452212be457fb361d16906abdb43
spotify:track:28cnXtME493VX9NOw9cIUh,bdd60b40c4ca4c78a0cbf518560cd06c,2023-05-06T15:03:48Z,3,not what I expected but I like it,4c4a452212be457fb361d16906abdb43
spotify:track:4eHbdreAnSOrDDsFfc4Fpm,bdd60b40c4ca4c78a0cbf518560cd06c,2023-05-06T15:03:48Z,2,,4c4a452212be457fb361d16906abdb43
spotify:track:4Lbv4hSII91sgTVjwXNXKh,bdd60b40c4ca4c78a0cbf518560cd06c,2023-05-06T15:03:48Z,5,,4c4a452212be457fb361d16906abdb43
spotify:track:54X78diSLoUDI3joC2bjMz,bdd60b40c4ca4c78a0cbf518560cd06c,2023-05-06T15:03:48Z,1,,4c4a452212be457fb361d16906abdb43
spotify:track:7fckoF6v51xSd4MdFrkUvp,bdd60b40c4ca4c78a0cbf518560cd06c,2023-05-06T15:03:48Z,3,Making us wait 3 mins for vocals is a bold move,4c4a452212be457fb361d16906abdb43
spotify:track:0O26gtfjuscAOnQobjNPPL,1dacffd0545140b2970d73e29fe6cf33,2023-05-06T15:09:56Z,1,,4c4a452212be457fb361d16906abdb43
spotify:track:1QjjrF22DBc9KJSyVpl9Ul,1dacffd0545140b2970d73e29fe6cf33,2023-05-06T15:09:56Z,2,,4c4a452212be457fb361d16906abdb43
spotify:track:28cnXtME493VX9NOw9cIUh,1dacffd0545140b2970d73e29fe6cf33,2023-05-06T15:09:56Z,1,,4c4a452212be457fb361d16906abdb43
spotify:track:36AlMHDBFwSsD3FQOy1R81,1dacffd0545140b2970d73e29fe6cf33,2023-05-06T15:09:56Z,5,,4c4a452212be457fb361d16906abdb43
spotify:track:4eHbdreAnSOrDDsFfc4Fpm,1dacffd0545140b2970d73e29fe6cf33,2023-05-06T15:09:56Z,4,,4c4a452212be457fb361d16906abdb43
spotify:track:4Lbv4hSII91sgTVjwXNXKh,1dacffd0545140b2970d73e29fe6cf33,2023-05-06T15:09:56Z,3,,4c4a452212be457fb361d16906abdb43
spotify:track:54X78diSLoUDI3joC2bjMz,1dacffd0545140b2970d73e29fe6cf33,2023-05-06T15:09:56Z,3,,4c4a452212be457fb361d16906abdb43
spotify:track:7fckoF6v51xSd4MdFrkUvp,1dacffd0545140b2970d73e29fe6cf33,2023-05-06T15:09:56Z,1,,4c4a452212be457fb361d16906abdb43
spotify:track:1mSClObliRtgPVT399COQH,9bbd7b198c6447b097e31d0e543fa630,2023-05-07T20:34:34Z,2,,4c4a452212be457fb361d16906abdb43
spotify:track:28cnXtME493VX9NOw9cIUh,9bbd7b198c6447b097e31d0e543fa630,2023-05-07T20:34:34Z,4,,4c4a452212be457fb361d16906abdb43
spotify:track:36AlMHDBFwSsD3FQOy1R81,9bbd7b198c6447b097e31d0e543fa630,2023-05-07T20:34:34Z,3,,4c4a452212be457fb361d16906abdb43
spotify:track:4eHbdreAnSOrDDsFfc4Fpm,9bbd7b198c6447b097e31d0e543fa630,2023-05-07T20:34:34Z,4,,4c4a452212be457fb361d16906abdb43
spotify:track:4Lbv4hSII91sgTVjwXNXKh,9bbd7b198c6447b097e31d0e543fa630,2023-05-07T20:34:34Z,4,,4c4a452212be457fb361d16906abdb43
spotify:track:54X78diSLoUDI3joC2bjMz,9bbd7b198c6447b097e31d0e543fa630,2023-05-07T20:34:34Z,1,,4c4a452212be457fb361d16906abdb43
spotify:track:7fckoF6v51xSd4MdFrkUvp,9bbd7b198c6447b097e31d0e543fa630,2023-05-07T20:34:34Z,2,,4c4a452212be457fb361d16906abdb43
spotify:track:0O26gtfjuscAOnQobjNPPL,fee7e973fd6f45d48299e77843f5cb17,2023-05-07T20:41:59Z,4,,4c4a452212be457fb361d16906abdb43
spotify:track:1mSClObliRtgPVT399COQH,fee7e973fd6f45d48299e77843f5cb17,2023-05-07T20:41:59Z,3,,4c4a452212be457fb361d16906abdb43
spotify:track:1QjjrF22DBc9KJSyVpl9Ul,fee7e973fd6f45d48299e77843f5cb17,2023-05-07T20:41:59Z,1,,4c4a452212be457fb361d16906abdb43
spotify:track:36AlMHDBFwSsD3FQOy1R81,fee7e973fd6f45d48299e77843f5cb17,2023-05-07T20:41:59Z,2,,4c4a452212be457fb361d16906abdb43
spotify:track:4eHbdreAnSOrDDsFfc4Fpm,fee7e973fd6f45d48299e77843f5cb17,2023-05-07T20:41:59Z,4,,4c4a452212be457fb361d16906abdb43
spotify:track:4Lbv4hSII91sgTVjwXNXKh,fee7e973fd6f45d48299e77843f5cb17,2023-05-07T20:41:59Z,2,,4c4a452212be457fb361d16906abdb43
spotify:track:54X78diSLoUDI3joC2bjMz,fee7e973fd6f45d48299e77843f5cb17,2023-05-07T20:41:59Z,2,,4c4a452212be457fb361d16906abdb43
spotify:track:7fckoF6v51xSd4MdFrkUvp,fee7e973fd6f45d48299e77843f5cb17,2023-05-07T20:41:59Z,2,,4c4a452212be457fb361d16906abdb43
spotify:track:0O26gtfjuscAOnQobjNPPL,488c42f9d7e948a188f671fe126eb74a,2023-05-07T20:47:38Z,4,,4c4a452212be457fb361d16906abdb43
spotify:track:1mSClObliRtgPVT399COQH,488c42f9d7e948a188f671fe126eb74a,2023-05-07T20:47:38Z,5,,4c4a452212be457fb361d16906abdb43
spotify:track:1QjjrF22DBc9KJSyVpl9Ul,488c42f9d7e948a188f671fe126eb74a,2023-05-07T20:47:38Z,1,,4c4a452212be457fb361d16906abdb43
spotify:track:4eHbdreAnSOrDDsFfc4Fpm,488c42f9d7e948a188f671fe126eb74a,2023-05-07T20:47:38Z,7,,4c4a452212be457fb361d16906abdb43
spotify:track:7fckoF6v51xSd4MdFrkUvp,488c42f9d7e948a188f671fe126eb74a,2023-05-07T20:47:38Z,3,,4c4a452212be457fb361d16906abdb43
spotify:track:1mSClObliRtgPVT399COQH,5be35bf564744df2a445fae855878c05,2023-05-07T23:18:26Z,3,,4c4a452212be457fb361d16906abdb43
spotify:track:1QjjrF22DBc9KJSyVpl9Ul,5be35bf564744df2a445fae855878c05,2023-05-07T23:18:26Z,4,,4c4a452212be457fb361d16906abdb43
spotify:track:36AlMHDBFwSsD3FQOy1R81,5be35bf564744df2a445fae855878c05,2023-05-07T23:18:26Z,4,,4c4a452212be457fb361d16906abdb43
spotify:track:4Lbv4hSII91sgTVjwXNXKh,5be35bf564744df2a445fae855878c05,2023-05-07T23:18:26Z,2,,4c4a452212be457fb361d16906abdb43
spotify:track:54X78diSLoUDI3joC2bjMz,5be35bf564744df2a445fae855878c05,2023-05-07T23:18:26Z,3,,4c4a452212be457fb361d16906abdb43
spotify:track:7fckoF6v51xSd4MdFrkUvp,5be35bf564744df2a445fae855878c05,2023-05-07T23:18:26Z,4,,4c4a452212be457fb361d16906abdb43
spotify:track:0C9SImzUbKwCD5QR6MZXXS,1dacffd0545140b2970d73e29fe6cf33,2023-05-09T00:09:59Z,3,,e743e38a24664309accaf6814f423cb0
spotify:track:19X5dUlxVWC5jDg3eOysMz,1dacffd0545140b2970d73e29fe6cf33,2023-05-09T00:09:59Z,3,,e743e38a24664309accaf6814f423cb0
spotify:track:2GLbr60tzzERORkeoQ3Rd2,1dacffd0545140b2970d73e29fe6cf33,2023-05-09T00:09:59Z,5,Any eels song gets my upvotes,e743e38a24664309accaf6814f423cb0
spotify:track:2w8NL6VGvzBnVyDiUbaH20,1dacffd0545140b2970d73e29fe6cf33,2023-05-09T00:09:59Z,4,,e743e38a24664309accaf6814f423cb0
spotify:track:42et6fnHCw1HIPSrdPprMl,1dacffd0545140b2970d73e29fe6cf33,2023-05-09T00:09:59Z,2,,e743e38a24664309accaf6814f423cb0
spotify:track:6K4t31amVTZDgR3sKmwUJJ,1dacffd0545140b2970d73e29fe6cf33,2023-05-09T00:09:59Z,1,,e743e38a24664309accaf6814f423cb0
spotify:track:6kcHg7XL6SKyPNd78daRBL,1dacffd0545140b2970d73e29fe6cf33,2023-05-09T00:09:59Z,2,,e743e38a24664309accaf6814f423cb0
spotify:track:0C9SImzUbKwCD5QR6MZXXS,bdd60b40c4ca4c78a0cbf518560cd06c,2023-05-09T17:54:58Z,2,,e743e38a24664309accaf6814f423cb0
spotify:track:19X5dUlxVWC5jDg3eOysMz,bdd60b40c4ca4c78a0cbf518560cd06c,2023-05-09T17:54:58Z,1,,e743e38a24664309accaf6814f423cb0
spotify:track:29iwiYD3KVWBKxe31nGjEL,bdd60b40c4ca4c78a0cbf518560cd06c,2023-05-09T17:54:58Z,4,"good god, I like this song better in a language I don't understand. Good choice but I never want to hear this again.",e743e38a24664309accaf6814f423cb0
spotify:track:2GLbr60tzzERORkeoQ3Rd2,bdd60b40c4ca4c78a0cbf518560cd06c,2023-05-09T17:54:58Z,4,,e743e38a24664309accaf6814f423cb0
spotify:track:2w8NL6VGvzBnVyDiUbaH20,bdd60b40c4ca4c78a0cbf518560cd06c,2023-05-09T17:54:58Z,2,,e743e38a24664309accaf6814f423cb0
spotify:track:42et6fnHCw1HIPSrdPprMl,bdd60b40c4ca4c78a0cbf518560cd06c,2023-05-09T17:54:58Z,4,,e743e38a24664309accaf6814f423cb0
spotify:track:6K4t31amVTZDgR3sKmwUJJ,bdd60b40c4ca4c78a0cbf518560cd06c,2023-05-09T17:54:58Z,2,,e743e38a24664309accaf6814f423cb0
spotify:track:6kcHg7XL6SKyPNd78daRBL,bdd60b40c4ca4c78a0cbf518560cd06c,2023-05-09T17:54:58Z,1,,e743e38a24664309accaf6814f423cb0
spotify:track:29iwiYD3KVWBKxe31nGjEL,1f8ca948510946fa8edffd20518859ea,2023-05-09T18:09:57Z,4,,e743e38a24664309accaf6814f423cb0
spotify:track:2GLbr60tzzERORkeoQ3Rd2,1f8ca948510946fa8edffd20518859ea,2023-05-09T18:09:57Z,4,,e743e38a24664309accaf6814f423cb0
spotify:track:2PpruBYCo4H7WOBJ7Q2EwM,1f8ca948510946fa8edffd20518859ea,2023-05-09T18:09:57Z,5,,e743e38a24664309accaf6814f423cb0
spotify:track:42et6fnHCw1HIPSrdPprMl,1f8ca948510946fa8edffd20518859ea,2023-05-09T18:09:57Z,7,,e743e38a24664309accaf6814f423cb0
spotify:track:0C9SImzUbKwCD5QR6MZXXS,e305e2cab85b4f929234bfdf98d6c6d0,2023-05-09T20:55:07Z,3,,e743e38a24664309accaf6814f423cb0
spotify:track:19X5dUlxVWC5jDg3eOysMz,e305e2cab85b4f929234bfdf98d6c6d0,2023-05-09T20:55:07Z,3,,e743e38a24664309accaf6814f423cb0
spotify:track:29iwiYD3KVWBKxe31nGjEL,e305e2cab85b4f929234bfdf98d6c6d0,2023-05-09T20:55:07Z,4,,e743e38a24664309accaf6814f423cb0
spotify:track:2PpruBYCo4H7WOBJ7Q2EwM,e305e2cab85b4f929234bfdf98d6c6d0,2023-05-09T20:55:07Z,1,,e743e38a24664309accaf6814f423cb0
spotify:track:2w8NL6VGvzBnVyDiUbaH20,e305e2cab85b4f929234bfdf98d6c6d0,2023-05-09T20:55:07Z,5,,e743e38a24664309accaf6814f423cb0
spotify:track:42et6fnHCw1HIPSrdPprMl,e305e2cab85b4f929234bfdf98d6c6d0,2023-05-09T20:55:07Z,1,,e743e38a24664309accaf6814f423cb0
spotify:track:6K4t31amVTZDgR3sKmwUJJ,e305e2cab85b4f929234bfdf98d6c6d0,2023-05-09T20:55:07Z,2,"I enjoyed ""She was holding hands with Trevor / Not the greatest feeling ever""",e743e38a24664309accaf6814f423cb0
spotify:track:6kcHg7XL6SKyPNd78daRBL,e305e2cab85b4f929234bfdf98d6c6d0,2023-05-09T20:55:07Z,1,,e743e38a24664309accaf6814f423cb0
spotify:track:0C9SImzUbKwCD5QR6MZXXS,58386a2a504f4fd08caed77112bedc82,2023-05-10T04:10:35Z,5,,e743e38a24664309accaf6814f423cb0
spotify:track:19X5dUlxVWC5jDg3eOysMz,58386a2a504f4fd08caed77112bedc82,2023-05-10T04:10:35Z,2,,e743e38a24664309accaf6814f423cb0
spotify:track:29iwiYD3KVWBKxe31nGjEL,58386a2a504f4fd08caed77112bedc82,2023-05-10T04:10:35Z,2,,e743e38a24664309accaf6814f423cb0
spotify:track:2GLbr60tzzERORkeoQ3Rd2,58386a2a504f4fd08caed77112bedc82,2023-05-10T04:10:35Z,2,,e743e38a24664309accaf6814f423cb0
spotify:track:2w8NL6VGvzBnVyDiUbaH20,58386a2a504f4fd08caed77112bedc82,2023-05-10T04:10:35Z,2,,e743e38a24664309accaf6814f423cb0
spotify:track:42et6fnHCw1HIPSrdPprMl,58386a2a504f4fd08caed77112bedc82,2023-05-10T04:10:35Z,2,,e743e38a24664309accaf6814f423cb0
spotify:track:6kcHg7XL6SKyPNd78daRBL,58386a2a504f4fd08caed77112bedc82,2023-05-10T04:10:35Z,5,,e743e38a24664309accaf6814f423cb0
spotify:track:0C9SImzUbKwCD5QR6MZXXS,488c42f9d7e948a188f671fe126eb74a,2023-05-10T20:46:13Z,2,,e743e38a24664309accaf6814f423cb0
spotify:track:29iwiYD3KVWBKxe31nGjEL,488c42f9d7e948a188f671fe126eb74a,2023-05-10T20:46:13Z,4,,e743e38a24664309accaf6814f423cb0
spotify:track:2GLbr60tzzERORkeoQ3Rd2,488c42f9d7e948a188f671fe126eb74a,2023-05-10T20:46:13Z,3,,e743e38a24664309accaf6814f423cb0
spotify:track:2PpruBYCo4H7WOBJ7Q2EwM,488c42f9d7e948a188f671fe126eb74a,2023-05-10T20:46:13Z,1,,e743e38a24664309accaf6814f423cb0
spotify:track:2w8NL6VGvzBnVyDiUbaH20,488c42f9d7e948a188f671fe126eb74a,2023-05-10T20:46:13Z,3,,e743e38a24664309accaf6814f423cb0
spotify:track:42et6fnHCw1HIPSrdPprMl,488c42f9d7e948a188f671fe126eb74a,2023-05-10T20:46:13Z,3,,e743e38a24664309accaf6814f423cb0
spotify:track:6K4t31amVTZDgR3sKmwUJJ,488c42f9d7e948a188f671fe126eb74a,2023-05-10T20:46:13Z,2,,e743e38a24664309accaf6814f423cb0
spotify:track:6kcHg7XL6SKyPNd78daRBL,488c42f9d7e948a188f671fe126eb74a,2023-05-10T20:46:13Z,2,,e743e38a24664309accaf6814f423cb0
spotify:track:19X5dUlxVWC5jDg3eOysMz,5be35bf564744df2a445fae855878c05,2023-05-11T00:23:19Z,4,,e743e38a24664309accaf6814f423cb0
spotify:track:29iwiYD3KVWBKxe31nGjEL,5be35bf564744df2a445fae855878c05,2023-05-11T00:23:19Z,1,,e743e38a24664309accaf6814f423cb0
spotify:track:2GLbr60tzzERORkeoQ3Rd2,5be35bf564744df2a445fae855878c05,2023-05-11T00:23:19Z,6,,e743e38a24664309accaf6814f423cb0
spotify:track:2PpruBYCo4H7WOBJ7Q2EwM,5be35bf564744df2a445fae855878c05,2023-05-11T00:23:19Z,1,,e743e38a24664309accaf6814f423cb0
spotify:track:2w8NL6VGvzBnVyDiUbaH20,5be35bf564744df2a445fae855878c05,2023-05-11T00:23:19Z,3,,e743e38a24664309accaf6814f423cb0
spotify:track:42et6fnHCw1HIPSrdPprMl,5be35bf564744df2a445fae855878c05,2023-05-11T00:23:19Z,2,,e743e38a24664309accaf6814f423cb0
spotify:track:6K4t31amVTZDgR3sKmwUJJ,5be35bf564744df2a445fae855878c05,2023-05-11T00:23:19Z,1,,e743e38a24664309accaf6814f423cb0
spotify:track:6kcHg7XL6SKyPNd78daRBL,5be35bf564744df2a445fae855878c05,2023-05-11T00:23:19Z,2,,e743e38a24664309accaf6814f423cb0
spotify:track:0C9SImzUbKwCD5QR6MZXXS,fee7e973fd6f45d48299e77843f5cb17,2023-05-11T01:03:09Z,2,,e743e38a24664309accaf6814f423cb0
spotify:track:29iwiYD3KVWBKxe31nGjEL,fee7e973fd6f45d48299e77843f5cb17,2023-05-11T01:03:09Z,6,,e743e38a24664309accaf6814f423cb0
spotify:track:2GLbr60tzzERORkeoQ3Rd2,fee7e973fd6f45d48299e77843f5cb17,2023-05-11T01:03:09Z,1,,e743e38a24664309accaf6814f423cb0
spotify:track:2PpruBYCo4H7WOBJ7Q2EwM,fee7e973fd6f45d48299e77843f5cb17,2023-05-11T01:03:09Z,2,,e743e38a24664309accaf6814f423cb0
spotify:track:2w8NL6VGvzBnVyDiUbaH20,fee7e973fd6f45d48299e77843f5cb17,2023-05-11T01:03:09Z,3,,e743e38a24664309accaf6814f423cb0
spotify:track:42et6fnHCw1HIPSrdPprMl,fee7e973fd6f45d48299e77843f5cb17,2023-05-11T01:03:09Z,4,,e743e38a24664309accaf6814f423cb0
spotify:track:6K4t31amVTZDgR3sKmwUJJ,fee7e973fd6f45d48299e77843f5cb17,2023-05-11T01:03:09Z,2,,e743e38a24664309accaf6814f423cb0
spotify:track:0C9SImzUbKwCD5QR6MZXXS,9bbd7b198c6447b097e31d0e543fa630,2023-05-11T01:53:23Z,3,,e743e38a24664309accaf6814f423cb0
spotify:track:19X5dUlxVWC5jDg3eOysMz,9bbd7b198c6447b097e31d0e543fa630,2023-05-11T01:53:23Z,1,,e743e38a24664309accaf6814f423cb0
spotify:track:29iwiYD3KVWBKxe31nGjEL,9bbd7b198c6447b097e31d0e543fa630,2023-05-11T01:53:23Z,1,,e743e38a24664309accaf6814f423cb0
spotify:track:2GLbr60tzzERORkeoQ3Rd2,9bbd7b198c6447b097e31d0e543fa630,2023-05-11T01:53:23Z,2,,e743e38a24664309accaf6814f423cb0
spotify:track:2PpruBYCo4H7WOBJ7Q2EwM,9bbd7b198c6447b097e31d0e543fa630,2023-05-11T01:53:23Z,4,,e743e38a24664309accaf6814f423cb0
spotify:track:2w8NL6VGvzBnVyDiUbaH20,9bbd7b198c6447b097e31d0e543fa630,2023-05-11T01:53:23Z,4,,e743e38a24664309accaf6814f423cb0
spotify:track:6K4t31amVTZDgR3sKmwUJJ,9bbd7b198c6447b097e31d0e543fa630,2023-05-11T01:53:23Z,3,,e743e38a24664309accaf6814f423cb0
spotify:track:6kcHg7XL6SKyPNd78daRBL,9bbd7b198c6447b097e31d0e543fa630,2023-05-11T01:53:23Z,2,,e743e38a24664309accaf6814f423cb0
spotify:track:2WV0p05PhOlTP3It8yPp1d,1f8ca948510946fa8edffd20518859ea,2023-05-13T01:42:54Z,7,,cc6ed1fcc48247049f5ac8e1c0c6fb7a
spotify:track:37ePQp9TL7GbE8bk2yHoMF,1f8ca948510946fa8edffd20518859ea,2023-05-13T01:42:54Z,4,,cc6ed1fcc48247049f5ac8e1c0c6fb7a
spotify:track:6AKgfPYicohtcFVFij9M7U,1f8ca948510946fa8edffd20518859ea,2023-05-13T01:42:54Z,3,,cc6ed1fcc48247049f5ac8e1c0c6fb7a
spotify:track:6eZjwaaQU4Q0ZPOVkxVDgA,1f8ca948510946fa8edffd20518859ea,2023-05-13T01:42:54Z,6,,cc6ed1fcc48247049f5ac8e1c0c6fb7a
spotify:track:0yNZ63pUbmxX0xYzZEQr2j,e305e2cab85b4f929234bfdf98d6c6d0,2023-05-13T01:56:23Z,6,,cc6ed1fcc48247049f5ac8e1c0c6fb7a
spotify:track:1D5G1TvHSGEOmouY7X7VIW,e305e2cab85b4f929234bfdf98d6c6d0,2023-05-13T01:56:23Z,2,,cc6ed1fcc48247049f5ac8e1c0c6fb7a
spotify:track:2bLIPhl913PA75cXATsij8,e305e2cab85b4f929234bfdf98d6c6d0,2023-05-13T01:56:23Z,1,,cc6ed1fcc48247049f5ac8e1c0c6fb7a
spotify:track:2WV0p05PhOlTP3It8yPp1d,e305e2cab85b4f929234bfdf98d6c6d0,2023-05-13T01:56:23Z,2,,cc6ed1fcc48247049f5ac8e1c0c6fb7a
spotify:track:37ePQp9TL7GbE8bk2yHoMF,e305e2cab85b4f929234bfdf98d6c6d0,2023-05-13T01:56:23Z,5,,cc6ed1fcc48247049f5ac8e1c0c6fb7a
spotify:track:6FEzdT3rDa6UlMTttTA2Wn,e305e2cab85b4f929234bfdf98d6c6d0,2023-05-13T01:56:23Z,4,,cc6ed1fcc48247049f5ac8e1c0c6fb7a
spotify:track:0yNZ63pUbmxX0xYzZEQr2j,9bbd7b198c6447b097e31d0e543fa630,2023-05-13T22:33:11Z,2,,cc6ed1fcc48247049f5ac8e1c0c6fb7a
spotify:track:2bLIPhl913PA75cXATsij8,9bbd7b198c6447b097e31d0e543fa630,2023-05-13T22:33:11Z,2,,cc6ed1fcc48247049f5ac8e1c0c6fb7a
spotify:track:2WV0p05PhOlTP3It8yPp1d,9bbd7b198c6447b097e31d0e543fa630,2023-05-13T22:33:11Z,3,,cc6ed1fcc48247049f5ac8e1c0c6fb7a
spotify:track:6AKgfPYicohtcFVFij9M7U,9bbd7b198c6447b097e31d0e543fa630,2023-05-13T22:33:11Z,4,,cc6ed1fcc48247049f5ac8e1c0c6fb7a
spotify:track:6eZjwaaQU4Q0ZPOVkxVDgA,9bbd7b198c6447b097e31d0e543fa630,2023-05-13T22:33:11Z,4,,cc6ed1fcc48247049f5ac8e1c0c6fb7a
spotify:track:6FEzdT3rDa6UlMTttTA2Wn,9bbd7b198c6447b097e31d0e543fa630,2023-05-13T22:33:11Z,4,,cc6ed1fcc48247049f5ac8e1c0c6fb7a
spotify:track:6PzkuqjyPZDjjD1yyk7a5E,9bbd7b198c6447b097e31d0e543fa630,2023-05-13T22:33:11Z,1,,cc6ed1fcc48247049f5ac8e1c0c6fb7a
spotify:track:0yNZ63pUbmxX0xYzZEQr2j,1dacffd0545140b2970d73e29fe6cf33,2023-05-14T01:13:40Z,1,,cc6ed1fcc48247049f5ac8e1c0c6fb7a
spotify:track:1D5G1TvHSGEOmouY7X7VIW,1dacffd0545140b2970d73e29fe6cf33,2023-05-14T01:13:40Z,2,,cc6ed1fcc48247049f5ac8e1c0c6fb7a
spotify:track:2bLIPhl913PA75cXATsij8,1dacffd0545140b2970d73e29fe6cf33,2023-05-14T01:13:40Z,4,,cc6ed1fcc48247049f5ac8e1c0c6fb7a
spotify:track:2WV0p05PhOlTP3It8yPp1d,1dacffd0545140b2970d73e29fe6cf33,2023-05-14T01:13:40Z,2,,cc6ed1fcc48247049f5ac8e1c0c6fb7a
spotify:track:37ePQp9TL7GbE8bk2yHoMF,1dacffd0545140b2970d73e29fe6cf33,2023-05-14T01:13:40Z,3,,cc6ed1fcc48247049f5ac8e1c0c6fb7a
spotify:track:6AKgfPYicohtcFVFij9M7U,1dacffd0545140b2970d73e29fe6cf33,2023-05-14T01:13:40Z,2,,cc6ed1fcc48247049f5ac8e1c0c6fb7a
spotify:track:6eZjwaaQU4Q0ZPOVkxVDgA,1dacffd0545140b2970d73e29fe6cf33,2023-05-14T01:13:40Z,4,,cc6ed1fcc48247049f5ac8e1c0c6fb7a
spotify:track:6PzkuqjyPZDjjD1yyk7a5E,1dacffd0545140b2970d73e29fe6cf33,2023-05-14T01:13:40Z,2,,cc6ed1fcc48247049f5ac8e1c0c6fb7a
spotify:track:0yNZ63pUbmxX0xYzZEQr2j,5be35bf564744df2a445fae855878c05,2023-05-14T01:27:14Z,4,I appreciate that it includes music ,cc6ed1fcc48247049f5ac8e1c0c6fb7a
spotify:track:1D5G1TvHSGEOmouY7X7VIW,5be35bf564744df2a445fae855878c05,2023-05-14T01:27:14Z,2,,cc6ed1fcc48247049f5ac8e1c0c6fb7a
spotify:track:2bLIPhl913PA75cXATsij8,5be35bf564744df2a445fae855878c05,2023-05-14T01:27:14Z,5,,cc6ed1fcc48247049f5ac8e1c0c6fb7a
spotify:track:2WV0p05PhOlTP3It8yPp1d,5be35bf564744df2a445fae855878c05,2023-05-14T01:27:14Z,3,,cc6ed1fcc48247049f5ac8e1c0c6fb7a
spotify:track:37ePQp9TL7GbE8bk2yHoMF,5be35bf564744df2a445fae855878c05,2023-05-14T01:27:14Z,4,,cc6ed1fcc48247049f5ac8e1c0c6fb7a
spotify:track:6FEzdT3rDa6UlMTttTA2Wn,5be35bf564744df2a445fae855878c05,2023-05-14T01:27:14Z,1,,cc6ed1fcc48247049f5ac8e1c0c6fb7a
spotify:track:6PzkuqjyPZDjjD1yyk7a5E,5be35bf564744df2a445fae855878c05,2023-05-14T01:27:14Z,1,,cc6ed1fcc48247049f5ac8e1c0c6fb7a
spotify:track:0yNZ63pUbmxX0xYzZEQr2j,58386a2a504f4fd08caed77112bedc82,2023-05-14T21:13:29Z,0,Love this song with all my heart but I don't think it counts as stand up...soz,cc6ed1fcc48247049f5ac8e1c0c6fb7a
spotify:track:1D5G1TvHSGEOmouY7X7VIW,58386a2a504f4fd08caed77112bedc82,2023-05-14T21:13:29Z,3,,cc6ed1fcc48247049f5ac8e1c0c6fb7a
spotify:track:2bLIPhl913PA75cXATsij8,58386a2a504f4fd08caed77112bedc82,2023-05-14T21:13:29Z,1,,cc6ed1fcc48247049f5ac8e1c0c6fb7a
spotify:track:2WV0p05PhOlTP3It8yPp1d,58386a2a504f4fd08caed77112bedc82,2023-05-14T21:13:29Z,2,,cc6ed1fcc48247049f5ac8e1c0c6fb7a
spotify:track:37ePQp9TL7GbE8bk2yHoMF,58386a2a504f4fd08caed77112bedc82,2023-05-14T21:13:29Z,1,,cc6ed1fcc48247049f5ac8e1c0c6fb7a
spotify:track:6AKgfPYicohtcFVFij9M7U,58386a2a504f4fd08caed77112bedc82,2023-05-14T21:13:29Z,5,,cc6ed1fcc48247049f5ac8e1c0c6fb7a
spotify:track:6eZjwaaQU4Q0ZPOVkxVDgA,58386a2a504f4fd08caed77112bedc82,2023-05-14T21:13:29Z,3,,cc6ed1fcc48247049f5ac8e1c0c6fb7a
spotify:track:6FEzdT3rDa6UlMTttTA2Wn,58386a2a504f4fd08caed77112bedc82,2023-05-14T21:13:29Z,5,,cc6ed1fcc48247049f5ac8e1c0c6fb7a
spotify:track:1D5G1TvHSGEOmouY7X7VIW,bdd60b40c4ca4c78a0cbf518560cd06c,2023-05-14T23:47:41Z,3,Fun to listen again. I remember listening to this on repeat when it came out.,cc6ed1fcc48247049f5ac8e1c0c6fb7a
spotify:track:2WV0p05PhOlTP3It8yPp1d,bdd60b40c4ca4c78a0cbf518560cd06c,2023-05-14T23:47:41Z,5,Perfect fit for this league ,cc6ed1fcc48247049f5ac8e1c0c6fb7a
spotify:track:37ePQp9TL7GbE8bk2yHoMF,bdd60b40c4ca4c78a0cbf518560cd06c,2023-05-14T23:47:41Z,2,,cc6ed1fcc48247049f5ac8e1c0c6fb7a
spotify:track:6AKgfPYicohtcFVFij9M7U,bdd60b40c4ca4c78a0cbf518560cd06c,2023-05-14T23:47:41Z,1,,cc6ed1fcc48247049f5ac8e1c0c6fb7a
spotify:track:6eZjwaaQU4Q0ZPOVkxVDgA,bdd60b40c4ca4c78a0cbf518560cd06c,2023-05-14T23:47:41Z,3,Legendary ,cc6ed1fcc48247049f5ac8e1c0c6fb7a
spotify:track:6FEzdT3rDa6UlMTttTA2Wn,bdd60b40c4ca4c78a0cbf518560cd06c,2023-05-14T23:47:41Z,4,"New to me, loved it ",cc6ed1fcc48247049f5ac8e1c0c6fb7a
spotify:track:6PzkuqjyPZDjjD1yyk7a5E,bdd60b40c4ca4c78a0cbf518560cd06c,2023-05-14T23:47:41Z,2,Classic,cc6ed1fcc48247049f5ac8e1c0c6fb7a
spotify:track:1D5G1TvHSGEOmouY7X7VIW,488c42f9d7e948a188f671fe126eb74a,2023-05-15T17:04:51Z,4,Always love a good ghost joke in this style. I could also just listen to PFT describe his daily life and I'd be entertained.,cc6ed1fcc48247049f5ac8e1c0c6fb7a
spotify:track:2bLIPhl913PA75cXATsij8,488c42f9d7e948a188f671fe126eb74a,2023-05-15T17:04:51Z,3,"Yeah, this one is etched into my brain wrinkles.",cc6ed1fcc48247049f5ac8e1c0c6fb7a
spotify:track:37ePQp9TL7GbE8bk2yHoMF,488c42f9d7e948a188f671fe126eb74a,2023-05-15T17:04:51Z,1,,cc6ed1fcc48247049f5ac8e1c0c6fb7a
spotify:track:6AKgfPYicohtcFVFij9M7U,488c42f9d7e948a188f671fe126eb74a,2023-05-15T17:04:51Z,3,Love Hannibal.,cc6ed1fcc48247049f5ac8e1c0c6fb7a
spotify:track:6eZjwaaQU4Q0ZPOVkxVDgA,488c42f9d7e948a188f671fe126eb74a,2023-05-15T17:04:51Z,3,How many classic bits can you fit in 2 minutes 18 seconds?!,cc6ed1fcc48247049f5ac8e1c0c6fb7a
spotify:track:6FEzdT3rDa6UlMTttTA2Wn,488c42f9d7e948a188f671fe126eb74a,2023-05-15T17:04:51Z,5,I don't think I've heard this one before. Incredible.,cc6ed1fcc48247049f5ac8e1c0c6fb7a
spotify:track:6PzkuqjyPZDjjD1yyk7a5E,488c42f9d7e948a188f671fe126eb74a,2023-05-15T17:04:51Z,1,"I understand why he's considered great, but Hicks has never really clicked with me.",cc6ed1fcc48247049f5ac8e1c0c6fb7a
spotify:track:1D5G1TvHSGEOmouY7X7VIW,fee7e973fd6f45d48299e77843f5cb17,2023-05-15T22:05:14Z,2,,cc6ed1fcc48247049f5ac8e1c0c6fb7a
spotify:track:2bLIPhl913PA75cXATsij8,fee7e973fd6f45d48299e77843f5cb17,2023-05-15T22:05:14Z,3,,cc6ed1fcc48247049f5ac8e1c0c6fb7a
spotify:track:2WV0p05PhOlTP3It8yPp1d,fee7e973fd6f45d48299e77843f5cb17,2023-05-15T22:05:14Z,1,,cc6ed1fcc48247049f5ac8e1c0c6fb7a
spotify:track:37ePQp9TL7GbE8bk2yHoMF,fee7e973fd6f45d48299e77843f5cb17,2023-05-15T22:05:14Z,4,,cc6ed1fcc48247049f5ac8e1c0c6fb7a
spotify:track:6AKgfPYicohtcFVFij9M7U,fee7e973fd6f45d48299e77843f5cb17,2023-05-15T22:05:14Z,3,,cc6ed1fcc48247049f5ac8e1c0c6fb7a
spotify:track:6eZjwaaQU4Q0ZPOVkxVDgA,fee7e973fd6f45d48299e77843f5cb17,2023-05-15T22:05:14Z,2,,cc6ed1fcc48247049f5ac8e1c0c6fb7a
spotify:track:6FEzdT3rDa6UlMTttTA2Wn,fee7e973fd6f45d48299e77843f5cb17,2023-05-15T22:05:14Z,5,,cc6ed1fcc48247049f5ac8e1c0c6fb7a
spotify:track:0LgLRWWbOQYffju9pJXGCq,1f8ca948510946fa8edffd20518859ea,2023-05-17T00:26:40Z,3,,3ddc36d060fe46a7a51d2b07a116243b
spotify:track:7CKm533i7rHy7cEsVuqbHl,1f8ca948510946fa8edffd20518859ea,2023-05-17T00:26:40Z,5,,3ddc36d060fe46a7a51d2b07a116243b
spotify:track:6zgnMpwn4HxqW0cAvPqZlG,1f8ca948510946fa8edffd20518859ea,2023-05-17T00:26:40Z,4,,3ddc36d060fe46a7a51d2b07a116243b
spotify:track:6jqsUKq19nKd7VptrOwb4V,1f8ca948510946fa8edffd20518859ea,2023-05-17T00:26:40Z,2,,3ddc36d060fe46a7a51d2b07a116243b
spotify:track:5AVr59WGkOkzZgAn82ygHT,1f8ca948510946fa8edffd20518859ea,2023-05-17T00:26:40Z,3,,3ddc36d060fe46a7a51d2b07a116243b
spotify:track:1rC9VrNtUlbNFPV4UwLOPi,1f8ca948510946fa8edffd20518859ea,2023-05-17T00:26:40Z,3,,3ddc36d060fe46a7a51d2b07a116243b
spotify:track:0LgLRWWbOQYffju9pJXGCq,9bbd7b198c6447b097e31d0e543fa630,2023-05-17T02:26:35Z,1,,3ddc36d060fe46a7a51d2b07a116243b
spotify:track:7CKm533i7rHy7cEsVuqbHl,9bbd7b198c6447b097e31d0e543fa630,2023-05-17T02:26:35Z,8,,3ddc36d060fe46a7a51d2b07a116243b
spotify:track:6zgnMpwn4HxqW0cAvPqZlG,9bbd7b198c6447b097e31d0e543fa630,2023-05-17T02:26:35Z,1,,3ddc36d060fe46a7a51d2b07a116243b
spotify:track:6jqsUKq19nKd7VptrOwb4V,9bbd7b198c6447b097e31d0e543fa630,2023-05-17T02:26:35Z,1,,3ddc36d060fe46a7a51d2b07a116243b
spotify:track:5YxGFg4hfNdCWOJb5x3LX7,9bbd7b198c6447b097e31d0e543fa630,2023-05-17T02:26:35Z,1,,3ddc36d060fe46a7a51d2b07a116243b
spotify:track:5AVr59WGkOkzZgAn82ygHT,9bbd7b198c6447b097e31d0e543fa630,2023-05-17T02:26:35Z,6,,3ddc36d060fe46a7a51d2b07a116243b
spotify:track:1rC9VrNtUlbNFPV4UwLOPi,9bbd7b198c6447b097e31d0e543fa630,2023-05-17T02:26:35Z,2,,3ddc36d060fe46a7a51d2b07a116243b
spotify:track:5YxGFg4hfNdCWOJb5x3LX7,1dacffd0545140b2970d73e29fe6cf33,2023-05-17T21:02:35Z,3,,3ddc36d060fe46a7a51d2b07a116243b
spotify:track:6jqsUKq19nKd7VptrOwb4V,1dacffd0545140b2970d73e29fe6cf33,2023-05-17T21:02:35Z,1,,3ddc36d060fe46a7a51d2b07a116243b
spotify:track:7CKm533i7rHy7cEsVuqbHl,1dacffd0545140b2970d73e29fe6cf33,2023-05-17T21:02:35Z,4,,3ddc36d060fe46a7a51d2b07a116243b
spotify:track:0LgLRWWbOQYffju9pJXGCq,1dacffd0545140b2970d73e29fe6cf33,2023-05-17T21:02:35Z,3,,3ddc36d060fe46a7a51d2b07a116243b
spotify:track:1lulA1KjuL6uQs0VO9IrZe,1dacffd0545140b2970d73e29fe6cf33,2023-05-17T21:02:35Z,5,,3ddc36d060fe46a7a51d2b07a116243b
spotify:track:1rC9VrNtUlbNFPV4UwLOPi,1dacffd0545140b2970d73e29fe6cf33,2023-05-17T21:02:35Z,2,,3ddc36d060fe46a7a51d2b07a116243b
spotify:track:2KO2sfB4VgLIBiuHTULXlW,1dacffd0545140b2970d73e29fe6cf33,2023-05-17T21:02:35Z,1,,3ddc36d060fe46a7a51d2b07a116243b
spotify:track:5AVr59WGkOkzZgAn82ygHT,1dacffd0545140b2970d73e29fe6cf33,2023-05-17T21:02:35Z,1,,3ddc36d060fe46a7a51d2b07a116243b
spotify:track:0LgLRWWbOQYffju9pJXGCq,e305e2cab85b4f929234bfdf98d6c6d0,2023-05-17T21:44:35Z,4,"As a fan of the English band Curve (who I VERY nearly submitted), I have to toe the company line here and say that Garbage got successful by ripping off their sound (even though I don't really believe it). Anyway, (a) I still like Garbage, and (b) you should check out Curve if you haven't already.  ",3ddc36d060fe46a7a51d2b07a116243b
spotify:track:1lulA1KjuL6uQs0VO9IrZe,e305e2cab85b4f929234bfdf98d6c6d0,2023-05-17T21:44:35Z,4,,3ddc36d060fe46a7a51d2b07a116243b
spotify:track:1rC9VrNtUlbNFPV4UwLOPi,e305e2cab85b4f929234bfdf98d6c6d0,2023-05-17T21:44:35Z,4,,3ddc36d060fe46a7a51d2b07a116243b
spotify:track:2KO2sfB4VgLIBiuHTULXlW,e305e2cab85b4f929234bfdf98d6c6d0,2023-05-17T21:44:35Z,2,,3ddc36d060fe46a7a51d2b07a116243b
spotify:track:5AVr59WGkOkzZgAn82ygHT,e305e2cab85b4f929234bfdf98d6c6d0,2023-05-17T21:44:35Z,1,,3ddc36d060fe46a7a51d2b07a116243b
spotify:track:5YxGFg4hfNdCWOJb5x3LX7,e305e2cab85b4f929234bfdf98d6c6d0,2023-05-17T21:44:35Z,2,,3ddc36d060fe46a7a51d2b07a116243b
spotify:track:6zgnMpwn4HxqW0cAvPqZlG,e305e2cab85b4f929234bfdf98d6c6d0,2023-05-17T21:44:35Z,3,"Yeah, pretty underrated but they did totally rip off Ian Rubbish and The Bizzaros",3ddc36d060fe46a7a51d2b07a116243b
spotify:track:6zgnMpwn4HxqW0cAvPqZlG,58386a2a504f4fd08caed77112bedc82,2023-05-18T00:21:51Z,1,,3ddc36d060fe46a7a51d2b07a116243b
spotify:track:7CKm533i7rHy7cEsVuqbHl,58386a2a504f4fd08caed77112bedc82,2023-05-18T00:21:51Z,4,,3ddc36d060fe46a7a51d2b07a116243b
spotify:track:1lulA1KjuL6uQs0VO9IrZe,58386a2a504f4fd08caed77112bedc82,2023-05-18T00:21:51Z,5,What a fascinating story she has,3ddc36d060fe46a7a51d2b07a116243b
spotify:track:1rC9VrNtUlbNFPV4UwLOPi,58386a2a504f4fd08caed77112bedc82,2023-05-18T00:21:51Z,4,,3ddc36d060fe46a7a51d2b07a116243b
spotify:track:2KO2sfB4VgLIBiuHTULXlW,58386a2a504f4fd08caed77112bedc82,2023-05-18T00:21:51Z,4,,3ddc36d060fe46a7a51d2b07a116243b
spotify:track:5YxGFg4hfNdCWOJb5x3LX7,58386a2a504f4fd08caed77112bedc82,2023-05-18T00:21:51Z,1,,3ddc36d060fe46a7a51d2b07a116243b
spotify:track:6jqsUKq19nKd7VptrOwb4V,58386a2a504f4fd08caed77112bedc82,2023-05-18T00:21:51Z,1,,3ddc36d060fe46a7a51d2b07a116243b
spotify:track:6jqsUKq19nKd7VptrOwb4V,bdd60b40c4ca4c78a0cbf518560cd06c,2023-05-18T02:58:00Z,2,,3ddc36d060fe46a7a51d2b07a116243b
spotify:track:6zgnMpwn4HxqW0cAvPqZlG,bdd60b40c4ca4c78a0cbf518560cd06c,2023-05-18T02:58:00Z,2,,3ddc36d060fe46a7a51d2b07a116243b
spotify:track:5YxGFg4hfNdCWOJb5x3LX7,bdd60b40c4ca4c78a0cbf518560cd06c,2023-05-18T02:58:00Z,1,,3ddc36d060fe46a7a51d2b07a116243b
spotify:track:5AVr59WGkOkzZgAn82ygHT,bdd60b40c4ca4c78a0cbf518560cd06c,2023-05-18T02:58:00Z,1,A point for sincerity,3ddc36d060fe46a7a51d2b07a116243b
spotify:track:2KO2sfB4VgLIBiuHTULXlW,bdd60b40c4ca4c78a0cbf518560cd06c,2023-05-18T02:58:00Z,2,,3ddc36d060fe46a7a51d2b07a116243b
spotify:track:1rC9VrNtUlbNFPV4UwLOPi,bdd60b40c4ca4c78a0cbf518560cd06c,2023-05-18T02:58:00Z,3,,3ddc36d060fe46a7a51d2b07a116243b
spotify:track:1lulA1KjuL6uQs0VO9IrZe,bdd60b40c4ca4c78a0cbf518560cd06c,2023-05-18T02:58:00Z,4,,3ddc36d060fe46a7a51d2b07a116243b
spotify:track:0LgLRWWbOQYffju9pJXGCq,bdd60b40c4ca4c78a0cbf518560cd06c,2023-05-18T02:58:00Z,5,,3ddc36d060fe46a7a51d2b07a116243b
spotify:track:5YxGFg4hfNdCWOJb5x3LX7,5be35bf564744df2a445fae855878c05,2023-05-18T14:50:42Z,2,,3ddc36d060fe46a7a51d2b07a116243b
spotify:track:6jqsUKq19nKd7VptrOwb4V,5be35bf564744df2a445fae855878c05,2023-05-18T14:50:42Z,3,this was cool!,3ddc36d060fe46a7a51d2b07a116243b
spotify:track:7CKm533i7rHy7cEsVuqbHl,5be35bf564744df2a445fae855878c05,2023-05-18T14:50:42Z,4,2000s college radio nostalgia!,3ddc36d060fe46a7a51d2b07a116243b
spotify:track:6zgnMpwn4HxqW0cAvPqZlG,5be35bf564744df2a445fae855878c05,2023-05-18T14:50:42Z,1,,3ddc36d060fe46a7a51d2b07a116243b
spotify:track:0LgLRWWbOQYffju9pJXGCq,5be35bf564744df2a445fae855878c05,2023-05-18T14:50:42Z,4,❤️ never enough credit!,3ddc36d060fe46a7a51d2b07a116243b
spotify:track:1lulA1KjuL6uQs0VO9IrZe,5be35bf564744df2a445fae855878c05,2023-05-18T14:50:42Z,2,,3ddc36d060fe46a7a51d2b07a116243b
spotify:track:2KO2sfB4VgLIBiuHTULXlW,5be35bf564744df2a445fae855878c05,2023-05-18T14:50:42Z,1,,3ddc36d060fe46a7a51d2b07a116243b
spotify:track:5AVr59WGkOkzZgAn82ygHT,5be35bf564744df2a445fae855878c05,2023-05-18T14:50:42Z,3,,3ddc36d060fe46a7a51d2b07a116243b
spotify:track:5AVr59WGkOkzZgAn82ygHT,488c42f9d7e948a188f671fe126eb74a,2023-05-18T20:08:34Z,2,"The horns and bass are too good to not give some votes, but I always struggle with Streetlight despite the fact that they *should* be right up my alley.",3ddc36d060fe46a7a51d2b07a116243b
spotify:track:7CKm533i7rHy7cEsVuqbHl,488c42f9d7e948a188f671fe126eb74a,2023-05-18T20:08:34Z,5,,3ddc36d060fe46a7a51d2b07a116243b
spotify:track:0LgLRWWbOQYffju9pJXGCq,488c42f9d7e948a188f671fe126eb74a,2023-05-18T20:08:34Z,4,,3ddc36d060fe46a7a51d2b07a116243b
spotify:track:1lulA1KjuL6uQs0VO9IrZe,488c42f9d7e948a188f671fe126eb74a,2023-05-18T20:08:34Z,4,,3ddc36d060fe46a7a51d2b07a116243b
spotify:track:1rC9VrNtUlbNFPV4UwLOPi,488c42f9d7e948a188f671fe126eb74a,2023-05-18T20:08:34Z,2,,3ddc36d060fe46a7a51d2b07a116243b
spotify:track:2KO2sfB4VgLIBiuHTULXlW,488c42f9d7e948a188f671fe126eb74a,2023-05-18T20:08:34Z,1,,3ddc36d060fe46a7a51d2b07a116243b
spotify:track:6zgnMpwn4HxqW0cAvPqZlG,488c42f9d7e948a188f671fe126eb74a,2023-05-18T20:08:34Z,2,,3ddc36d060fe46a7a51d2b07a116243b
spotify:track:1rC9VrNtUlbNFPV4UwLOPi,fee7e973fd6f45d48299e77843f5cb17,2023-05-18T20:24:16Z,3,,3ddc36d060fe46a7a51d2b07a116243b
spotify:track:1lulA1KjuL6uQs0VO9IrZe,fee7e973fd6f45d48299e77843f5cb17,2023-05-18T20:24:16Z,2,,3ddc36d060fe46a7a51d2b07a116243b
spotify:track:0LgLRWWbOQYffju9pJXGCq,fee7e973fd6f45d48299e77843f5cb17,2023-05-18T20:24:16Z,3,,3ddc36d060fe46a7a51d2b07a116243b
spotify:track:7CKm533i7rHy7cEsVuqbHl,fee7e973fd6f45d48299e77843f5cb17,2023-05-18T20:24:16Z,2,,3ddc36d060fe46a7a51d2b07a116243b
spotify:track:6zgnMpwn4HxqW0cAvPqZlG,fee7e973fd6f45d48299e77843f5cb17,2023-05-18T20:24:16Z,1,,3ddc36d060fe46a7a51d2b07a116243b
spotify:track:6jqsUKq19nKd7VptrOwb4V,fee7e973fd6f45d48299e77843f5cb17,2023-05-18T20:24:16Z,1,,3ddc36d060fe46a7a51d2b07a116243b
spotify:track:5YxGFg4hfNdCWOJb5x3LX7,fee7e973fd6f45d48299e77843f5cb17,2023-05-18T20:24:16Z,3,,3ddc36d060fe46a7a51d2b07a116243b
spotify:track:2KO2sfB4VgLIBiuHTULXlW,fee7e973fd6f45d48299e77843f5cb17,2023-05-18T20:24:16Z,5,,3ddc36d060fe46a7a51d2b07a116243b
spotify:track:1nlx1icELUDzBLfJkxN1lW,1f8ca948510946fa8edffd20518859ea,2023-05-21T03:35:26Z,3,,5e274e2382524dbaab853c10e12d8c20
spotify:track:2PqEBBcycY9mPxXEhIOSNW,1f8ca948510946fa8edffd20518859ea,2023-05-21T03:35:26Z,5,,5e274e2382524dbaab853c10e12d8c20
spotify:track:4k5FeWIdUaBx5OZdvrSYP1,1f8ca948510946fa8edffd20518859ea,2023-05-21T03:35:26Z,6,,5e274e2382524dbaab853c10e12d8c20
spotify:track:6aEnjXw3hjbOJ1i8Z4YLAU,1f8ca948510946fa8edffd20518859ea,2023-05-21T03:35:26Z,6,,5e274e2382524dbaab853c10e12d8c20
spotify:track:1nlx1icELUDzBLfJkxN1lW,e305e2cab85b4f929234bfdf98d6c6d0,2023-05-21T15:55:36Z,1,,5e274e2382524dbaab853c10e12d8c20
spotify:track:1TVUve0vfL9O2aVOhO2gKe,e305e2cab85b4f929234bfdf98d6c6d0,2023-05-21T15:55:36Z,5,,5e274e2382524dbaab853c10e12d8c20
spotify:track:2PqEBBcycY9mPxXEhIOSNW,e305e2cab85b4f929234bfdf98d6c6d0,2023-05-21T15:55:36Z,3,,5e274e2382524dbaab853c10e12d8c20
spotify:track:2q7TfY9Xuo3VKzOygUj1Wy,e305e2cab85b4f929234bfdf98d6c6d0,2023-05-21T15:55:36Z,2,,5e274e2382524dbaab853c10e12d8c20
spotify:track:3KfbEIOC7YIv90FIfNSZpo,e305e2cab85b4f929234bfdf98d6c6d0,2023-05-21T15:55:36Z,3,,5e274e2382524dbaab853c10e12d8c20
spotify:track:4k5FeWIdUaBx5OZdvrSYP1,e305e2cab85b4f929234bfdf98d6c6d0,2023-05-21T15:55:36Z,3,,5e274e2382524dbaab853c10e12d8c20
spotify:track:6aEnjXw3hjbOJ1i8Z4YLAU,e305e2cab85b4f929234bfdf98d6c6d0,2023-05-21T15:55:36Z,3,,5e274e2382524dbaab853c10e12d8c20
spotify:track:1TVUve0vfL9O2aVOhO2gKe,bdd60b40c4ca4c78a0cbf518560cd06c,2023-05-22T13:39:20Z,1,,5e274e2382524dbaab853c10e12d8c20
spotify:track:2PqEBBcycY9mPxXEhIOSNW,bdd60b40c4ca4c78a0cbf518560cd06c,2023-05-22T13:39:20Z,2,,5e274e2382524dbaab853c10e12d8c20
spotify:track:2q7TfY9Xuo3VKzOygUj1Wy,bdd60b40c4ca4c78a0cbf518560cd06c,2023-05-22T13:39:20Z,1,,5e274e2382524dbaab853c10e12d8c20
spotify:track:3KfbEIOC7YIv90FIfNSZpo,bdd60b40c4ca4c78a0cbf518560cd06c,2023-05-22T13:39:20Z,2,,5e274e2382524dbaab853c10e12d8c20
spotify:track:4k5FeWIdUaBx5OZdvrSYP1,bdd60b40c4ca4c78a0cbf518560cd06c,2023-05-22T13:39:20Z,4,,5e274e2382524dbaab853c10e12d8c20
spotify:track:5W3Ka3k2i7oT8neAENC0XE,bdd60b40c4ca4c78a0cbf518560cd06c,2023-05-22T13:39:20Z,5,Giving points for the story!,5e274e2382524dbaab853c10e12d8c20
spotify:track:6aEnjXw3hjbOJ1i8Z4YLAU,bdd60b40c4ca4c78a0cbf518560cd06c,2023-05-22T13:39:20Z,5,"Again, points for the story!",5e274e2382524dbaab853c10e12d8c20
spotify:track:1TVUve0vfL9O2aVOhO2gKe,488c42f9d7e948a188f671fe126eb74a,2023-05-22T20:37:48Z,2,,5e274e2382524dbaab853c10e12d8c20
spotify:track:6aEnjXw3hjbOJ1i8Z4YLAU,488c42f9d7e948a188f671fe126eb74a,2023-05-22T20:37:48Z,3,"Man, that's a sweet story.",5e274e2382524dbaab853c10e12d8c20
spotify:track:5W3Ka3k2i7oT8neAENC0XE,488c42f9d7e948a188f671fe126eb74a,2023-05-22T20:37:48Z,4,,5e274e2382524dbaab853c10e12d8c20
spotify:track:4k5FeWIdUaBx5OZdvrSYP1,488c42f9d7e948a188f671fe126eb74a,2023-05-22T20:37:48Z,3,,5e274e2382524dbaab853c10e12d8c20
spotify:track:3KfbEIOC7YIv90FIfNSZpo,488c42f9d7e948a188f671fe126eb74a,2023-05-22T20:37:48Z,1,,5e274e2382524dbaab853c10e12d8c20
spotify:track:2q7TfY9Xuo3VKzOygUj1Wy,488c42f9d7e948a188f671fe126eb74a,2023-05-22T20:37:48Z,5,,5e274e2382524dbaab853c10e12d8c20
spotify:track:1nlx1icELUDzBLfJkxN1lW,488c42f9d7e948a188f671fe126eb74a,2023-05-22T20:37:48Z,2,,5e274e2382524dbaab853c10e12d8c20
spotify:track:1nlx1icELUDzBLfJkxN1lW,1dacffd0545140b2970d73e29fe6cf33,2023-05-22T20:38:44Z,3,,5e274e2382524dbaab853c10e12d8c20
spotify:track:1TVUve0vfL9O2aVOhO2gKe,1dacffd0545140b2970d73e29fe6cf33,2023-05-22T20:38:44Z,2,,5e274e2382524dbaab853c10e12d8c20
spotify:track:2PqEBBcycY9mPxXEhIOSNW,1dacffd0545140b2970d73e29fe6cf33,2023-05-22T20:38:44Z,5,,5e274e2382524dbaab853c10e12d8c20
spotify:track:2q7TfY9Xuo3VKzOygUj1Wy,1dacffd0545140b2970d73e29fe6cf33,2023-05-22T20:38:44Z,2,,5e274e2382524dbaab853c10e12d8c20
spotify:track:4k5FeWIdUaBx5OZdvrSYP1,1dacffd0545140b2970d73e29fe6cf33,2023-05-22T20:38:44Z,1,,5e274e2382524dbaab853c10e12d8c20
spotify:track:5W3Ka3k2i7oT8neAENC0XE,1dacffd0545140b2970d73e29fe6cf33,2023-05-22T20:38:44Z,4,,5e274e2382524dbaab853c10e12d8c20
spotify:track:6aEnjXw3hjbOJ1i8Z4YLAU,1dacffd0545140b2970d73e29fe6cf33,2023-05-22T20:38:44Z,3,,5e274e2382524dbaab853c10e12d8c20
spotify:track:1nlx1icELUDzBLfJkxN1lW,5be35bf564744df2a445fae855878c05,2023-05-23T12:42:45Z,1,,5e274e2382524dbaab853c10e12d8c20
spotify:track:6aEnjXw3hjbOJ1i8Z4YLAU,5be35bf564744df2a445fae855878c05,2023-05-23T12:42:45Z,4,,5e274e2382524dbaab853c10e12d8c20
spotify:track:5W3Ka3k2i7oT8neAENC0XE,5be35bf564744df2a445fae855878c05,2023-05-23T12:42:45Z,3,,5e274e2382524dbaab853c10e12d8c20
spotify:track:3KfbEIOC7YIv90FIfNSZpo,5be35bf564744df2a445fae855878c05,2023-05-23T12:42:45Z,3,,5e274e2382524dbaab853c10e12d8c20
spotify:track:2q7TfY9Xuo3VKzOygUj1Wy,5be35bf564744df2a445fae855878c05,2023-05-23T12:42:45Z,3,,5e274e2382524dbaab853c10e12d8c20
spotify:track:2PqEBBcycY9mPxXEhIOSNW,5be35bf564744df2a445fae855878c05,2023-05-23T12:42:45Z,3,,5e274e2382524dbaab853c10e12d8c20
spotify:track:1TVUve0vfL9O2aVOhO2gKe,5be35bf564744df2a445fae855878c05,2023-05-23T12:42:45Z,3,,5e274e2382524dbaab853c10e12d8c20
spotify:track:1nlx1icELUDzBLfJkxN1lW,58386a2a504f4fd08caed77112bedc82,2023-05-23T21:05:47Z,2,,5e274e2382524dbaab853c10e12d8c20
spotify:track:1TVUve0vfL9O2aVOhO2gKe,58386a2a504f4fd08caed77112bedc82,2023-05-23T21:05:47Z,3,,5e274e2382524dbaab853c10e12d8c20
spotify:track:2PqEBBcycY9mPxXEhIOSNW,58386a2a504f4fd08caed77112bedc82,2023-05-23T21:05:47Z,3,,5e274e2382524dbaab853c10e12d8c20
spotify:track:3KfbEIOC7YIv90FIfNSZpo,58386a2a504f4fd08caed77112bedc82,2023-05-23T21:05:47Z,3,,5e274e2382524dbaab853c10e12d8c20
spotify:track:4k5FeWIdUaBx5OZdvrSYP1,58386a2a504f4fd08caed77112bedc82,2023-05-23T21:05:47Z,5,,5e274e2382524dbaab853c10e12d8c20
spotify:track:5W3Ka3k2i7oT8neAENC0XE,58386a2a504f4fd08caed77112bedc82,2023-05-23T21:05:47Z,4,,5e274e2382524dbaab853c10e12d8c20
spotify:track:1nlx1icELUDzBLfJkxN1lW,9bbd7b198c6447b097e31d0e543fa630,2023-05-23T21:32:25Z,5,,5e274e2382524dbaab853c10e12d8c20
spotify:track:1TVUve0vfL9O2aVOhO2gKe,9bbd7b198c6447b097e31d0e543fa630,2023-05-23T21:32:25Z,3,,5e274e2382524dbaab853c10e12d8c20
spotify:track:2PqEBBcycY9mPxXEhIOSNW,9bbd7b198c6447b097e31d0e543fa630,2023-05-23T21:32:25Z,2,,5e274e2382524dbaab853c10e12d8c20
spotify:track:3KfbEIOC7YIv90FIfNSZpo,9bbd7b198c6447b097e31d0e543fa630,2023-05-23T21:32:25Z,1,,5e274e2382524dbaab853c10e12d8c20
spotify:track:4k5FeWIdUaBx5OZdvrSYP1,9bbd7b198c6447b097e31d0e543fa630,2023-05-23T21:32:25Z,4,,5e274e2382524dbaab853c10e12d8c20
spotify:track:5W3Ka3k2i7oT8neAENC0XE,9bbd7b198c6447b097e31d0e543fa630,2023-05-23T21:32:25Z,3,,5e274e2382524dbaab853c10e12d8c20
spotify:track:6aEnjXw3hjbOJ1i8Z4YLAU,9bbd7b198c6447b097e31d0e543fa630,2023-05-23T21:32:25Z,2,,5e274e2382524dbaab853c10e12d8c20
spotify:track:6cu5rW3h4YKsPANWyuRwou,1f8ca948510946fa8edffd20518859ea,2023-05-25T03:30:37Z,2,,1b38a205b5e342dfba34302bc28b5f8e
spotify:track:7qHMaeWBGykUXtoMQLkIC4,1f8ca948510946fa8edffd20518859ea,2023-05-25T03:30:37Z,6,,1b38a205b5e342dfba34302bc28b5f8e
spotify:track:0UV5zxRMz6AO4ZwUOZNIKI,1f8ca948510946fa8edffd20518859ea,2023-05-25T03:30:37Z,4,,1b38a205b5e342dfba34302bc28b5f8e
spotify:track:33yAEqzKXexYM3WlOYtTfQ,1f8ca948510946fa8edffd20518859ea,2023-05-25T03:30:37Z,2,,1b38a205b5e342dfba34302bc28b5f8e
spotify:track:4Uj0dgQG19ivlxx1X3odJY,1f8ca948510946fa8edffd20518859ea,2023-05-25T03:30:37Z,6,,1b38a205b5e342dfba34302bc28b5f8e
spotify:track:4Uj0dgQG19ivlxx1X3odJY,e305e2cab85b4f929234bfdf98d6c6d0,2023-05-25T22:07:09Z,3,,1b38a205b5e342dfba34302bc28b5f8e
spotify:track:01lewSOj9ZaXplh9TpNKL4,e305e2cab85b4f929234bfdf98d6c6d0,2023-05-25T22:07:09Z,1,,1b38a205b5e342dfba34302bc28b5f8e
spotify:track:6Xn7T4SNqFXitbwyspGZgX,e305e2cab85b4f929234bfdf98d6c6d0,2023-05-25T22:07:09Z,4,,1b38a205b5e342dfba34302bc28b5f8e
spotify:track:6cu5rW3h4YKsPANWyuRwou,e305e2cab85b4f929234bfdf98d6c6d0,2023-05-25T22:07:09Z,1,,1b38a205b5e342dfba34302bc28b5f8e
spotify:track:0O8XCrGlVsaKnErfcTSSFU,e305e2cab85b4f929234bfdf98d6c6d0,2023-05-25T22:07:09Z,3,,1b38a205b5e342dfba34302bc28b5f8e
spotify:track:0UV5zxRMz6AO4ZwUOZNIKI,e305e2cab85b4f929234bfdf98d6c6d0,2023-05-25T22:07:09Z,3,,1b38a205b5e342dfba34302bc28b5f8e
spotify:track:0vDdqib7U2NrF9L4EAR66O,e305e2cab85b4f929234bfdf98d6c6d0,2023-05-25T22:07:09Z,3,,1b38a205b5e342dfba34302bc28b5f8e
spotify:track:33yAEqzKXexYM3WlOYtTfQ,e305e2cab85b4f929234bfdf98d6c6d0,2023-05-25T22:07:09Z,2,,1b38a205b5e342dfba34302bc28b5f8e
spotify:track:0vDdqib7U2NrF9L4EAR66O,1dacffd0545140b2970d73e29fe6cf33,2023-05-25T22:16:06Z,5,,1b38a205b5e342dfba34302bc28b5f8e
spotify:track:7qHMaeWBGykUXtoMQLkIC4,1dacffd0545140b2970d73e29fe6cf33,2023-05-25T22:16:06Z,1,,1b38a205b5e342dfba34302bc28b5f8e
spotify:track:6cu5rW3h4YKsPANWyuRwou,1dacffd0545140b2970d73e29fe6cf33,2023-05-25T22:16:06Z,1,,1b38a205b5e342dfba34302bc28b5f8e
spotify:track:4Uj0dgQG19ivlxx1X3odJY,1dacffd0545140b2970d73e29fe6cf33,2023-05-25T22:16:06Z,5,,1b38a205b5e342dfba34302bc28b5f8e
spotify:track:33yAEqzKXexYM3WlOYtTfQ,1dacffd0545140b2970d73e29fe6cf33,2023-05-25T22:16:06Z,1,,1b38a205b5e342dfba34302bc28b5f8e
spotify:track:01lewSOj9ZaXplh9TpNKL4,1dacffd0545140b2970d73e29fe6cf33,2023-05-25T22:16:06Z,1,,1b38a205b5e342dfba34302bc28b5f8e
spotify:track:0UV5zxRMz6AO4ZwUOZNIKI,1dacffd0545140b2970d73e29fe6cf33,2023-05-25T22:16:06Z,2,,1b38a205b5e342dfba34302bc28b5f8e
spotify:track:0O8XCrGlVsaKnErfcTSSFU,1dacffd0545140b2970d73e29fe6cf33,2023-05-25T22:16:06Z,4,,1b38a205b5e342dfba34302bc28b5f8e
spotify:track:0vDdqib7U2NrF9L4EAR66O,9bbd7b198c6447b097e31d0e543fa630,2023-05-26T02:13:00Z,4,,1b38a205b5e342dfba34302bc28b5f8e
spotify:track:01lewSOj9ZaXplh9TpNKL4,9bbd7b198c6447b097e31d0e543fa630,2023-05-26T02:13:00Z,2,,1b38a205b5e342dfba34302bc28b5f8e
spotify:track:0O8XCrGlVsaKnErfcTSSFU,9bbd7b198c6447b097e31d0e543fa630,2023-05-26T02:13:00Z,3,,1b38a205b5e342dfba34302bc28b5f8e
spotify:track:0UV5zxRMz6AO4ZwUOZNIKI,9bbd7b198c6447b097e31d0e543fa630,2023-05-26T02:13:00Z,2,,1b38a205b5e342dfba34302bc28b5f8e
spotify:track:33yAEqzKXexYM3WlOYtTfQ,9bbd7b198c6447b097e31d0e543fa630,2023-05-26T02:13:00Z,5,,1b38a205b5e342dfba34302bc28b5f8e
spotify:track:4Uj0dgQG19ivlxx1X3odJY,9bbd7b198c6447b097e31d0e543fa630,2023-05-26T02:13:00Z,2,,1b38a205b5e342dfba34302bc28b5f8e
spotify:track:6Xn7T4SNqFXitbwyspGZgX,9bbd7b198c6447b097e31d0e543fa630,2023-05-26T02:13:00Z,1,,1b38a205b5e342dfba34302bc28b5f8e
spotify:track:7qHMaeWBGykUXtoMQLkIC4,9bbd7b198c6447b097e31d0e543fa630,2023-05-26T02:13:00Z,1,,1b38a205b5e342dfba34302bc28b5f8e
spotify:track:7qHMaeWBGykUXtoMQLkIC4,bdd60b40c4ca4c78a0cbf518560cd06c,2023-05-26T02:18:14Z,2,Steven Tyler’s anthem?,1b38a205b5e342dfba34302bc28b5f8e
spotify:track:01lewSOj9ZaXplh9TpNKL4,bdd60b40c4ca4c78a0cbf518560cd06c,2023-05-26T02:18:14Z,1,Are the rights for this cheaper?,1b38a205b5e342dfba34302bc28b5f8e
spotify:track:0O8XCrGlVsaKnErfcTSSFU,bdd60b40c4ca4c78a0cbf518560cd06c,2023-05-26T02:18:14Z,2,,1b38a205b5e342dfba34302bc28b5f8e
spotify:track:0vDdqib7U2NrF9L4EAR66O,bdd60b40c4ca4c78a0cbf518560cd06c,2023-05-26T02:18:14Z,4,,1b38a205b5e342dfba34302bc28b5f8e
spotify:track:33yAEqzKXexYM3WlOYtTfQ,bdd60b40c4ca4c78a0cbf518560cd06c,2023-05-26T02:18:14Z,4,,1b38a205b5e342dfba34302bc28b5f8e
spotify:track:4Uj0dgQG19ivlxx1X3odJY,bdd60b40c4ca4c78a0cbf518560cd06c,2023-05-26T02:18:14Z,3,,1b38a205b5e342dfba34302bc28b5f8e
spotify:track:6cu5rW3h4YKsPANWyuRwou,bdd60b40c4ca4c78a0cbf518560cd06c,2023-05-26T02:18:14Z,4,,1b38a205b5e342dfba34302bc28b5f8e
spotify:track:0O8XCrGlVsaKnErfcTSSFU,5be35bf564744df2a445fae855878c05,2023-05-26T02:19:37Z,2,iPod commercialcore,1b38a205b5e342dfba34302bc28b5f8e
spotify:track:01lewSOj9ZaXplh9TpNKL4,5be35bf564744df2a445fae855878c05,2023-05-26T02:19:37Z,3,,1b38a205b5e342dfba34302bc28b5f8e
spotify:track:6cu5rW3h4YKsPANWyuRwou,5be35bf564744df2a445fae855878c05,2023-05-26T02:19:37Z,4,,1b38a205b5e342dfba34302bc28b5f8e
spotify:track:7qHMaeWBGykUXtoMQLkIC4,5be35bf564744df2a445fae855878c05,2023-05-26T02:19:37Z,2,,1b38a205b5e342dfba34302bc28b5f8e
spotify:track:4Uj0dgQG19ivlxx1X3odJY,5be35bf564744df2a445fae855878c05,2023-05-26T02:19:37Z,4,,1b38a205b5e342dfba34302bc28b5f8e
spotify:track:33yAEqzKXexYM3WlOYtTfQ,5be35bf564744df2a445fae855878c05,2023-05-26T02:19:37Z,2,,1b38a205b5e342dfba34302bc28b5f8e
spotify:track:0UV5zxRMz6AO4ZwUOZNIKI,5be35bf564744df2a445fae855878c05,2023-05-26T02:19:37Z,3,,1b38a205b5e342dfba34302bc28b5f8e
spotify:track:0UV5zxRMz6AO4ZwUOZNIKI,58386a2a504f4fd08caed77112bedc82,2023-05-26T08:46:29Z,1,,1b38a205b5e342dfba34302bc28b5f8e
spotify:track:0O8XCrGlVsaKnErfcTSSFU,58386a2a504f4fd08caed77112bedc82,2023-05-26T08:46:29Z,4,,1b38a205b5e342dfba34302bc28b5f8e
spotify:track:7qHMaeWBGykUXtoMQLkIC4,58386a2a504f4fd08caed77112bedc82,2023-05-26T08:46:29Z,3,,1b38a205b5e342dfba34302bc28b5f8e
spotify:track:6Xn7T4SNqFXitbwyspGZgX,58386a2a504f4fd08caed77112bedc82,2023-05-26T08:46:29Z,1,,1b38a205b5e342dfba34302bc28b5f8e
spotify:track:6cu5rW3h4YKsPANWyuRwou,58386a2a504f4fd08caed77112bedc82,2023-05-26T08:46:29Z,1,,1b38a205b5e342dfba34302bc28b5f8e
spotify:track:4Uj0dgQG19ivlxx1X3odJY,58386a2a504f4fd08caed77112bedc82,2023-05-26T08:46:29Z,1,,1b38a205b5e342dfba34302bc28b5f8e
spotify:track:33yAEqzKXexYM3WlOYtTfQ,58386a2a504f4fd08caed77112bedc82,2023-05-26T08:46:29Z,5,,1b38a205b5e342dfba34302bc28b5f8e
spotify:track:0vDdqib7U2NrF9L4EAR66O,58386a2a504f4fd08caed77112bedc82,2023-05-26T08:46:29Z,4,,1b38a205b5e342dfba34302bc28b5f8e
spotify:track:01lewSOj9ZaXplh9TpNKL4,488c42f9d7e948a188f671fe126eb74a,2023-05-26T19:34:03Z,5,"Part of me thinks this is too obvious, but I just love Stevie",1b38a205b5e342dfba34302bc28b5f8e
spotify:track:0O8XCrGlVsaKnErfcTSSFU,488c42f9d7e948a188f671fe126eb74a,2023-05-26T19:34:03Z,2,,1b38a205b5e342dfba34302bc28b5f8e
spotify:track:0UV5zxRMz6AO4ZwUOZNIKI,488c42f9d7e948a188f671fe126eb74a,2023-05-26T19:34:03Z,3,,1b38a205b5e342dfba34302bc28b5f8e
spotify:track:0vDdqib7U2NrF9L4EAR66O,488c42f9d7e948a188f671fe126eb74a,2023-05-26T19:34:03Z,4,Hahaha I'm gonna start doing this now,1b38a205b5e342dfba34302bc28b5f8e
spotify:track:6cu5rW3h4YKsPANWyuRwou,488c42f9d7e948a188f671fe126eb74a,2023-05-26T19:34:03Z,1,,1b38a205b5e342dfba34302bc28b5f8e
spotify:track:6Xn7T4SNqFXitbwyspGZgX,488c42f9d7e948a188f671fe126eb74a,2023-05-26T19:34:03Z,3,,1b38a205b5e342dfba34302bc28b5f8e
spotify:track:7qHMaeWBGykUXtoMQLkIC4,488c42f9d7e948a188f671fe126eb74a,2023-05-26T19:34:03Z,2,,1b38a205b5e342dfba34302bc28b5f8e
spotify:track:01lewSOj9ZaXplh9TpNKL4,fee7e973fd6f45d48299e77843f5cb17,2023-05-26T23:51:52Z,5,,1b38a205b5e342dfba34302bc28b5f8e
spotify:track:7qHMaeWBGykUXtoMQLkIC4,fee7e973fd6f45d48299e77843f5cb17,2023-05-26T23:51:52Z,2,,1b38a205b5e342dfba34302bc28b5f8e
spotify:track:6cu5rW3h4YKsPANWyuRwou,fee7e973fd6f45d48299e77843f5cb17,2023-05-26T23:51:52Z,1,,1b38a205b5e342dfba34302bc28b5f8e
spotify:track:4Uj0dgQG19ivlxx1X3odJY,fee7e973fd6f45d48299e77843f5cb17,2023-05-26T23:51:52Z,2,,1b38a205b5e342dfba34302bc28b5f8e
spotify:track:0vDdqib7U2NrF9L4EAR66O,fee7e973fd6f45d48299e77843f5cb17,2023-05-26T23:51:52Z,5,,1b38a205b5e342dfba34302bc28b5f8e
spotify:track:0UV5zxRMz6AO4ZwUOZNIKI,fee7e973fd6f45d48299e77843f5cb17,2023-05-26T23:51:52Z,2,,1b38a205b5e342dfba34302bc28b5f8e
spotify:track:0O8XCrGlVsaKnErfcTSSFU,fee7e973fd6f45d48299e77843f5cb17,2023-05-26T23:51:52Z,3,,1b38a205b5e342dfba34302bc28b5f8e
spotify:track:2YIOkqKgg3jZEFoL5qcEPT,1f8ca948510946fa8edffd20518859ea,2023-05-28T02:41:53Z,6,,e1450d4a3880475bb016391cbf754927
spotify:track:4heMx0OAwfILu13Lf0VbBM,1f8ca948510946fa8edffd20518859ea,2023-05-28T02:41:53Z,6,,e1450d4a3880475bb016391cbf754927
spotify:track:4YXkB2Ti8KBX8dgUnhLoNg,1f8ca948510946fa8edffd20518859ea,2023-05-28T02:41:53Z,5,,e1450d4a3880475bb016391cbf754927
spotify:track:5LKOZSLNtUCbJhQ5Lj47rl,1f8ca948510946fa8edffd20518859ea,2023-05-28T02:41:53Z,3,,e1450d4a3880475bb016391cbf754927
spotify:track:4YXkB2Ti8KBX8dgUnhLoNg,e305e2cab85b4f929234bfdf98d6c6d0,2023-05-28T19:45:27Z,1,,e1450d4a3880475bb016391cbf754927
spotify:track:5LKOZSLNtUCbJhQ5Lj47rl,e305e2cab85b4f929234bfdf98d6c6d0,2023-05-28T19:45:27Z,6,,e1450d4a3880475bb016391cbf754927
spotify:track:7MTpNQUBKyyymbS3gPuqwQ,e305e2cab85b4f929234bfdf98d6c6d0,2023-05-28T19:45:27Z,2,,e1450d4a3880475bb016391cbf754927
spotify:track:1v5cgIyffYtfEx0swttdoE,e305e2cab85b4f929234bfdf98d6c6d0,2023-05-28T19:45:27Z,7,,e1450d4a3880475bb016391cbf754927
spotify:track:2YIOkqKgg3jZEFoL5qcEPT,e305e2cab85b4f929234bfdf98d6c6d0,2023-05-28T19:45:27Z,1,,e1450d4a3880475bb016391cbf754927
spotify:track:3otLkxciVRnUIi1WsBDp6k,e305e2cab85b4f929234bfdf98d6c6d0,2023-05-28T19:45:27Z,1,,e1450d4a3880475bb016391cbf754927
spotify:track:4heMx0OAwfILu13Lf0VbBM,e305e2cab85b4f929234bfdf98d6c6d0,2023-05-28T19:45:27Z,2,,e1450d4a3880475bb016391cbf754927
spotify:track:0CXgX85rB5w9fAFudZGIBv,bdd60b40c4ca4c78a0cbf518560cd06c,2023-05-29T13:08:23Z,5,Perfect submission for this ,e1450d4a3880475bb016391cbf754927
spotify:track:1v5cgIyffYtfEx0swttdoE,bdd60b40c4ca4c78a0cbf518560cd06c,2023-05-29T13:08:23Z,1,,e1450d4a3880475bb016391cbf754927
spotify:track:2YIOkqKgg3jZEFoL5qcEPT,bdd60b40c4ca4c78a0cbf518560cd06c,2023-05-29T13:08:23Z,3,,e1450d4a3880475bb016391cbf754927
spotify:track:3otLkxciVRnUIi1WsBDp6k,bdd60b40c4ca4c78a0cbf518560cd06c,2023-05-29T13:08:23Z,2,,e1450d4a3880475bb016391cbf754927
spotify:track:4heMx0OAwfILu13Lf0VbBM,bdd60b40c4ca4c78a0cbf518560cd06c,2023-05-29T13:08:23Z,4,,e1450d4a3880475bb016391cbf754927
spotify:track:4YXkB2Ti8KBX8dgUnhLoNg,bdd60b40c4ca4c78a0cbf518560cd06c,2023-05-29T13:08:23Z,2,,e1450d4a3880475bb016391cbf754927
spotify:track:5LKOZSLNtUCbJhQ5Lj47rl,bdd60b40c4ca4c78a0cbf518560cd06c,2023-05-29T13:08:23Z,1,,e1450d4a3880475bb016391cbf754927
spotify:track:7MTpNQUBKyyymbS3gPuqwQ,bdd60b40c4ca4c78a0cbf518560cd06c,2023-05-29T13:08:23Z,2,,e1450d4a3880475bb016391cbf754927
spotify:track:1v5cgIyffYtfEx0swttdoE,fee7e973fd6f45d48299e77843f5cb17,2023-05-30T19:05:23Z,1,,e1450d4a3880475bb016391cbf754927
spotify:track:7MTpNQUBKyyymbS3gPuqwQ,fee7e973fd6f45d48299e77843f5cb17,2023-05-30T19:05:23Z,5,,e1450d4a3880475bb016391cbf754927
spotify:track:5LKOZSLNtUCbJhQ5Lj47rl,fee7e973fd6f45d48299e77843f5cb17,2023-05-30T19:05:23Z,1,,e1450d4a3880475bb016391cbf754927
spotify:track:4heMx0OAwfILu13Lf0VbBM,fee7e973fd6f45d48299e77843f5cb17,2023-05-30T19:05:23Z,4,,e1450d4a3880475bb016391cbf754927
spotify:track:3otLkxciVRnUIi1WsBDp6k,fee7e973fd6f45d48299e77843f5cb17,2023-05-30T19:05:23Z,3,,e1450d4a3880475bb016391cbf754927
spotify:track:2YIOkqKgg3jZEFoL5qcEPT,fee7e973fd6f45d48299e77843f5cb17,2023-05-30T19:05:23Z,4,,e1450d4a3880475bb016391cbf754927
spotify:track:2BY7ALEWdloFHgQZG6VMLA,fee7e973fd6f45d48299e77843f5cb17,2023-05-30T19:05:23Z,2,,e1450d4a3880475bb016391cbf754927
spotify:track:1v5cgIyffYtfEx0swttdoE,1dacffd0545140b2970d73e29fe6cf33,2023-05-30T19:10:49Z,2,,e1450d4a3880475bb016391cbf754927
spotify:track:0CXgX85rB5w9fAFudZGIBv,1dacffd0545140b2970d73e29fe6cf33,2023-05-30T19:10:49Z,3,,e1450d4a3880475bb016391cbf754927
spotify:track:7MTpNQUBKyyymbS3gPuqwQ,1dacffd0545140b2970d73e29fe6cf33,2023-05-30T19:10:49Z,2,,e1450d4a3880475bb016391cbf754927
spotify:track:4YXkB2Ti8KBX8dgUnhLoNg,1dacffd0545140b2970d73e29fe6cf33,2023-05-30T19:10:49Z,2,,e1450d4a3880475bb016391cbf754927
spotify:track:4heMx0OAwfILu13Lf0VbBM,1dacffd0545140b2970d73e29fe6cf33,2023-05-30T19:10:49Z,3,,e1450d4a3880475bb016391cbf754927
spotify:track:3otLkxciVRnUIi1WsBDp6k,1dacffd0545140b2970d73e29fe6cf33,2023-05-30T19:10:49Z,3,,e1450d4a3880475bb016391cbf754927
spotify:track:2YIOkqKgg3jZEFoL5qcEPT,1dacffd0545140b2970d73e29fe6cf33,2023-05-30T19:10:49Z,2,,e1450d4a3880475bb016391cbf754927
spotify:track:2BY7ALEWdloFHgQZG6VMLA,1dacffd0545140b2970d73e29fe6cf33,2023-05-30T19:10:49Z,3,,e1450d4a3880475bb016391cbf754927
spotify:track:7MTpNQUBKyyymbS3gPuqwQ,9bbd7b198c6447b097e31d0e543fa630,2023-05-30T19:36:39Z,2,,e1450d4a3880475bb016391cbf754927
spotify:track:0CXgX85rB5w9fAFudZGIBv,9bbd7b198c6447b097e31d0e543fa630,2023-05-30T19:36:39Z,1,,e1450d4a3880475bb016391cbf754927
spotify:track:1v5cgIyffYtfEx0swttdoE,9bbd7b198c6447b097e31d0e543fa630,2023-05-30T19:36:39Z,4,,e1450d4a3880475bb016391cbf754927
spotify:track:2BY7ALEWdloFHgQZG6VMLA,9bbd7b198c6447b097e31d0e543fa630,2023-05-30T19:36:39Z,1,,e1450d4a3880475bb016391cbf754927
spotify:track:3otLkxciVRnUIi1WsBDp6k,9bbd7b198c6447b097e31d0e543fa630,2023-05-30T19:36:39Z,1,,e1450d4a3880475bb016391cbf754927
spotify:track:4heMx0OAwfILu13Lf0VbBM,9bbd7b198c6447b097e31d0e543fa630,2023-05-30T19:36:39Z,5,,e1450d4a3880475bb016391cbf754927
spotify:track:4YXkB2Ti8KBX8dgUnhLoNg,9bbd7b198c6447b097e31d0e543fa630,2023-05-30T19:36:39Z,4,,e1450d4a3880475bb016391cbf754927
spotify:track:5LKOZSLNtUCbJhQ5Lj47rl,9bbd7b198c6447b097e31d0e543fa630,2023-05-30T19:36:39Z,2,,e1450d4a3880475bb016391cbf754927
spotify:track:4heMx0OAwfILu13Lf0VbBM,488c42f9d7e948a188f671fe126eb74a,2023-05-30T20:43:11Z,3,,e1450d4a3880475bb016391cbf754927
spotify:track:3otLkxciVRnUIi1WsBDp6k,488c42f9d7e948a188f671fe126eb74a,2023-05-30T20:43:11Z,3,,e1450d4a3880475bb016391cbf754927
spotify:track:2YIOkqKgg3jZEFoL5qcEPT,488c42f9d7e948a188f671fe126eb74a,2023-05-30T20:43:11Z,4,,e1450d4a3880475bb016391cbf754927
spotify:track:2BY7ALEWdloFHgQZG6VMLA,488c42f9d7e948a188f671fe126eb74a,2023-05-30T20:43:11Z,2,,e1450d4a3880475bb016391cbf754927
spotify:track:1v5cgIyffYtfEx0swttdoE,488c42f9d7e948a188f671fe126eb74a,2023-05-30T20:43:11Z,3,,e1450d4a3880475bb016391cbf754927
spotify:track:5LKOZSLNtUCbJhQ5Lj47rl,488c42f9d7e948a188f671fe126eb74a,2023-05-30T20:43:11Z,5,,e1450d4a3880475bb016391cbf754927
spotify:track:5LKOZSLNtUCbJhQ5Lj47rl,58386a2a504f4fd08caed77112bedc82,2023-05-31T00:05:49Z,2,,e1450d4a3880475bb016391cbf754927
spotify:track:0CXgX85rB5w9fAFudZGIBv,58386a2a504f4fd08caed77112bedc82,2023-05-31T00:05:49Z,3,,e1450d4a3880475bb016391cbf754927
spotify:track:7MTpNQUBKyyymbS3gPuqwQ,58386a2a504f4fd08caed77112bedc82,2023-05-31T00:05:49Z,2,,e1450d4a3880475bb016391cbf754927
spotify:track:2BY7ALEWdloFHgQZG6VMLA,58386a2a504f4fd08caed77112bedc82,2023-05-31T00:05:49Z,3,,e1450d4a3880475bb016391cbf754927
spotify:track:2YIOkqKgg3jZEFoL5qcEPT,58386a2a504f4fd08caed77112bedc82,2023-05-31T00:05:49Z,3,,e1450d4a3880475bb016391cbf754927
spotify:track:3otLkxciVRnUIi1WsBDp6k,58386a2a504f4fd08caed77112bedc82,2023-05-31T00:05:49Z,2,,e1450d4a3880475bb016391cbf754927
spotify:track:4heMx0OAwfILu13Lf0VbBM,58386a2a504f4fd08caed77112bedc82,2023-05-31T00:05:49Z,3,,e1450d4a3880475bb016391cbf754927
spotify:track:4YXkB2Ti8KBX8dgUnhLoNg,58386a2a504f4fd08caed77112bedc82,2023-05-31T00:05:49Z,2,,e1450d4a3880475bb016391cbf754927
spotify:track:7MTpNQUBKyyymbS3gPuqwQ,5be35bf564744df2a445fae855878c05,2023-05-31T00:15:25Z,1,,e1450d4a3880475bb016391cbf754927
spotify:track:4YXkB2Ti8KBX8dgUnhLoNg,5be35bf564744df2a445fae855878c05,2023-05-31T00:15:25Z,2,,e1450d4a3880475bb016391cbf754927
spotify:track:3otLkxciVRnUIi1WsBDp6k,5be35bf564744df2a445fae855878c05,2023-05-31T00:15:25Z,4,,e1450d4a3880475bb016391cbf754927
spotify:track:2YIOkqKgg3jZEFoL5qcEPT,5be35bf564744df2a445fae855878c05,2023-05-31T00:15:25Z,3,,e1450d4a3880475bb016391cbf754927
spotify:track:2BY7ALEWdloFHgQZG6VMLA,5be35bf564744df2a445fae855878c05,2023-05-31T00:15:25Z,2,Ok the submission comments convinced me ,e1450d4a3880475bb016391cbf754927
spotify:track:1v5cgIyffYtfEx0swttdoE,5be35bf564744df2a445fae855878c05,2023-05-31T00:15:25Z,2,,e1450d4a3880475bb016391cbf754927
spotify:track:0CXgX85rB5w9fAFudZGIBv,5be35bf564744df2a445fae855878c05,2023-05-31T00:15:25Z,3,,e1450d4a3880475bb016391cbf754927
spotify:track:5LKOZSLNtUCbJhQ5Lj47rl,5be35bf564744df2a445fae855878c05,2023-05-31T00:15:25Z,3,,e1450d4a3880475bb016391cbf754927
spotify:track:13YePtJtWMzVlLflz2NhIF,58386a2a504f4fd08caed77112bedc82,2023-06-01T02:21:15Z,6,,f0d8568f2a9d4943acd4ae7313909045
spotify:track:5Cax3xGAakyANy1tFZZ5Yv,58386a2a504f4fd08caed77112bedc82,2023-06-01T02:21:15Z,3,,f0d8568f2a9d4943acd4ae7313909045
spotify:track:5WrAMHyOgzpeI4g4I1Cdy0,58386a2a504f4fd08caed77112bedc82,2023-06-01T02:21:15Z,3,,f0d8568f2a9d4943acd4ae7313909045
spotify:track:685bKO7yPFcoSgs4JTOUE9,58386a2a504f4fd08caed77112bedc82,2023-06-01T02:21:15Z,4,,f0d8568f2a9d4943acd4ae7313909045
spotify:track:7niKxzFThgRf5fXlIYdjtZ,58386a2a504f4fd08caed77112bedc82,2023-06-01T02:21:15Z,4,,f0d8568f2a9d4943acd4ae7313909045
spotify:track:13YePtJtWMzVlLflz2NhIF,1f8ca948510946fa8edffd20518859ea,2023-06-01T04:22:06Z,7,,f0d8568f2a9d4943acd4ae7313909045
spotify:track:2CrUHRrOfkvsZAGD4sZJea,1f8ca948510946fa8edffd20518859ea,2023-06-01T04:22:06Z,6,,f0d8568f2a9d4943acd4ae7313909045
spotify:track:5mc6EyF1OIEOhAkD0Gg9Lc,1f8ca948510946fa8edffd20518859ea,2023-06-01T04:22:06Z,4,,f0d8568f2a9d4943acd4ae7313909045
spotify:track:7niKxzFThgRf5fXlIYdjtZ,1f8ca948510946fa8edffd20518859ea,2023-06-01T04:22:06Z,3,,f0d8568f2a9d4943acd4ae7313909045
spotify:track:13YePtJtWMzVlLflz2NhIF,e305e2cab85b4f929234bfdf98d6c6d0,2023-06-01T21:21:22Z,6,,f0d8568f2a9d4943acd4ae7313909045
spotify:track:2CrUHRrOfkvsZAGD4sZJea,e305e2cab85b4f929234bfdf98d6c6d0,2023-06-01T21:21:22Z,2,,f0d8568f2a9d4943acd4ae7313909045
spotify:track:5Cax3xGAakyANy1tFZZ5Yv,e305e2cab85b4f929234bfdf98d6c6d0,2023-06-01T21:21:22Z,3,,f0d8568f2a9d4943acd4ae7313909045
spotify:track:5iUQMwxUPdJBFeGkePtM66,e305e2cab85b4f929234bfdf98d6c6d0,2023-06-01T21:21:22Z,4,,f0d8568f2a9d4943acd4ae7313909045
spotify:track:5WrAMHyOgzpeI4g4I1Cdy0,e305e2cab85b4f929234bfdf98d6c6d0,2023-06-01T21:21:22Z,3,,f0d8568f2a9d4943acd4ae7313909045
spotify:track:7uJH0YdSZL6psjxI6Xy08b,e305e2cab85b4f929234bfdf98d6c6d0,2023-06-01T21:21:22Z,2,,f0d8568f2a9d4943acd4ae7313909045
spotify:track:13YePtJtWMzVlLflz2NhIF,5be35bf564744df2a445fae855878c05,2023-06-02T01:04:11Z,3,,f0d8568f2a9d4943acd4ae7313909045
spotify:track:5Cax3xGAakyANy1tFZZ5Yv,5be35bf564744df2a445fae855878c05,2023-06-02T01:04:11Z,4,,f0d8568f2a9d4943acd4ae7313909045
spotify:track:5iUQMwxUPdJBFeGkePtM66,5be35bf564744df2a445fae855878c05,2023-06-02T01:04:11Z,3,,f0d8568f2a9d4943acd4ae7313909045
spotify:track:5mc6EyF1OIEOhAkD0Gg9Lc,5be35bf564744df2a445fae855878c05,2023-06-02T01:04:11Z,1,,f0d8568f2a9d4943acd4ae7313909045
spotify:track:5WrAMHyOgzpeI4g4I1Cdy0,5be35bf564744df2a445fae855878c05,2023-06-02T01:04:11Z,4,,f0d8568f2a9d4943acd4ae7313909045
spotify:track:685bKO7yPFcoSgs4JTOUE9,5be35bf564744df2a445fae855878c05,2023-06-02T01:04:11Z,2,,f0d8568f2a9d4943acd4ae7313909045
spotify:track:7niKxzFThgRf5fXlIYdjtZ,5be35bf564744df2a445fae855878c05,2023-06-02T01:04:11Z,2,,f0d8568f2a9d4943acd4ae7313909045
spotify:track:7uJH0YdSZL6psjxI6Xy08b,5be35bf564744df2a445fae855878c05,2023-06-02T01:04:11Z,1,,f0d8568f2a9d4943acd4ae7313909045
spotify:track:13YePtJtWMzVlLflz2NhIF,bdd60b40c4ca4c78a0cbf518560cd06c,2023-06-02T02:16:54Z,3,,f0d8568f2a9d4943acd4ae7313909045
spotify:track:2CrUHRrOfkvsZAGD4sZJea,bdd60b40c4ca4c78a0cbf518560cd06c,2023-06-02T02:16:54Z,3,,f0d8568f2a9d4943acd4ae7313909045
spotify:track:5Cax3xGAakyANy1tFZZ5Yv,bdd60b40c4ca4c78a0cbf518560cd06c,2023-06-02T02:16:54Z,4,"extra points for the story. I also appreciate ""booty consumer"" to rhyme with ""humor""",f0d8568f2a9d4943acd4ae7313909045
spotify:track:5mc6EyF1OIEOhAkD0Gg9Lc,bdd60b40c4ca4c78a0cbf518560cd06c,2023-06-02T02:16:54Z,2,,f0d8568f2a9d4943acd4ae7313909045
spotify:track:5WrAMHyOgzpeI4g4I1Cdy0,bdd60b40c4ca4c78a0cbf518560cd06c,2023-06-02T02:16:54Z,2,,f0d8568f2a9d4943acd4ae7313909045
spotify:track:685bKO7yPFcoSgs4JTOUE9,bdd60b40c4ca4c78a0cbf518560cd06c,2023-06-02T02:16:54Z,1,,f0d8568f2a9d4943acd4ae7313909045
spotify:track:7niKxzFThgRf5fXlIYdjtZ,bdd60b40c4ca4c78a0cbf518560cd06c,2023-06-02T02:16:54Z,4,I do appreciate the songs here that sneak up on you. A song that is dirty all the way through could never lull you into accidentally letting it play outloud.,f0d8568f2a9d4943acd4ae7313909045
spotify:track:7uJH0YdSZL6psjxI6Xy08b,bdd60b40c4ca4c78a0cbf518560cd06c,2023-06-02T02:16:54Z,1,,f0d8568f2a9d4943acd4ae7313909045
spotify:track:13YePtJtWMzVlLflz2NhIF,fee7e973fd6f45d48299e77843f5cb17,2023-06-02T12:06:05Z,5,,f0d8568f2a9d4943acd4ae7313909045
spotify:track:2CrUHRrOfkvsZAGD4sZJea,fee7e973fd6f45d48299e77843f5cb17,2023-06-02T12:06:05Z,4,,f0d8568f2a9d4943acd4ae7313909045
spotify:track:5mc6EyF1OIEOhAkD0Gg9Lc,fee7e973fd6f45d48299e77843f5cb17,2023-06-02T12:06:05Z,2,,f0d8568f2a9d4943acd4ae7313909045
spotify:track:5WrAMHyOgzpeI4g4I1Cdy0,fee7e973fd6f45d48299e77843f5cb17,2023-06-02T12:06:05Z,3,,f0d8568f2a9d4943acd4ae7313909045
spotify:track:685bKO7yPFcoSgs4JTOUE9,fee7e973fd6f45d48299e77843f5cb17,2023-06-02T12:06:05Z,2,,f0d8568f2a9d4943acd4ae7313909045
spotify:track:7niKxzFThgRf5fXlIYdjtZ,fee7e973fd6f45d48299e77843f5cb17,2023-06-02T12:06:05Z,2,,f0d8568f2a9d4943acd4ae7313909045
spotify:track:7uJH0YdSZL6psjxI6Xy08b,fee7e973fd6f45d48299e77843f5cb17,2023-06-02T12:06:05Z,2,,f0d8568f2a9d4943acd4ae7313909045
spotify:track:5Cax3xGAakyANy1tFZZ5Yv,1dacffd0545140b2970d73e29fe6cf33,2023-06-02T14:08:44Z,10,,f0d8568f2a9d4943acd4ae7313909045
spotify:track:5WrAMHyOgzpeI4g4I1Cdy0,1dacffd0545140b2970d73e29fe6cf33,2023-06-02T14:08:44Z,10,,f0d8568f2a9d4943acd4ae7313909045
spotify:track:2CrUHRrOfkvsZAGD4sZJea,488c42f9d7e948a188f671fe126eb74a,2023-06-03T00:33:18Z,4,,f0d8568f2a9d4943acd4ae7313909045
spotify:track:5Cax3xGAakyANy1tFZZ5Yv,488c42f9d7e948a188f671fe126eb74a,2023-06-03T00:33:18Z,1,,f0d8568f2a9d4943acd4ae7313909045
spotify:track:5iUQMwxUPdJBFeGkePtM66,488c42f9d7e948a188f671fe126eb74a,2023-06-03T00:33:18Z,3,,f0d8568f2a9d4943acd4ae7313909045
spotify:track:5mc6EyF1OIEOhAkD0Gg9Lc,488c42f9d7e948a188f671fe126eb74a,2023-06-03T00:33:18Z,4,,f0d8568f2a9d4943acd4ae7313909045
spotify:track:5WrAMHyOgzpeI4g4I1Cdy0,488c42f9d7e948a188f671fe126eb74a,2023-06-03T00:33:18Z,1,,f0d8568f2a9d4943acd4ae7313909045
spotify:track:685bKO7yPFcoSgs4JTOUE9,488c42f9d7e948a188f671fe126eb74a,2023-06-03T00:33:18Z,5,,f0d8568f2a9d4943acd4ae7313909045
spotify:track:7niKxzFThgRf5fXlIYdjtZ,488c42f9d7e948a188f671fe126eb74a,2023-06-03T00:33:18Z,2,,f0d8568f2a9d4943acd4ae7313909045
spotify:track:13YePtJtWMzVlLflz2NhIF,9bbd7b198c6447b097e31d0e543fa630,2023-06-03T00:51:42Z,4,,f0d8568f2a9d4943acd4ae7313909045
spotify:track:5Cax3xGAakyANy1tFZZ5Yv,9bbd7b198c6447b097e31d0e543fa630,2023-06-03T00:51:42Z,2,,f0d8568f2a9d4943acd4ae7313909045
spotify:track:5iUQMwxUPdJBFeGkePtM66,9bbd7b198c6447b097e31d0e543fa630,2023-06-03T00:51:42Z,4,,f0d8568f2a9d4943acd4ae7313909045
spotify:track:5mc6EyF1OIEOhAkD0Gg9Lc,9bbd7b198c6447b097e31d0e543fa630,2023-06-03T00:51:42Z,3,,f0d8568f2a9d4943acd4ae7313909045
spotify:track:5WrAMHyOgzpeI4g4I1Cdy0,9bbd7b198c6447b097e31d0e543fa630,2023-06-03T00:51:42Z,5,Points for Patton,f0d8568f2a9d4943acd4ae7313909045
spotify:track:685bKO7yPFcoSgs4JTOUE9,9bbd7b198c6447b097e31d0e543fa630,2023-06-03T00:51:42Z,2,,f0d8568f2a9d4943acd4ae7313909045
spotify:track:0BCPKOYdS2jbQ8iyB56Zns,1f8ca948510946fa8edffd20518859ea,2023-06-05T02:23:00Z,4,,179bdba0b65b487eb436a50a6250ee16
spotify:track:4CeeEOM32jQcH3eN9Q2dGj,1f8ca948510946fa8edffd20518859ea,2023-06-05T02:23:00Z,8,,179bdba0b65b487eb436a50a6250ee16
spotify:track:0yp3TvJNlG50Q4tAHWNCRm,1f8ca948510946fa8edffd20518859ea,2023-06-05T02:23:00Z,6,,179bdba0b65b487eb436a50a6250ee16
spotify:track:0HqZX76SFLDz2aW8aiqi7G,1f8ca948510946fa8edffd20518859ea,2023-06-05T02:23:00Z,2,,179bdba0b65b487eb436a50a6250ee16
spotify:track:5DI9jxTHrEiFAhStG7VA8E,58386a2a504f4fd08caed77112bedc82,2023-06-05T02:43:00Z,3,,179bdba0b65b487eb436a50a6250ee16
spotify:track:0BCPKOYdS2jbQ8iyB56Zns,58386a2a504f4fd08caed77112bedc82,2023-06-05T02:43:00Z,5,,179bdba0b65b487eb436a50a6250ee16
spotify:track:0bYg9bo50gSsH3LtXe2SQn,58386a2a504f4fd08caed77112bedc82,2023-06-05T02:43:00Z,3,,179bdba0b65b487eb436a50a6250ee16
spotify:track:0yp3TvJNlG50Q4tAHWNCRm,58386a2a504f4fd08caed77112bedc82,2023-06-05T02:43:00Z,6,,179bdba0b65b487eb436a50a6250ee16
spotify:track:39LLxExYz6ewLAcYrzQQyP,58386a2a504f4fd08caed77112bedc82,2023-06-05T02:43:00Z,3,,179bdba0b65b487eb436a50a6250ee16
spotify:track:0HqZX76SFLDz2aW8aiqi7G,5be35bf564744df2a445fae855878c05,2023-06-05T12:35:07Z,1,,179bdba0b65b487eb436a50a6250ee16
spotify:track:0bYg9bo50gSsH3LtXe2SQn,5be35bf564744df2a445fae855878c05,2023-06-05T12:35:07Z,4,,179bdba0b65b487eb436a50a6250ee16
spotify:track:0BCPKOYdS2jbQ8iyB56Zns,5be35bf564744df2a445fae855878c05,2023-06-05T12:35:07Z,3,,179bdba0b65b487eb436a50a6250ee16
spotify:track:5DI9jxTHrEiFAhStG7VA8E,5be35bf564744df2a445fae855878c05,2023-06-05T12:35:07Z,2,,179bdba0b65b487eb436a50a6250ee16
spotify:track:5pfJsMwoRYKampPay8amX0,5be35bf564744df2a445fae855878c05,2023-06-05T12:35:07Z,3,,179bdba0b65b487eb436a50a6250ee16
spotify:track:4CeeEOM32jQcH3eN9Q2dGj,5be35bf564744df2a445fae855878c05,2023-06-05T12:35:07Z,4,,179bdba0b65b487eb436a50a6250ee16
spotify:track:0yp3TvJNlG50Q4tAHWNCRm,5be35bf564744df2a445fae855878c05,2023-06-05T12:35:07Z,3,,179bdba0b65b487eb436a50a6250ee16
spotify:track:0BCPKOYdS2jbQ8iyB56Zns,e305e2cab85b4f929234bfdf98d6c6d0,2023-06-05T17:55:36Z,1,,179bdba0b65b487eb436a50a6250ee16
spotify:track:5pfJsMwoRYKampPay8amX0,e305e2cab85b4f929234bfdf98d6c6d0,2023-06-05T17:55:36Z,2,,179bdba0b65b487eb436a50a6250ee16
spotify:track:5DI9jxTHrEiFAhStG7VA8E,e305e2cab85b4f929234bfdf98d6c6d0,2023-06-05T17:55:36Z,6,"Great song, but I'm also very swayed by its use in Broad City ( https://www.youtube.com/watch?v=3tDN5DYsNk0 )",179bdba0b65b487eb436a50a6250ee16
spotify:track:4CeeEOM32jQcH3eN9Q2dGj,e305e2cab85b4f929234bfdf98d6c6d0,2023-06-05T17:55:36Z,2,,179bdba0b65b487eb436a50a6250ee16
spotify:track:39LLxExYz6ewLAcYrzQQyP,e305e2cab85b4f929234bfdf98d6c6d0,2023-06-05T17:55:36Z,6,"Now, if you'd have said ""Physical"" I'd have gone all 10 points (came very close to submitting it myself)",179bdba0b65b487eb436a50a6250ee16
spotify:track:0HqZX76SFLDz2aW8aiqi7G,e305e2cab85b4f929234bfdf98d6c6d0,2023-06-05T17:55:36Z,1,,179bdba0b65b487eb436a50a6250ee16
spotify:track:0bYg9bo50gSsH3LtXe2SQn,e305e2cab85b4f929234bfdf98d6c6d0,2023-06-05T17:55:36Z,2,,179bdba0b65b487eb436a50a6250ee16
spotify:track:0bYg9bo50gSsH3LtXe2SQn,fee7e973fd6f45d48299e77843f5cb17,2023-06-05T20:59:03Z,6,,179bdba0b65b487eb436a50a6250ee16
spotify:track:0BCPKOYdS2jbQ8iyB56Zns,fee7e973fd6f45d48299e77843f5cb17,2023-06-05T20:59:03Z,2,,179bdba0b65b487eb436a50a6250ee16
spotify:track:0yp3TvJNlG50Q4tAHWNCRm,fee7e973fd6f45d48299e77843f5cb17,2023-06-05T20:59:03Z,1,,179bdba0b65b487eb436a50a6250ee16
spotify:track:39LLxExYz6ewLAcYrzQQyP,fee7e973fd6f45d48299e77843f5cb17,2023-06-05T20:59:03Z,2,,179bdba0b65b487eb436a50a6250ee16
spotify:track:4CeeEOM32jQcH3eN9Q2dGj,fee7e973fd6f45d48299e77843f5cb17,2023-06-05T20:59:03Z,2,,179bdba0b65b487eb436a50a6250ee16
spotify:track:5DI9jxTHrEiFAhStG7VA8E,fee7e973fd6f45d48299e77843f5cb17,2023-06-05T20:59:03Z,1,,179bdba0b65b487eb436a50a6250ee16
spotify:track:5pfJsMwoRYKampPay8amX0,fee7e973fd6f45d48299e77843f5cb17,2023-06-05T20:59:03Z,6,,179bdba0b65b487eb436a50a6250ee16
spotify:track:0HqZX76SFLDz2aW8aiqi7G,bdd60b40c4ca4c78a0cbf518560cd06c,2023-06-06T02:15:38Z,0,I can't do it,179bdba0b65b487eb436a50a6250ee16
spotify:track:0yp3TvJNlG50Q4tAHWNCRm,bdd60b40c4ca4c78a0cbf518560cd06c,2023-06-06T02:15:38Z,6,Great choice!,179bdba0b65b487eb436a50a6250ee16
spotify:track:39LLxExYz6ewLAcYrzQQyP,bdd60b40c4ca4c78a0cbf518560cd06c,2023-06-06T02:15:38Z,5,,179bdba0b65b487eb436a50a6250ee16
spotify:track:0bYg9bo50gSsH3LtXe2SQn,bdd60b40c4ca4c78a0cbf518560cd06c,2023-06-06T02:15:38Z,2,"I appreciate your honesty, and I'll give you some points for that.... but I just can't hear this again.",179bdba0b65b487eb436a50a6250ee16
spotify:track:4CeeEOM32jQcH3eN9Q2dGj,bdd60b40c4ca4c78a0cbf518560cd06c,2023-06-06T02:15:38Z,6,,179bdba0b65b487eb436a50a6250ee16
spotify:track:5pfJsMwoRYKampPay8amX0,bdd60b40c4ca4c78a0cbf518560cd06c,2023-06-06T02:15:38Z,1,This is so hard to listen to. A point for your sheer force of will getting through it.,179bdba0b65b487eb436a50a6250ee16
spotify:track:4CeeEOM32jQcH3eN9Q2dGj,9bbd7b198c6447b097e31d0e543fa630,2023-06-06T15:52:04Z,6,,179bdba0b65b487eb436a50a6250ee16
spotify:track:0bYg9bo50gSsH3LtXe2SQn,9bbd7b198c6447b097e31d0e543fa630,2023-06-06T15:52:04Z,4,,179bdba0b65b487eb436a50a6250ee16
spotify:track:0yp3TvJNlG50Q4tAHWNCRm,9bbd7b198c6447b097e31d0e543fa630,2023-06-06T15:52:04Z,6,,179bdba0b65b487eb436a50a6250ee16
spotify:track:39LLxExYz6ewLAcYrzQQyP,9bbd7b198c6447b097e31d0e543fa630,2023-06-06T15:52:04Z,2,,179bdba0b65b487eb436a50a6250ee16
spotify:track:5DI9jxTHrEiFAhStG7VA8E,9bbd7b198c6447b097e31d0e543fa630,2023-06-06T15:52:04Z,1,,179bdba0b65b487eb436a50a6250ee16
spotify:track:5pfJsMwoRYKampPay8amX0,9bbd7b198c6447b097e31d0e543fa630,2023-06-06T15:52:04Z,1,,179bdba0b65b487eb436a50a6250ee16
spotify:track:4CeeEOM32jQcH3eN9Q2dGj,488c42f9d7e948a188f671fe126eb74a,2023-06-06T20:35:36Z,6,,179bdba0b65b487eb436a50a6250ee16
spotify:track:39LLxExYz6ewLAcYrzQQyP,488c42f9d7e948a188f671fe126eb74a,2023-06-06T20:35:36Z,4,,179bdba0b65b487eb436a50a6250ee16
spotify:track:0yp3TvJNlG50Q4tAHWNCRm,488c42f9d7e948a188f671fe126eb74a,2023-06-06T20:35:36Z,5,,179bdba0b65b487eb436a50a6250ee16
spotify:track:0HqZX76SFLDz2aW8aiqi7G,488c42f9d7e948a188f671fe126eb74a,2023-06-06T20:35:36Z,0,🙅‍♂️🙅‍♂️🙅‍♂️🙅‍♂️🙅‍♂️🙅‍♂️🙅‍♂️🙅‍♂️,179bdba0b65b487eb436a50a6250ee16
spotify:track:0bYg9bo50gSsH3LtXe2SQn,488c42f9d7e948a188f671fe126eb74a,2023-06-06T20:35:36Z,3,"I'm Switzerland in this yearly debate. I don't hate it, but it's not on repeat throughout the season.",179bdba0b65b487eb436a50a6250ee16
spotify:track:0BCPKOYdS2jbQ8iyB56Zns,488c42f9d7e948a188f671fe126eb74a,2023-06-06T20:35:36Z,2,,179bdba0b65b487eb436a50a6250ee16
