ID,Name
1dacffd0545140b2970d73e29fe6cf33,James Knapp
58386a2a504f4fd08caed77112bedc82,Sean Planesonasnake Fallon
6f242fee70fa48f39bcd637c09e46ea8,Eric Degliomini
7bacef1749b6413995f69a98ea5c5692,drakirby
8be09f03fa73411fbe152872376053d5,Mac McCarthy
ac2cbacc715846dba121cab12050f0c1,Carter138
bdd60b40c4ca4c78a0cbf518560cd06c,Matt McInerney
d16b02d16f77415da273094af63d462e,Bex
e305e2cab85b4f929234bfdf98d6c6d0,Orderly
fd4c3b50daf548ffa16be6f215d5b883,ciaracha
fee7e973fd6f45d48299e77843f5cb17,pattsully
