Spotify URI,Voter ID,Created,Points Assigned,Comment,Round ID
spotify:track:13t9pPIr9xb1GrpSXEj16h,fd4c3b50daf548ffa16be6f215d5b883,2024-05-07T12:55:11Z,6,"aw class haha. Great vibes. Excellent ""as the credits roll"" choice here which makes great sense for this round. ""All the pretty birds have flown, now I'm dancing on my own"", it really works in this context. It is like a person who made a deal with the devil as a teenager to do whatever it takes to become the King of Rock and Roll and he becomes it but at the expense of the world",b29fa5214a6444f19da0a338137760c6
spotify:track:2d3e3Vi4AeB52khjI4TyyJ,fd4c3b50daf548ffa16be6f215d5b883,2024-05-07T12:55:11Z,1,I've never played Fallout and I don't know if this then counts as an obvious choice? I mean it definitely works lyrically but not loving the song,b29fa5214a6444f19da0a338137760c6
spotify:track:3aQ9MHkMeL7Yu7jpyF62xn,fd4c3b50daf548ffa16be6f215d5b883,2024-05-07T12:55:11Z,3,"this sounds like it would play for the person who caused the end of the world with a wrong snap decision and they have to face the ultimate consequences, really enjoying this",b29fa5214a6444f19da0a338137760c6
spotify:track:3bNnArQSuiZXCQCtpqppSv,fd4c3b50daf548ffa16be6f215d5b883,2024-05-07T12:55:11Z,3,this is patient 0 who was first infected with the zombie mutation that wipes out the planet- but the first guy is like this steroid-taking bodybuilder who uses the mutation as an excuse to go around aboslutely obliterating everyone around him ,b29fa5214a6444f19da0a338137760c6
spotify:track:4VgSAJr33E8dkG9bseg1TH,fd4c3b50daf548ffa16be6f215d5b883,2024-05-07T12:55:11Z,4,"this is great!! It's the scientist who created the nukes that have brought on the end of the world as part of a government job he was just working on so that he'd have a steady job, and he's watching them take off and realising the weight of his actions. Great choice",b29fa5214a6444f19da0a338137760c6
spotify:track:5YzckYO7G171MHg1UqkxJY,fd4c3b50daf548ffa16be6f215d5b883,2024-05-07T12:55:11Z,4,yeah Ladytron! Excellent choice - it's like the world speaking directly to humanity,b29fa5214a6444f19da0a338137760c6
spotify:track:6MfewqE5UpoC66eJ11OvlE,fd4c3b50daf548ffa16be6f215d5b883,2024-05-07T12:55:11Z,4,this is such a good choice for this round and super funky to boot,b29fa5214a6444f19da0a338137760c6
spotify:track:777zXDJpBufzttU4AJ2dGO,fd4c3b50daf548ffa16be6f215d5b883,2024-05-07T12:55:11Z,2,"again, is a Fallout song an obvious choice? This does work, and feels a bit like a villain who actually does indeed want an excuse to burn the world down and is manipulating this woman into thinking it will be her fault when he does it",b29fa5214a6444f19da0a338137760c6
spotify:track:7ee1XEOzZgzTQWNaiHZvKY,fd4c3b50daf548ffa16be6f215d5b883,2024-05-07T12:55:11Z,3,"aw this is a class choice. Has this woman lured the person into ending the world and then disappearing, like an evil genie? The vibes of this is so great",b29fa5214a6444f19da0a338137760c6
spotify:track:13t9pPIr9xb1GrpSXEj16h,1dacffd0545140b2970d73e29fe6cf33,2024-05-07T13:28:05Z,3,,b29fa5214a6444f19da0a338137760c6
spotify:track:2d3e3Vi4AeB52khjI4TyyJ,1dacffd0545140b2970d73e29fe6cf33,2024-05-07T13:28:05Z,5,,b29fa5214a6444f19da0a338137760c6
spotify:track:3aQ9MHkMeL7Yu7jpyF62xn,1dacffd0545140b2970d73e29fe6cf33,2024-05-07T13:28:05Z,1,,b29fa5214a6444f19da0a338137760c6
spotify:track:3bNnArQSuiZXCQCtpqppSv,1dacffd0545140b2970d73e29fe6cf33,2024-05-07T13:28:05Z,4,,b29fa5214a6444f19da0a338137760c6
spotify:track:6MfewqE5UpoC66eJ11OvlE,1dacffd0545140b2970d73e29fe6cf33,2024-05-07T13:28:05Z,2,,b29fa5214a6444f19da0a338137760c6
spotify:track:777zXDJpBufzttU4AJ2dGO,1dacffd0545140b2970d73e29fe6cf33,2024-05-07T13:28:05Z,6,Classic,b29fa5214a6444f19da0a338137760c6
spotify:track:7ee1XEOzZgzTQWNaiHZvKY,1dacffd0545140b2970d73e29fe6cf33,2024-05-07T13:28:05Z,9,Great choice,b29fa5214a6444f19da0a338137760c6
spotify:track:13t9pPIr9xb1GrpSXEj16h,bdd60b40c4ca4c78a0cbf518560cd06c,2024-05-07T15:30:16Z,4,I bet there was meant to be a comment here but i like it,b29fa5214a6444f19da0a338137760c6
spotify:track:2d3e3Vi4AeB52khjI4TyyJ,bdd60b40c4ca4c78a0cbf518560cd06c,2024-05-07T15:30:16Z,1,"ehhhh, too on the nose",b29fa5214a6444f19da0a338137760c6
spotify:track:3aQ9MHkMeL7Yu7jpyF62xn,bdd60b40c4ca4c78a0cbf518560cd06c,2024-05-07T15:30:16Z,0,"""What did you think of your own song?""
I think it's a great choice. Guess this is just a feature now!",b29fa5214a6444f19da0a338137760c6
spotify:track:3bNnArQSuiZXCQCtpqppSv,bdd60b40c4ca4c78a0cbf518560cd06c,2024-05-07T15:30:16Z,2,,b29fa5214a6444f19da0a338137760c6
spotify:track:4VgSAJr33E8dkG9bseg1TH,bdd60b40c4ca4c78a0cbf518560cd06c,2024-05-07T15:30:16Z,4,,b29fa5214a6444f19da0a338137760c6
spotify:track:5YzckYO7G171MHg1UqkxJY,bdd60b40c4ca4c78a0cbf518560cd06c,2024-05-07T15:30:16Z,4,,b29fa5214a6444f19da0a338137760c6
spotify:track:6MfewqE5UpoC66eJ11OvlE,bdd60b40c4ca4c78a0cbf518560cd06c,2024-05-07T15:30:16Z,4,,b29fa5214a6444f19da0a338137760c6
spotify:track:777zXDJpBufzttU4AJ2dGO,bdd60b40c4ca4c78a0cbf518560cd06c,2024-05-07T15:30:16Z,1,good but also a too on the nose to just pick a fallout song,b29fa5214a6444f19da0a338137760c6
spotify:track:7ddGC67DasWO30q5YepUJe,bdd60b40c4ca4c78a0cbf518560cd06c,2024-05-07T15:30:16Z,4,,b29fa5214a6444f19da0a338137760c6
spotify:track:7ee1XEOzZgzTQWNaiHZvKY,bdd60b40c4ca4c78a0cbf518560cd06c,2024-05-07T15:30:16Z,6,solid,b29fa5214a6444f19da0a338137760c6
spotify:track:2d3e3Vi4AeB52khjI4TyyJ,ac2cbacc715846dba121cab12050f0c1,2024-05-07T19:02:31Z,8,I'm a sucker for anything Fallout...,b29fa5214a6444f19da0a338137760c6
spotify:track:3aQ9MHkMeL7Yu7jpyF62xn,ac2cbacc715846dba121cab12050f0c1,2024-05-07T19:02:31Z,1,,b29fa5214a6444f19da0a338137760c6
spotify:track:3bNnArQSuiZXCQCtpqppSv,ac2cbacc715846dba121cab12050f0c1,2024-05-07T19:02:31Z,3,,b29fa5214a6444f19da0a338137760c6
spotify:track:4VgSAJr33E8dkG9bseg1TH,ac2cbacc715846dba121cab12050f0c1,2024-05-07T19:02:31Z,0,This is just not the genre or vibe I think of at all when I think end of the world,b29fa5214a6444f19da0a338137760c6
spotify:track:5YzckYO7G171MHg1UqkxJY,ac2cbacc715846dba121cab12050f0c1,2024-05-07T19:02:31Z,7,,b29fa5214a6444f19da0a338137760c6
spotify:track:6MfewqE5UpoC66eJ11OvlE,ac2cbacc715846dba121cab12050f0c1,2024-05-07T19:02:31Z,4,,b29fa5214a6444f19da0a338137760c6
spotify:track:7ddGC67DasWO30q5YepUJe,ac2cbacc715846dba121cab12050f0c1,2024-05-07T19:02:31Z,3,,b29fa5214a6444f19da0a338137760c6
spotify:track:7ee1XEOzZgzTQWNaiHZvKY,ac2cbacc715846dba121cab12050f0c1,2024-05-07T19:02:31Z,4,,b29fa5214a6444f19da0a338137760c6
spotify:track:2d3e3Vi4AeB52khjI4TyyJ,e305e2cab85b4f929234bfdf98d6c6d0,2024-05-07T20:16:14Z,5,,b29fa5214a6444f19da0a338137760c6
spotify:track:3aQ9MHkMeL7Yu7jpyF62xn,e305e2cab85b4f929234bfdf98d6c6d0,2024-05-07T20:16:14Z,4,,b29fa5214a6444f19da0a338137760c6
spotify:track:3bNnArQSuiZXCQCtpqppSv,e305e2cab85b4f929234bfdf98d6c6d0,2024-05-07T20:16:14Z,4,,b29fa5214a6444f19da0a338137760c6
spotify:track:4VgSAJr33E8dkG9bseg1TH,e305e2cab85b4f929234bfdf98d6c6d0,2024-05-07T20:16:14Z,4,,b29fa5214a6444f19da0a338137760c6
spotify:track:6MfewqE5UpoC66eJ11OvlE,e305e2cab85b4f929234bfdf98d6c6d0,2024-05-07T20:16:14Z,4,strong Jazz Emu vibes,b29fa5214a6444f19da0a338137760c6
spotify:track:777zXDJpBufzttU4AJ2dGO,e305e2cab85b4f929234bfdf98d6c6d0,2024-05-07T20:16:14Z,5,,b29fa5214a6444f19da0a338137760c6
spotify:track:7ee1XEOzZgzTQWNaiHZvKY,e305e2cab85b4f929234bfdf98d6c6d0,2024-05-07T20:16:14Z,4,,b29fa5214a6444f19da0a338137760c6
spotify:track:3aQ9MHkMeL7Yu7jpyF62xn,6f242fee70fa48f39bcd637c09e46ea8,2024-05-07T20:27:08Z,4,,b29fa5214a6444f19da0a338137760c6
spotify:track:3bNnArQSuiZXCQCtpqppSv,6f242fee70fa48f39bcd637c09e46ea8,2024-05-07T20:27:08Z,3,,b29fa5214a6444f19da0a338137760c6
spotify:track:4VgSAJr33E8dkG9bseg1TH,6f242fee70fa48f39bcd637c09e46ea8,2024-05-07T20:27:08Z,8,The most roll credits song on here!,b29fa5214a6444f19da0a338137760c6
spotify:track:5YzckYO7G171MHg1UqkxJY,6f242fee70fa48f39bcd637c09e46ea8,2024-05-07T20:27:08Z,4,,b29fa5214a6444f19da0a338137760c6
spotify:track:6MfewqE5UpoC66eJ11OvlE,6f242fee70fa48f39bcd637c09e46ea8,2024-05-07T20:27:08Z,5,,b29fa5214a6444f19da0a338137760c6
spotify:track:7ddGC67DasWO30q5YepUJe,6f242fee70fa48f39bcd637c09e46ea8,2024-05-07T20:27:08Z,2,,b29fa5214a6444f19da0a338137760c6
spotify:track:7ee1XEOzZgzTQWNaiHZvKY,6f242fee70fa48f39bcd637c09e46ea8,2024-05-07T20:27:08Z,4,,b29fa5214a6444f19da0a338137760c6
spotify:track:13t9pPIr9xb1GrpSXEj16h,8be09f03fa73411fbe152872376053d5,2024-05-07T20:47:27Z,8,,b29fa5214a6444f19da0a338137760c6
spotify:track:3aQ9MHkMeL7Yu7jpyF62xn,8be09f03fa73411fbe152872376053d5,2024-05-07T20:47:27Z,3,,b29fa5214a6444f19da0a338137760c6
spotify:track:4VgSAJr33E8dkG9bseg1TH,8be09f03fa73411fbe152872376053d5,2024-05-07T20:47:27Z,4,,b29fa5214a6444f19da0a338137760c6
spotify:track:5YzckYO7G171MHg1UqkxJY,8be09f03fa73411fbe152872376053d5,2024-05-07T20:47:27Z,5,,b29fa5214a6444f19da0a338137760c6
spotify:track:6MfewqE5UpoC66eJ11OvlE,8be09f03fa73411fbe152872376053d5,2024-05-07T20:47:27Z,1,,b29fa5214a6444f19da0a338137760c6
spotify:track:7ddGC67DasWO30q5YepUJe,8be09f03fa73411fbe152872376053d5,2024-05-07T20:47:27Z,2,,b29fa5214a6444f19da0a338137760c6
spotify:track:7ee1XEOzZgzTQWNaiHZvKY,8be09f03fa73411fbe152872376053d5,2024-05-07T20:47:27Z,7,,b29fa5214a6444f19da0a338137760c6
spotify:track:13t9pPIr9xb1GrpSXEj16h,58386a2a504f4fd08caed77112bedc82,2024-05-08T02:06:37Z,5,,b29fa5214a6444f19da0a338137760c6
spotify:track:2d3e3Vi4AeB52khjI4TyyJ,58386a2a504f4fd08caed77112bedc82,2024-05-08T02:06:37Z,3,,b29fa5214a6444f19da0a338137760c6
spotify:track:3aQ9MHkMeL7Yu7jpyF62xn,58386a2a504f4fd08caed77112bedc82,2024-05-08T02:06:37Z,4,,b29fa5214a6444f19da0a338137760c6
spotify:track:3bNnArQSuiZXCQCtpqppSv,58386a2a504f4fd08caed77112bedc82,2024-05-08T02:06:37Z,3,,b29fa5214a6444f19da0a338137760c6
spotify:track:5YzckYO7G171MHg1UqkxJY,58386a2a504f4fd08caed77112bedc82,2024-05-08T02:06:37Z,5,,b29fa5214a6444f19da0a338137760c6
spotify:track:6MfewqE5UpoC66eJ11OvlE,58386a2a504f4fd08caed77112bedc82,2024-05-08T02:06:37Z,5,,b29fa5214a6444f19da0a338137760c6
spotify:track:7ddGC67DasWO30q5YepUJe,58386a2a504f4fd08caed77112bedc82,2024-05-08T02:06:37Z,5,,b29fa5214a6444f19da0a338137760c6
spotify:track:13t9pPIr9xb1GrpSXEj16h,fee7e973fd6f45d48299e77843f5cb17,2024-05-08T18:19:43Z,1,,b29fa5214a6444f19da0a338137760c6
spotify:track:2d3e3Vi4AeB52khjI4TyyJ,fee7e973fd6f45d48299e77843f5cb17,2024-05-08T18:19:43Z,4,,b29fa5214a6444f19da0a338137760c6
spotify:track:3aQ9MHkMeL7Yu7jpyF62xn,fee7e973fd6f45d48299e77843f5cb17,2024-05-08T18:19:43Z,7,Absolute banger,b29fa5214a6444f19da0a338137760c6
spotify:track:3bNnArQSuiZXCQCtpqppSv,fee7e973fd6f45d48299e77843f5cb17,2024-05-08T18:19:43Z,1,,b29fa5214a6444f19da0a338137760c6
spotify:track:4VgSAJr33E8dkG9bseg1TH,fee7e973fd6f45d48299e77843f5cb17,2024-05-08T18:19:43Z,1,,b29fa5214a6444f19da0a338137760c6
spotify:track:5YzckYO7G171MHg1UqkxJY,fee7e973fd6f45d48299e77843f5cb17,2024-05-08T18:19:43Z,3,,b29fa5214a6444f19da0a338137760c6
spotify:track:777zXDJpBufzttU4AJ2dGO,fee7e973fd6f45d48299e77843f5cb17,2024-05-08T18:19:43Z,3,,b29fa5214a6444f19da0a338137760c6
spotify:track:7ddGC67DasWO30q5YepUJe,fee7e973fd6f45d48299e77843f5cb17,2024-05-08T18:19:43Z,7,"Let me hear that sooooong, that song, s-song song song",b29fa5214a6444f19da0a338137760c6
spotify:track:7ee1XEOzZgzTQWNaiHZvKY,fee7e973fd6f45d48299e77843f5cb17,2024-05-08T18:19:43Z,3,,b29fa5214a6444f19da0a338137760c6
spotify:track:13t9pPIr9xb1GrpSXEj16h,7bacef1749b6413995f69a98ea5c5692,2024-05-08T21:20:21Z,0,not a fan sorry :(,b29fa5214a6444f19da0a338137760c6
spotify:track:3aQ9MHkMeL7Yu7jpyF62xn,7bacef1749b6413995f69a98ea5c5692,2024-05-08T21:20:21Z,8,i love it,b29fa5214a6444f19da0a338137760c6
spotify:track:3bNnArQSuiZXCQCtpqppSv,7bacef1749b6413995f69a98ea5c5692,2024-05-08T21:20:21Z,0,not a fan sorry :(,b29fa5214a6444f19da0a338137760c6
spotify:track:4VgSAJr33E8dkG9bseg1TH,7bacef1749b6413995f69a98ea5c5692,2024-05-08T21:20:21Z,3,i can vibe,b29fa5214a6444f19da0a338137760c6
spotify:track:5YzckYO7G171MHg1UqkxJY,7bacef1749b6413995f69a98ea5c5692,2024-05-08T21:20:21Z,3,i like the lyrics,b29fa5214a6444f19da0a338137760c6
spotify:track:6MfewqE5UpoC66eJ11OvlE,7bacef1749b6413995f69a98ea5c5692,2024-05-08T21:20:21Z,1,meh,b29fa5214a6444f19da0a338137760c6
spotify:track:777zXDJpBufzttU4AJ2dGO,7bacef1749b6413995f69a98ea5c5692,2024-05-08T21:20:21Z,10,perfecto. we were on the same wavelength here,b29fa5214a6444f19da0a338137760c6
spotify:track:7ddGC67DasWO30q5YepUJe,7bacef1749b6413995f69a98ea5c5692,2024-05-08T21:20:21Z,1,meh,b29fa5214a6444f19da0a338137760c6
spotify:track:7ee1XEOzZgzTQWNaiHZvKY,7bacef1749b6413995f69a98ea5c5692,2024-05-08T21:20:21Z,4,i definitely see the end credits angle,b29fa5214a6444f19da0a338137760c6
spotify:track:4MdRPb5iKrshLPOB5J9gaq,8be09f03fa73411fbe152872376053d5,2024-05-10T14:50:55Z,3,,20ebde3e4d684e6191dac4111dcf1a0b
spotify:track:4x4e63yL8r7tOFcZ0n6KHe,8be09f03fa73411fbe152872376053d5,2024-05-10T14:50:55Z,4,,20ebde3e4d684e6191dac4111dcf1a0b
spotify:track:5bVOX6eyHsML2sB4aMlZEi,8be09f03fa73411fbe152872376053d5,2024-05-10T14:50:55Z,6,,20ebde3e4d684e6191dac4111dcf1a0b
spotify:track:2zMJN9JvDlvGP4jB03l1Bz,8be09f03fa73411fbe152872376053d5,2024-05-10T14:50:55Z,3,,20ebde3e4d684e6191dac4111dcf1a0b
spotify:track:5KLKSxNQQqg8hOaHVqEwuk,8be09f03fa73411fbe152872376053d5,2024-05-10T14:50:55Z,2,,20ebde3e4d684e6191dac4111dcf1a0b
spotify:track:5yDqUTEQVuhE3TT3l2ltlB,8be09f03fa73411fbe152872376053d5,2024-05-10T14:50:55Z,8,,20ebde3e4d684e6191dac4111dcf1a0b
spotify:track:6K5BAf4pGQk4SGIWEX98Is,8be09f03fa73411fbe152872376053d5,2024-05-10T14:50:55Z,2,,20ebde3e4d684e6191dac4111dcf1a0b
spotify:track:7CtCjpW332TJIPK7D3TQ9p,8be09f03fa73411fbe152872376053d5,2024-05-10T14:50:55Z,2,,20ebde3e4d684e6191dac4111dcf1a0b
spotify:track:1aZfq7TK3tNl9XJLkOpwKw,e305e2cab85b4f929234bfdf98d6c6d0,2024-05-12T17:49:43Z,1,,20ebde3e4d684e6191dac4111dcf1a0b
spotify:track:2zMJN9JvDlvGP4jB03l1Bz,e305e2cab85b4f929234bfdf98d6c6d0,2024-05-12T17:49:43Z,3,,20ebde3e4d684e6191dac4111dcf1a0b
spotify:track:4MdRPb5iKrshLPOB5J9gaq,e305e2cab85b4f929234bfdf98d6c6d0,2024-05-12T17:49:43Z,5,,20ebde3e4d684e6191dac4111dcf1a0b
spotify:track:4x4e63yL8r7tOFcZ0n6KHe,e305e2cab85b4f929234bfdf98d6c6d0,2024-05-12T17:49:43Z,4,,20ebde3e4d684e6191dac4111dcf1a0b
spotify:track:5bVOX6eyHsML2sB4aMlZEi,e305e2cab85b4f929234bfdf98d6c6d0,2024-05-12T17:49:43Z,3,,20ebde3e4d684e6191dac4111dcf1a0b
spotify:track:5KLKSxNQQqg8hOaHVqEwuk,e305e2cab85b4f929234bfdf98d6c6d0,2024-05-12T17:49:43Z,2,,20ebde3e4d684e6191dac4111dcf1a0b
spotify:track:5yDqUTEQVuhE3TT3l2ltlB,e305e2cab85b4f929234bfdf98d6c6d0,2024-05-12T17:49:43Z,3,,20ebde3e4d684e6191dac4111dcf1a0b
spotify:track:6K5BAf4pGQk4SGIWEX98Is,e305e2cab85b4f929234bfdf98d6c6d0,2024-05-12T17:49:43Z,5,,20ebde3e4d684e6191dac4111dcf1a0b
spotify:track:6PkHFPxrvlXXVnJTONwsjc,e305e2cab85b4f929234bfdf98d6c6d0,2024-05-12T17:49:43Z,4,,20ebde3e4d684e6191dac4111dcf1a0b
spotify:track:1aZfq7TK3tNl9XJLkOpwKw,fd4c3b50daf548ffa16be6f215d5b883,2024-05-12T19:32:29Z,2,Hmmm not sure how I feel about the loophole here.... but can't argue that it's an incredible song and a great choice. Not as many points as I would have awarded if the loophole wasn't there,20ebde3e4d684e6191dac4111dcf1a0b
spotify:track:2zMJN9JvDlvGP4jB03l1Bz,fd4c3b50daf548ffa16be6f215d5b883,2024-05-12T19:32:29Z,5,Objectively fantastic song. Hot mama coming through,20ebde3e4d684e6191dac4111dcf1a0b
spotify:track:4MdRPb5iKrshLPOB5J9gaq,fd4c3b50daf548ffa16be6f215d5b883,2024-05-12T19:32:29Z,3,Love everything this woman has ever touched. Maybe not the song I would have chosen off this album but still ,20ebde3e4d684e6191dac4111dcf1a0b
spotify:track:5bVOX6eyHsML2sB4aMlZEi,fd4c3b50daf548ffa16be6f215d5b883,2024-05-12T19:32:29Z,4,"Again, love Hole but would have maybe chosen a different song",20ebde3e4d684e6191dac4111dcf1a0b
spotify:track:5KLKSxNQQqg8hOaHVqEwuk,fd4c3b50daf548ffa16be6f215d5b883,2024-05-12T19:32:29Z,5,"Look, she's no Taylor Swift... badass mamma jamma",20ebde3e4d684e6191dac4111dcf1a0b
spotify:track:5yDqUTEQVuhE3TT3l2ltlB,fd4c3b50daf548ffa16be6f215d5b883,2024-05-12T19:32:29Z,3,Very interesting take on a mother / daughter song from a interesting mother / daughter dynamic,20ebde3e4d684e6191dac4111dcf1a0b
spotify:track:6K5BAf4pGQk4SGIWEX98Is,fd4c3b50daf548ffa16be6f215d5b883,2024-05-12T19:32:29Z,3,Handy that she's breastfeeding in the album artwork so that I don't have to fact check this one thanks. I liked this song,20ebde3e4d684e6191dac4111dcf1a0b
spotify:track:6PkHFPxrvlXXVnJTONwsjc,fd4c3b50daf548ffa16be6f215d5b883,2024-05-12T19:32:29Z,1,,20ebde3e4d684e6191dac4111dcf1a0b
spotify:track:7CtCjpW332TJIPK7D3TQ9p,fd4c3b50daf548ffa16be6f215d5b883,2024-05-12T19:32:29Z,4,Great way to finish out what was a really good mom playlist!,20ebde3e4d684e6191dac4111dcf1a0b
spotify:track:1aZfq7TK3tNl9XJLkOpwKw,58386a2a504f4fd08caed77112bedc82,2024-05-12T21:13:57Z,3,,20ebde3e4d684e6191dac4111dcf1a0b
spotify:track:2zMJN9JvDlvGP4jB03l1Bz,58386a2a504f4fd08caed77112bedc82,2024-05-12T21:13:57Z,5,,20ebde3e4d684e6191dac4111dcf1a0b
spotify:track:4MdRPb5iKrshLPOB5J9gaq,58386a2a504f4fd08caed77112bedc82,2024-05-12T21:13:57Z,3,,20ebde3e4d684e6191dac4111dcf1a0b
spotify:track:4x4e63yL8r7tOFcZ0n6KHe,58386a2a504f4fd08caed77112bedc82,2024-05-12T21:13:57Z,4,,20ebde3e4d684e6191dac4111dcf1a0b
spotify:track:5KLKSxNQQqg8hOaHVqEwuk,58386a2a504f4fd08caed77112bedc82,2024-05-12T21:13:57Z,3,,20ebde3e4d684e6191dac4111dcf1a0b
spotify:track:5yDqUTEQVuhE3TT3l2ltlB,58386a2a504f4fd08caed77112bedc82,2024-05-12T21:13:57Z,3,,20ebde3e4d684e6191dac4111dcf1a0b
spotify:track:6K5BAf4pGQk4SGIWEX98Is,58386a2a504f4fd08caed77112bedc82,2024-05-12T21:13:57Z,3,,20ebde3e4d684e6191dac4111dcf1a0b
spotify:track:6PkHFPxrvlXXVnJTONwsjc,58386a2a504f4fd08caed77112bedc82,2024-05-12T21:13:57Z,3,,20ebde3e4d684e6191dac4111dcf1a0b
spotify:track:7CtCjpW332TJIPK7D3TQ9p,58386a2a504f4fd08caed77112bedc82,2024-05-12T21:13:57Z,3,,20ebde3e4d684e6191dac4111dcf1a0b
spotify:track:4x4e63yL8r7tOFcZ0n6KHe,1dacffd0545140b2970d73e29fe6cf33,2024-05-12T23:03:03Z,3,,20ebde3e4d684e6191dac4111dcf1a0b
spotify:track:1aZfq7TK3tNl9XJLkOpwKw,1dacffd0545140b2970d73e29fe6cf33,2024-05-12T23:03:03Z,3,,20ebde3e4d684e6191dac4111dcf1a0b
spotify:track:2zMJN9JvDlvGP4jB03l1Bz,1dacffd0545140b2970d73e29fe6cf33,2024-05-12T23:03:03Z,3,,20ebde3e4d684e6191dac4111dcf1a0b
spotify:track:4MdRPb5iKrshLPOB5J9gaq,1dacffd0545140b2970d73e29fe6cf33,2024-05-12T23:03:03Z,3,,20ebde3e4d684e6191dac4111dcf1a0b
spotify:track:5bVOX6eyHsML2sB4aMlZEi,1dacffd0545140b2970d73e29fe6cf33,2024-05-12T23:03:03Z,3,,20ebde3e4d684e6191dac4111dcf1a0b
spotify:track:5KLKSxNQQqg8hOaHVqEwuk,1dacffd0545140b2970d73e29fe6cf33,2024-05-12T23:03:03Z,3,,20ebde3e4d684e6191dac4111dcf1a0b
spotify:track:5yDqUTEQVuhE3TT3l2ltlB,1dacffd0545140b2970d73e29fe6cf33,2024-05-12T23:03:03Z,6,,20ebde3e4d684e6191dac4111dcf1a0b
spotify:track:6PkHFPxrvlXXVnJTONwsjc,1dacffd0545140b2970d73e29fe6cf33,2024-05-12T23:03:03Z,3,,20ebde3e4d684e6191dac4111dcf1a0b
spotify:track:7CtCjpW332TJIPK7D3TQ9p,1dacffd0545140b2970d73e29fe6cf33,2024-05-12T23:03:03Z,3,,20ebde3e4d684e6191dac4111dcf1a0b
spotify:track:7CtCjpW332TJIPK7D3TQ9p,bdd60b40c4ca4c78a0cbf518560cd06c,2024-05-13T01:38:24Z,4,,20ebde3e4d684e6191dac4111dcf1a0b
spotify:track:6PkHFPxrvlXXVnJTONwsjc,bdd60b40c4ca4c78a0cbf518560cd06c,2024-05-13T01:38:24Z,2,,20ebde3e4d684e6191dac4111dcf1a0b
spotify:track:6K5BAf4pGQk4SGIWEX98Is,bdd60b40c4ca4c78a0cbf518560cd06c,2024-05-13T01:38:24Z,4,,20ebde3e4d684e6191dac4111dcf1a0b
spotify:track:5yDqUTEQVuhE3TT3l2ltlB,bdd60b40c4ca4c78a0cbf518560cd06c,2024-05-13T01:38:24Z,4,,20ebde3e4d684e6191dac4111dcf1a0b
spotify:track:5bVOX6eyHsML2sB4aMlZEi,bdd60b40c4ca4c78a0cbf518560cd06c,2024-05-13T01:38:24Z,4,,20ebde3e4d684e6191dac4111dcf1a0b
spotify:track:4x4e63yL8r7tOFcZ0n6KHe,bdd60b40c4ca4c78a0cbf518560cd06c,2024-05-13T01:38:24Z,4,,20ebde3e4d684e6191dac4111dcf1a0b
spotify:track:1aZfq7TK3tNl9XJLkOpwKw,bdd60b40c4ca4c78a0cbf518560cd06c,2024-05-13T01:38:24Z,2,really skirting the rules but its a good version. some points.,20ebde3e4d684e6191dac4111dcf1a0b
spotify:track:2zMJN9JvDlvGP4jB03l1Bz,bdd60b40c4ca4c78a0cbf518560cd06c,2024-05-13T01:38:24Z,3,,20ebde3e4d684e6191dac4111dcf1a0b
spotify:track:4MdRPb5iKrshLPOB5J9gaq,bdd60b40c4ca4c78a0cbf518560cd06c,2024-05-13T01:38:24Z,3,,20ebde3e4d684e6191dac4111dcf1a0b
spotify:track:1aZfq7TK3tNl9XJLkOpwKw,fee7e973fd6f45d48299e77843f5cb17,2024-05-13T01:54:32Z,5,,20ebde3e4d684e6191dac4111dcf1a0b
spotify:track:4MdRPb5iKrshLPOB5J9gaq,fee7e973fd6f45d48299e77843f5cb17,2024-05-13T01:54:32Z,2,,20ebde3e4d684e6191dac4111dcf1a0b
spotify:track:4x4e63yL8r7tOFcZ0n6KHe,fee7e973fd6f45d48299e77843f5cb17,2024-05-13T01:54:32Z,4,,20ebde3e4d684e6191dac4111dcf1a0b
spotify:track:5bVOX6eyHsML2sB4aMlZEi,fee7e973fd6f45d48299e77843f5cb17,2024-05-13T01:54:32Z,3,,20ebde3e4d684e6191dac4111dcf1a0b
spotify:track:5KLKSxNQQqg8hOaHVqEwuk,fee7e973fd6f45d48299e77843f5cb17,2024-05-13T01:54:32Z,2,,20ebde3e4d684e6191dac4111dcf1a0b
spotify:track:5yDqUTEQVuhE3TT3l2ltlB,fee7e973fd6f45d48299e77843f5cb17,2024-05-13T01:54:32Z,5,,20ebde3e4d684e6191dac4111dcf1a0b
spotify:track:6K5BAf4pGQk4SGIWEX98Is,fee7e973fd6f45d48299e77843f5cb17,2024-05-13T01:54:32Z,5,,20ebde3e4d684e6191dac4111dcf1a0b
spotify:track:6PkHFPxrvlXXVnJTONwsjc,fee7e973fd6f45d48299e77843f5cb17,2024-05-13T01:54:32Z,2,,20ebde3e4d684e6191dac4111dcf1a0b
spotify:track:7CtCjpW332TJIPK7D3TQ9p,fee7e973fd6f45d48299e77843f5cb17,2024-05-13T01:54:32Z,2,,20ebde3e4d684e6191dac4111dcf1a0b
spotify:track:7CtCjpW332TJIPK7D3TQ9p,6f242fee70fa48f39bcd637c09e46ea8,2024-05-13T02:00:41Z,2,,20ebde3e4d684e6191dac4111dcf1a0b
spotify:track:6K5BAf4pGQk4SGIWEX98Is,6f242fee70fa48f39bcd637c09e46ea8,2024-05-13T02:00:41Z,6,I found out she’s a mom through reading this.,20ebde3e4d684e6191dac4111dcf1a0b
spotify:track:5KLKSxNQQqg8hOaHVqEwuk,6f242fee70fa48f39bcd637c09e46ea8,2024-05-13T02:00:41Z,9,,20ebde3e4d684e6191dac4111dcf1a0b
spotify:track:4x4e63yL8r7tOFcZ0n6KHe,6f242fee70fa48f39bcd637c09e46ea8,2024-05-13T02:00:41Z,3,,20ebde3e4d684e6191dac4111dcf1a0b
spotify:track:2zMJN9JvDlvGP4jB03l1Bz,6f242fee70fa48f39bcd637c09e46ea8,2024-05-13T02:00:41Z,4,,20ebde3e4d684e6191dac4111dcf1a0b
spotify:track:1aZfq7TK3tNl9XJLkOpwKw,6f242fee70fa48f39bcd637c09e46ea8,2024-05-13T02:00:41Z,6,,20ebde3e4d684e6191dac4111dcf1a0b
spotify:track:1aZfq7TK3tNl9XJLkOpwKw,7bacef1749b6413995f69a98ea5c5692,2024-05-13T02:46:39Z,7,,20ebde3e4d684e6191dac4111dcf1a0b
spotify:track:2zMJN9JvDlvGP4jB03l1Bz,7bacef1749b6413995f69a98ea5c5692,2024-05-13T02:46:39Z,2,,20ebde3e4d684e6191dac4111dcf1a0b
spotify:track:4MdRPb5iKrshLPOB5J9gaq,7bacef1749b6413995f69a98ea5c5692,2024-05-13T02:46:39Z,2,,20ebde3e4d684e6191dac4111dcf1a0b
spotify:track:4x4e63yL8r7tOFcZ0n6KHe,7bacef1749b6413995f69a98ea5c5692,2024-05-13T02:46:39Z,6,,20ebde3e4d684e6191dac4111dcf1a0b
spotify:track:5bVOX6eyHsML2sB4aMlZEi,7bacef1749b6413995f69a98ea5c5692,2024-05-13T02:46:39Z,2,,20ebde3e4d684e6191dac4111dcf1a0b
spotify:track:5KLKSxNQQqg8hOaHVqEwuk,7bacef1749b6413995f69a98ea5c5692,2024-05-13T02:46:39Z,2,,20ebde3e4d684e6191dac4111dcf1a0b
spotify:track:5yDqUTEQVuhE3TT3l2ltlB,7bacef1749b6413995f69a98ea5c5692,2024-05-13T02:46:39Z,2,,20ebde3e4d684e6191dac4111dcf1a0b
spotify:track:6K5BAf4pGQk4SGIWEX98Is,7bacef1749b6413995f69a98ea5c5692,2024-05-13T02:46:39Z,3,,20ebde3e4d684e6191dac4111dcf1a0b
spotify:track:7CtCjpW332TJIPK7D3TQ9p,7bacef1749b6413995f69a98ea5c5692,2024-05-13T02:46:39Z,4,,20ebde3e4d684e6191dac4111dcf1a0b
spotify:track:0InjtBthILrg30ti3hxljP,fd4c3b50daf548ffa16be6f215d5b883,2024-05-15T19:29:44Z,1,thought I'd like this more? I didn't find it meaty enough to warrant a single,5f1a2264c681473baa6d9ae3b0a15ac4
spotify:track:2EEinN4Zk8MUv4OQuLsTBj,fd4c3b50daf548ffa16be6f215d5b883,2024-05-15T19:29:44Z,8,"can't believe this was never a single! What a great song, excellent choice for this round!!",5f1a2264c681473baa6d9ae3b0a15ac4
spotify:track:36EZw4nrERIXHYAt4K9fOA,fd4c3b50daf548ffa16be6f215d5b883,2024-05-15T19:29:44Z,1,great song! And i absolutely loved your comment. But we just had Against Me! win last round so points docked,5f1a2264c681473baa6d9ae3b0a15ac4
spotify:track:3lzUeaCbcCDB5IXYfqWRlF,fd4c3b50daf548ffa16be6f215d5b883,2024-05-15T19:29:44Z,2,i don't think this is hooky or interesting enough to grab my attention as a single,5f1a2264c681473baa6d9ae3b0a15ac4
spotify:track:4IWasE1rV4A9V4uAjlZ52m,fd4c3b50daf548ffa16be6f215d5b883,2024-05-15T19:29:44Z,5,"i really like the music in this, good pick",5f1a2264c681473baa6d9ae3b0a15ac4
spotify:track:59K0uuIQwelPQn0WYrJ6Sd,fd4c3b50daf548ffa16be6f215d5b883,2024-05-15T19:29:44Z,7,"yes great sound! Meaty, chunky, single-worthy!! Excellent reasoning",5f1a2264c681473baa6d9ae3b0a15ac4
spotify:track:6TTgbTWgNXgYnkRjgUvc1u,fd4c3b50daf548ffa16be6f215d5b883,2024-05-15T19:29:44Z,6,"love this - absolutely makes me want to listen to the album. Great single choice
",5f1a2264c681473baa6d9ae3b0a15ac4
spotify:track:0InjtBthILrg30ti3hxljP,1dacffd0545140b2970d73e29fe6cf33,2024-05-16T14:52:48Z,1,,5f1a2264c681473baa6d9ae3b0a15ac4
spotify:track:2EEinN4Zk8MUv4OQuLsTBj,1dacffd0545140b2970d73e29fe6cf33,2024-05-16T14:52:48Z,8,,5f1a2264c681473baa6d9ae3b0a15ac4
spotify:track:36EZw4nrERIXHYAt4K9fOA,1dacffd0545140b2970d73e29fe6cf33,2024-05-16T14:52:48Z,5,,5f1a2264c681473baa6d9ae3b0a15ac4
spotify:track:3lzUeaCbcCDB5IXYfqWRlF,1dacffd0545140b2970d73e29fe6cf33,2024-05-16T14:52:48Z,3,,5f1a2264c681473baa6d9ae3b0a15ac4
spotify:track:42Kv1RoTAm09FeytxiuZIB,1dacffd0545140b2970d73e29fe6cf33,2024-05-16T14:52:48Z,3,,5f1a2264c681473baa6d9ae3b0a15ac4
spotify:track:4IWasE1rV4A9V4uAjlZ52m,1dacffd0545140b2970d73e29fe6cf33,2024-05-16T14:52:48Z,4,,5f1a2264c681473baa6d9ae3b0a15ac4
spotify:track:6TTgbTWgNXgYnkRjgUvc1u,1dacffd0545140b2970d73e29fe6cf33,2024-05-16T14:52:48Z,6,This slaps,5f1a2264c681473baa6d9ae3b0a15ac4
spotify:track:0InjtBthILrg30ti3hxljP,e305e2cab85b4f929234bfdf98d6c6d0,2024-05-16T21:57:29Z,4,,5f1a2264c681473baa6d9ae3b0a15ac4
spotify:track:2EEinN4Zk8MUv4OQuLsTBj,e305e2cab85b4f929234bfdf98d6c6d0,2024-05-16T21:57:29Z,2,,5f1a2264c681473baa6d9ae3b0a15ac4
spotify:track:36EZw4nrERIXHYAt4K9fOA,e305e2cab85b4f929234bfdf98d6c6d0,2024-05-16T21:57:29Z,2,,5f1a2264c681473baa6d9ae3b0a15ac4
spotify:track:3lzUeaCbcCDB5IXYfqWRlF,e305e2cab85b4f929234bfdf98d6c6d0,2024-05-16T21:57:29Z,7,,5f1a2264c681473baa6d9ae3b0a15ac4
spotify:track:42Kv1RoTAm09FeytxiuZIB,e305e2cab85b4f929234bfdf98d6c6d0,2024-05-16T21:57:29Z,5,,5f1a2264c681473baa6d9ae3b0a15ac4
spotify:track:59K0uuIQwelPQn0WYrJ6Sd,e305e2cab85b4f929234bfdf98d6c6d0,2024-05-16T21:57:29Z,3,,5f1a2264c681473baa6d9ae3b0a15ac4
spotify:track:6TTgbTWgNXgYnkRjgUvc1u,e305e2cab85b4f929234bfdf98d6c6d0,2024-05-16T21:57:29Z,7,,5f1a2264c681473baa6d9ae3b0a15ac4
spotify:track:0InjtBthILrg30ti3hxljP,8be09f03fa73411fbe152872376053d5,2024-05-17T00:09:33Z,3,,5f1a2264c681473baa6d9ae3b0a15ac4
spotify:track:2EEinN4Zk8MUv4OQuLsTBj,8be09f03fa73411fbe152872376053d5,2024-05-17T00:09:33Z,9,,5f1a2264c681473baa6d9ae3b0a15ac4
spotify:track:3lzUeaCbcCDB5IXYfqWRlF,8be09f03fa73411fbe152872376053d5,2024-05-17T00:09:33Z,1,,5f1a2264c681473baa6d9ae3b0a15ac4
spotify:track:42Kv1RoTAm09FeytxiuZIB,8be09f03fa73411fbe152872376053d5,2024-05-17T00:09:33Z,4,,5f1a2264c681473baa6d9ae3b0a15ac4
spotify:track:4IWasE1rV4A9V4uAjlZ52m,8be09f03fa73411fbe152872376053d5,2024-05-17T00:09:33Z,4,,5f1a2264c681473baa6d9ae3b0a15ac4
spotify:track:59K0uuIQwelPQn0WYrJ6Sd,8be09f03fa73411fbe152872376053d5,2024-05-17T00:09:33Z,6,,5f1a2264c681473baa6d9ae3b0a15ac4
spotify:track:6TTgbTWgNXgYnkRjgUvc1u,8be09f03fa73411fbe152872376053d5,2024-05-17T00:09:33Z,3,,5f1a2264c681473baa6d9ae3b0a15ac4
spotify:track:0InjtBthILrg30ti3hxljP,7bacef1749b6413995f69a98ea5c5692,2024-05-17T00:43:56Z,3,,5f1a2264c681473baa6d9ae3b0a15ac4
spotify:track:2EEinN4Zk8MUv4OQuLsTBj,7bacef1749b6413995f69a98ea5c5692,2024-05-17T00:43:56Z,4,,5f1a2264c681473baa6d9ae3b0a15ac4
spotify:track:36EZw4nrERIXHYAt4K9fOA,7bacef1749b6413995f69a98ea5c5692,2024-05-17T00:43:56Z,3,,5f1a2264c681473baa6d9ae3b0a15ac4
spotify:track:42Kv1RoTAm09FeytxiuZIB,7bacef1749b6413995f69a98ea5c5692,2024-05-17T00:43:56Z,6,,5f1a2264c681473baa6d9ae3b0a15ac4
spotify:track:4IWasE1rV4A9V4uAjlZ52m,7bacef1749b6413995f69a98ea5c5692,2024-05-17T00:43:56Z,3,,5f1a2264c681473baa6d9ae3b0a15ac4
spotify:track:59K0uuIQwelPQn0WYrJ6Sd,7bacef1749b6413995f69a98ea5c5692,2024-05-17T00:43:56Z,3,,5f1a2264c681473baa6d9ae3b0a15ac4
spotify:track:6TTgbTWgNXgYnkRjgUvc1u,7bacef1749b6413995f69a98ea5c5692,2024-05-17T00:43:56Z,8,,5f1a2264c681473baa6d9ae3b0a15ac4
spotify:track:2EEinN4Zk8MUv4OQuLsTBj,6f242fee70fa48f39bcd637c09e46ea8,2024-05-17T00:55:41Z,8,the most single-y non single here good call,5f1a2264c681473baa6d9ae3b0a15ac4
spotify:track:36EZw4nrERIXHYAt4K9fOA,6f242fee70fa48f39bcd637c09e46ea8,2024-05-17T00:55:41Z,1,,5f1a2264c681473baa6d9ae3b0a15ac4
spotify:track:3lzUeaCbcCDB5IXYfqWRlF,6f242fee70fa48f39bcd637c09e46ea8,2024-05-17T00:55:41Z,3,,5f1a2264c681473baa6d9ae3b0a15ac4
spotify:track:42Kv1RoTAm09FeytxiuZIB,6f242fee70fa48f39bcd637c09e46ea8,2024-05-17T00:55:41Z,6,my hottest deftones take is I like starting White Pony with Back to School.,5f1a2264c681473baa6d9ae3b0a15ac4
spotify:track:4IWasE1rV4A9V4uAjlZ52m,6f242fee70fa48f39bcd637c09e46ea8,2024-05-17T00:55:41Z,3,,5f1a2264c681473baa6d9ae3b0a15ac4
spotify:track:59K0uuIQwelPQn0WYrJ6Sd,6f242fee70fa48f39bcd637c09e46ea8,2024-05-17T00:55:41Z,4,,5f1a2264c681473baa6d9ae3b0a15ac4
spotify:track:6TTgbTWgNXgYnkRjgUvc1u,6f242fee70fa48f39bcd637c09e46ea8,2024-05-17T00:55:41Z,5,,5f1a2264c681473baa6d9ae3b0a15ac4
spotify:track:0InjtBthILrg30ti3hxljP,bdd60b40c4ca4c78a0cbf518560cd06c,2024-05-17T01:49:00Z,7,great choice,5f1a2264c681473baa6d9ae3b0a15ac4
spotify:track:2EEinN4Zk8MUv4OQuLsTBj,bdd60b40c4ca4c78a0cbf518560cd06c,2024-05-17T01:49:00Z,4,,5f1a2264c681473baa6d9ae3b0a15ac4
spotify:track:36EZw4nrERIXHYAt4K9fOA,bdd60b40c4ca4c78a0cbf518560cd06c,2024-05-17T01:49:00Z,4,,5f1a2264c681473baa6d9ae3b0a15ac4
spotify:track:3lzUeaCbcCDB5IXYfqWRlF,bdd60b40c4ca4c78a0cbf518560cd06c,2024-05-17T01:49:00Z,0,According to Wikipedia this was the second single on the album,5f1a2264c681473baa6d9ae3b0a15ac4
spotify:track:42Kv1RoTAm09FeytxiuZIB,bdd60b40c4ca4c78a0cbf518560cd06c,2024-05-17T01:49:00Z,6,It’s hard for me to think of the quintessential deftones song not being on the first two albums but I like this take. Great song.,5f1a2264c681473baa6d9ae3b0a15ac4
spotify:track:4IWasE1rV4A9V4uAjlZ52m,bdd60b40c4ca4c78a0cbf518560cd06c,2024-05-17T01:49:00Z,4,,5f1a2264c681473baa6d9ae3b0a15ac4
spotify:track:59K0uuIQwelPQn0WYrJ6Sd,bdd60b40c4ca4c78a0cbf518560cd06c,2024-05-17T01:49:00Z,5,I don’t know if I’d pick this but I appreciate picking someone to replace fireman from this album. Solid take.,5f1a2264c681473baa6d9ae3b0a15ac4
spotify:track:36EZw4nrERIXHYAt4K9fOA,58386a2a504f4fd08caed77112bedc82,2024-05-17T02:14:50Z,3,,5f1a2264c681473baa6d9ae3b0a15ac4
spotify:track:3lzUeaCbcCDB5IXYfqWRlF,58386a2a504f4fd08caed77112bedc82,2024-05-17T02:14:50Z,6,,5f1a2264c681473baa6d9ae3b0a15ac4
spotify:track:42Kv1RoTAm09FeytxiuZIB,58386a2a504f4fd08caed77112bedc82,2024-05-17T02:14:50Z,6,,5f1a2264c681473baa6d9ae3b0a15ac4
spotify:track:4IWasE1rV4A9V4uAjlZ52m,58386a2a504f4fd08caed77112bedc82,2024-05-17T02:14:50Z,5,,5f1a2264c681473baa6d9ae3b0a15ac4
spotify:track:59K0uuIQwelPQn0WYrJ6Sd,58386a2a504f4fd08caed77112bedc82,2024-05-17T02:14:50Z,4,,5f1a2264c681473baa6d9ae3b0a15ac4
spotify:track:6TTgbTWgNXgYnkRjgUvc1u,58386a2a504f4fd08caed77112bedc82,2024-05-17T02:14:50Z,6,,5f1a2264c681473baa6d9ae3b0a15ac4
spotify:track:0Ln29RgpKG8QvpECfW5n1j,8be09f03fa73411fbe152872376053d5,2024-05-21T05:51:04Z,8,"This was ""hidden"" on my Spotify? Did it work its way into my recommendations until I couldn't take it anymore? What year did that happen?",3d23a2101d354733b34b01c007317b13
spotify:track:1NcXkWB3UwXfMt8izByICb,8be09f03fa73411fbe152872376053d5,2024-05-21T05:51:04Z,5,Not my favorite style but I respect it. Extra points for the best description,3d23a2101d354733b34b01c007317b13
spotify:track:2TsdvKYTpFgz1rBnAtCJdc,8be09f03fa73411fbe152872376053d5,2024-05-21T05:51:04Z,3,That's all you need,3d23a2101d354733b34b01c007317b13
spotify:track:2uBppwc5EeRPp5DxGVqyu8,8be09f03fa73411fbe152872376053d5,2024-05-21T05:51:04Z,7,Tested claims for authenticity. Effective even after dark. Recommend opening sunroof for best effect,3d23a2101d354733b34b01c007317b13
spotify:track:3mPJHVpCvzykoxmWnYdnFq,8be09f03fa73411fbe152872376053d5,2024-05-21T05:51:04Z,3,Sounds like adult swim circa 2005. Good background music,3d23a2101d354733b34b01c007317b13
spotify:track:4jKvi79CDhecACVRUVwOx3,8be09f03fa73411fbe152872376053d5,2024-05-21T05:51:04Z,3,Perfect description. I will not be convinced this is not Michael Jackson,3d23a2101d354733b34b01c007317b13
spotify:track:4O9tOyMOq8Oioun2MsULH5,8be09f03fa73411fbe152872376053d5,2024-05-21T05:51:04Z,1,,3d23a2101d354733b34b01c007317b13
spotify:track:0FRAPPQDNqcaHyCR7Jx8Zu,bdd60b40c4ca4c78a0cbf518560cd06c,2024-05-21T12:57:33Z,2,I dunno. This pitch may actually make me want to listen less than if I knew nothing.,3d23a2101d354733b34b01c007317b13
spotify:track:0Ln29RgpKG8QvpECfW5n1j,bdd60b40c4ca4c78a0cbf518560cd06c,2024-05-21T12:57:33Z,3,Reggie and the Full Effect?,3d23a2101d354733b34b01c007317b13
spotify:track:1NcXkWB3UwXfMt8izByICb,bdd60b40c4ca4c78a0cbf518560cd06c,2024-05-21T12:57:33Z,6,,3d23a2101d354733b34b01c007317b13
spotify:track:2TsdvKYTpFgz1rBnAtCJdc,bdd60b40c4ca4c78a0cbf518560cd06c,2024-05-21T12:57:33Z,6,great pitch!,3d23a2101d354733b34b01c007317b13
spotify:track:2uBppwc5EeRPp5DxGVqyu8,bdd60b40c4ca4c78a0cbf518560cd06c,2024-05-21T12:57:33Z,6,,3d23a2101d354733b34b01c007317b13
spotify:track:3mPJHVpCvzykoxmWnYdnFq,bdd60b40c4ca4c78a0cbf518560cd06c,2024-05-21T12:57:33Z,3,I keep expecting this to launch into an MF DOOM song,3d23a2101d354733b34b01c007317b13
spotify:track:4O9tOyMOq8Oioun2MsULH5,bdd60b40c4ca4c78a0cbf518560cd06c,2024-05-21T12:57:33Z,4,well described,3d23a2101d354733b34b01c007317b13
spotify:track:0Ln29RgpKG8QvpECfW5n1j,e305e2cab85b4f929234bfdf98d6c6d0,2024-05-21T19:06:38Z,5,,3d23a2101d354733b34b01c007317b13
spotify:track:4O9tOyMOq8Oioun2MsULH5,e305e2cab85b4f929234bfdf98d6c6d0,2024-05-21T19:06:38Z,4,,3d23a2101d354733b34b01c007317b13
spotify:track:4jKvi79CDhecACVRUVwOx3,e305e2cab85b4f929234bfdf98d6c6d0,2024-05-21T19:06:38Z,6,,3d23a2101d354733b34b01c007317b13
spotify:track:3mPJHVpCvzykoxmWnYdnFq,e305e2cab85b4f929234bfdf98d6c6d0,2024-05-21T19:06:38Z,3,,3d23a2101d354733b34b01c007317b13
spotify:track:2uBppwc5EeRPp5DxGVqyu8,e305e2cab85b4f929234bfdf98d6c6d0,2024-05-21T19:06:38Z,2,,3d23a2101d354733b34b01c007317b13
spotify:track:0FRAPPQDNqcaHyCR7Jx8Zu,e305e2cab85b4f929234bfdf98d6c6d0,2024-05-21T19:06:38Z,10,"Bonsoir, guten abend, good evening Music League, this is the United Kingdom! We've seen so many great acts tonight, but our dix points, zehn punkte, ten points go to......Irie Révoltés!",3d23a2101d354733b34b01c007317b13
spotify:track:4O9tOyMOq8Oioun2MsULH5,1dacffd0545140b2970d73e29fe6cf33,2024-05-21T19:29:21Z,3,,3d23a2101d354733b34b01c007317b13
spotify:track:0FRAPPQDNqcaHyCR7Jx8Zu,1dacffd0545140b2970d73e29fe6cf33,2024-05-21T19:29:21Z,4,,3d23a2101d354733b34b01c007317b13
spotify:track:1NcXkWB3UwXfMt8izByICb,1dacffd0545140b2970d73e29fe6cf33,2024-05-21T19:29:21Z,6,Good pitch ,3d23a2101d354733b34b01c007317b13
spotify:track:2TsdvKYTpFgz1rBnAtCJdc,1dacffd0545140b2970d73e29fe6cf33,2024-05-21T19:29:21Z,6,Fuck bass players,3d23a2101d354733b34b01c007317b13
spotify:track:2uBppwc5EeRPp5DxGVqyu8,1dacffd0545140b2970d73e29fe6cf33,2024-05-21T19:29:21Z,6,,3d23a2101d354733b34b01c007317b13
spotify:track:3mPJHVpCvzykoxmWnYdnFq,1dacffd0545140b2970d73e29fe6cf33,2024-05-21T19:29:21Z,3,,3d23a2101d354733b34b01c007317b13
spotify:track:4jKvi79CDhecACVRUVwOx3,1dacffd0545140b2970d73e29fe6cf33,2024-05-21T19:29:21Z,2,,3d23a2101d354733b34b01c007317b13
spotify:track:4O9tOyMOq8Oioun2MsULH5,fd4c3b50daf548ffa16be6f215d5b883,2024-05-21T21:00:23Z,7,"Love this song, love this album, love this band and really really love your description hahaha",3d23a2101d354733b34b01c007317b13
spotify:track:0Ln29RgpKG8QvpECfW5n1j,fd4c3b50daf548ffa16be6f215d5b883,2024-05-21T21:00:23Z,2,"This sounds like Phinneas and Ferb wrote it, but I'm not sure just how derogatorily I mean that",3d23a2101d354733b34b01c007317b13
spotify:track:2TsdvKYTpFgz1rBnAtCJdc,fd4c3b50daf548ffa16be6f215d5b883,2024-05-21T21:00:23Z,4,Go Margaret! Go Tara! Great pitch. They sound like if The Doors were cooler,3d23a2101d354733b34b01c007317b13
spotify:track:2uBppwc5EeRPp5DxGVqyu8,fd4c3b50daf548ffa16be6f215d5b883,2024-05-21T21:00:23Z,4,"Your description matches the sound of this song so perfectly, you'd nearly forget it's about cum! This is great summer vibes though",3d23a2101d354733b34b01c007317b13
spotify:track:3mPJHVpCvzykoxmWnYdnFq,fd4c3b50daf548ffa16be6f215d5b883,2024-05-21T21:00:23Z,5,"Hey I know this song!! I loved this the first time I heard it and I love it now. What a banger, your pitch works!",3d23a2101d354733b34b01c007317b13
spotify:track:4jKvi79CDhecACVRUVwOx3,fd4c3b50daf548ffa16be6f215d5b883,2024-05-21T21:00:23Z,3,Really intrigued by your pitch... omg that is exactly what this is though! I definitely don't love the song but I love how surprisingly accurate your description was,3d23a2101d354733b34b01c007317b13
spotify:track:0FRAPPQDNqcaHyCR7Jx8Zu,fd4c3b50daf548ffa16be6f215d5b883,2024-05-21T21:00:23Z,5,Okay I do love this!! This really gets me in the summer festival mood. The perfect soundtrack to having cans in a field with friends (which is exactly what I am in the mood to do right now so that certainly helps). It is a great genre mixer that actually works,3d23a2101d354733b34b01c007317b13
spotify:track:0FRAPPQDNqcaHyCR7Jx8Zu,7bacef1749b6413995f69a98ea5c5692,2024-05-22T00:51:23Z,6,,3d23a2101d354733b34b01c007317b13
spotify:track:0Ln29RgpKG8QvpECfW5n1j,7bacef1749b6413995f69a98ea5c5692,2024-05-22T00:51:23Z,3,,3d23a2101d354733b34b01c007317b13
spotify:track:1NcXkWB3UwXfMt8izByICb,7bacef1749b6413995f69a98ea5c5692,2024-05-22T00:51:23Z,5,,3d23a2101d354733b34b01c007317b13
spotify:track:2TsdvKYTpFgz1rBnAtCJdc,7bacef1749b6413995f69a98ea5c5692,2024-05-22T00:51:23Z,2,,3d23a2101d354733b34b01c007317b13
spotify:track:2uBppwc5EeRPp5DxGVqyu8,7bacef1749b6413995f69a98ea5c5692,2024-05-22T00:51:23Z,3,,3d23a2101d354733b34b01c007317b13
spotify:track:3mPJHVpCvzykoxmWnYdnFq,7bacef1749b6413995f69a98ea5c5692,2024-05-22T00:51:23Z,8,,3d23a2101d354733b34b01c007317b13
spotify:track:4jKvi79CDhecACVRUVwOx3,7bacef1749b6413995f69a98ea5c5692,2024-05-22T00:51:23Z,3,,3d23a2101d354733b34b01c007317b13
spotify:track:0FRAPPQDNqcaHyCR7Jx8Zu,fee7e973fd6f45d48299e77843f5cb17,2024-05-22T02:16:54Z,5,,3d23a2101d354733b34b01c007317b13
spotify:track:0Ln29RgpKG8QvpECfW5n1j,fee7e973fd6f45d48299e77843f5cb17,2024-05-22T02:16:54Z,3,,3d23a2101d354733b34b01c007317b13
spotify:track:1NcXkWB3UwXfMt8izByICb,fee7e973fd6f45d48299e77843f5cb17,2024-05-22T02:16:54Z,6,,3d23a2101d354733b34b01c007317b13
spotify:track:2TsdvKYTpFgz1rBnAtCJdc,fee7e973fd6f45d48299e77843f5cb17,2024-05-22T02:16:54Z,4,,3d23a2101d354733b34b01c007317b13
spotify:track:3mPJHVpCvzykoxmWnYdnFq,fee7e973fd6f45d48299e77843f5cb17,2024-05-22T02:16:54Z,2,,3d23a2101d354733b34b01c007317b13
spotify:track:4jKvi79CDhecACVRUVwOx3,fee7e973fd6f45d48299e77843f5cb17,2024-05-22T02:16:54Z,5,,3d23a2101d354733b34b01c007317b13
spotify:track:4O9tOyMOq8Oioun2MsULH5,fee7e973fd6f45d48299e77843f5cb17,2024-05-22T02:16:54Z,5,,3d23a2101d354733b34b01c007317b13
spotify:track:0FRAPPQDNqcaHyCR7Jx8Zu,58386a2a504f4fd08caed77112bedc82,2024-05-22T02:16:58Z,3,,3d23a2101d354733b34b01c007317b13
spotify:track:0Ln29RgpKG8QvpECfW5n1j,58386a2a504f4fd08caed77112bedc82,2024-05-22T02:16:58Z,3,,3d23a2101d354733b34b01c007317b13
spotify:track:4O9tOyMOq8Oioun2MsULH5,58386a2a504f4fd08caed77112bedc82,2024-05-22T02:16:58Z,4,,3d23a2101d354733b34b01c007317b13
spotify:track:4jKvi79CDhecACVRUVwOx3,58386a2a504f4fd08caed77112bedc82,2024-05-22T02:16:58Z,5,,3d23a2101d354733b34b01c007317b13
spotify:track:2uBppwc5EeRPp5DxGVqyu8,58386a2a504f4fd08caed77112bedc82,2024-05-22T02:16:58Z,3,,3d23a2101d354733b34b01c007317b13
spotify:track:2TsdvKYTpFgz1rBnAtCJdc,58386a2a504f4fd08caed77112bedc82,2024-05-22T02:16:58Z,6,,3d23a2101d354733b34b01c007317b13
spotify:track:1NcXkWB3UwXfMt8izByICb,58386a2a504f4fd08caed77112bedc82,2024-05-22T02:16:58Z,6,,3d23a2101d354733b34b01c007317b13
spotify:track:0yZ4By2Oqj5q4HToxOp237,bdd60b40c4ca4c78a0cbf518560cd06c,2024-05-24T16:15:32Z,1,covers are only getting a one from me. I think kind of obvious.,4fda0fee22624cdab575e41703e4f16c
spotify:track:3Ty7OTBNSigGEpeW2PqcsC,bdd60b40c4ca4c78a0cbf518560cd06c,2024-05-24T16:15:32Z,5,,4fda0fee22624cdab575e41703e4f16c
spotify:track:3x3vvbbcUFIjcMeYTszXpJ,bdd60b40c4ca4c78a0cbf518560cd06c,2024-05-24T16:15:32Z,6,creative way to not submit a radiohead side project,4fda0fee22624cdab575e41703e4f16c
spotify:track:5ZonOCmcYiWfLQXZQmBwO7,bdd60b40c4ca4c78a0cbf518560cd06c,2024-05-24T16:15:32Z,4,,4fda0fee22624cdab575e41703e4f16c
spotify:track:6i9jy9c1xTtSmdkGpFljaO,bdd60b40c4ca4c78a0cbf518560cd06c,2024-05-24T16:15:32Z,5,I admit I thought about submit this one. points.,4fda0fee22624cdab575e41703e4f16c
spotify:track:6og83s8Fmp4SxrDuTVhaMe,bdd60b40c4ca4c78a0cbf518560cd06c,2024-05-24T16:15:32Z,1,covers only get 1 point,4fda0fee22624cdab575e41703e4f16c
spotify:track:6Rs7RhVE4bJGvks07TmGWI,bdd60b40c4ca4c78a0cbf518560cd06c,2024-05-24T16:15:32Z,4,,4fda0fee22624cdab575e41703e4f16c
spotify:track:6UQDIIEPzeduwXlZE86SOF,bdd60b40c4ca4c78a0cbf518560cd06c,2024-05-24T16:15:32Z,4,"ooo sample, not a cover, good work.

and something with Dirty Computer kinda like OK computer?",4fda0fee22624cdab575e41703e4f16c
spotify:track:0yZ4By2Oqj5q4HToxOp237,8be09f03fa73411fbe152872376053d5,2024-05-24T22:28:54Z,6,,4fda0fee22624cdab575e41703e4f16c
spotify:track:3Ty7OTBNSigGEpeW2PqcsC,8be09f03fa73411fbe152872376053d5,2024-05-24T22:28:54Z,1,,4fda0fee22624cdab575e41703e4f16c
spotify:track:3x3vvbbcUFIjcMeYTszXpJ,8be09f03fa73411fbe152872376053d5,2024-05-24T22:28:54Z,5,,4fda0fee22624cdab575e41703e4f16c
spotify:track:5ZonOCmcYiWfLQXZQmBwO7,8be09f03fa73411fbe152872376053d5,2024-05-24T22:28:54Z,3,,4fda0fee22624cdab575e41703e4f16c
spotify:track:6i9jy9c1xTtSmdkGpFljaO,8be09f03fa73411fbe152872376053d5,2024-05-24T22:28:54Z,5,,4fda0fee22624cdab575e41703e4f16c
spotify:track:6Rs7RhVE4bJGvks07TmGWI,8be09f03fa73411fbe152872376053d5,2024-05-24T22:28:54Z,4,,4fda0fee22624cdab575e41703e4f16c
spotify:track:6UQDIIEPzeduwXlZE86SOF,8be09f03fa73411fbe152872376053d5,2024-05-24T22:28:54Z,2,,4fda0fee22624cdab575e41703e4f16c
spotify:track:6yLIqXX9edg1x0HZS7cZEv,8be09f03fa73411fbe152872376053d5,2024-05-24T22:28:54Z,4,,4fda0fee22624cdab575e41703e4f16c
spotify:track:3x3vvbbcUFIjcMeYTszXpJ,1dacffd0545140b2970d73e29fe6cf33,2024-05-25T17:27:37Z,10,,4fda0fee22624cdab575e41703e4f16c
spotify:track:6Rs7RhVE4bJGvks07TmGWI,1dacffd0545140b2970d73e29fe6cf33,2024-05-25T17:27:37Z,10,,4fda0fee22624cdab575e41703e4f16c
spotify:track:6yLIqXX9edg1x0HZS7cZEv,1dacffd0545140b2970d73e29fe6cf33,2024-05-25T17:27:37Z,10,,4fda0fee22624cdab575e41703e4f16c
spotify:track:0yZ4By2Oqj5q4HToxOp237,6f242fee70fa48f39bcd637c09e46ea8,2024-05-26T00:22:13Z,0,"vitamin string quartet covers are some 8th grade ""related results on itunes"" ass grift.",4fda0fee22624cdab575e41703e4f16c
spotify:track:3Ty7OTBNSigGEpeW2PqcsC,6f242fee70fa48f39bcd637c09e46ea8,2024-05-26T00:22:13Z,3,I like portishead but doesn't hit the prompt,4fda0fee22624cdab575e41703e4f16c
spotify:track:3x3vvbbcUFIjcMeYTszXpJ,6f242fee70fa48f39bcd637c09e46ea8,2024-05-26T00:22:13Z,6,this is the radiohead equivalent of listening to tom hank's brother voice woody in a kingdom hearts game or low visibility product,4fda0fee22624cdab575e41703e4f16c
spotify:track:5ZonOCmcYiWfLQXZQmBwO7,6f242fee70fa48f39bcd637c09e46ea8,2024-05-26T00:22:13Z,6,,4fda0fee22624cdab575e41703e4f16c
spotify:track:6i9jy9c1xTtSmdkGpFljaO,6f242fee70fa48f39bcd637c09e46ea8,2024-05-26T00:22:13Z,3,,4fda0fee22624cdab575e41703e4f16c
spotify:track:6og83s8Fmp4SxrDuTVhaMe,6f242fee70fa48f39bcd637c09e46ea8,2024-05-26T00:22:13Z,2,string covers are a cop out imo but I'm giving it two for the comment,4fda0fee22624cdab575e41703e4f16c
spotify:track:6UQDIIEPzeduwXlZE86SOF,6f242fee70fa48f39bcd637c09e46ea8,2024-05-26T00:22:13Z,6,,4fda0fee22624cdab575e41703e4f16c
spotify:track:6yLIqXX9edg1x0HZS7cZEv,6f242fee70fa48f39bcd637c09e46ea8,2024-05-26T00:22:13Z,4,,4fda0fee22624cdab575e41703e4f16c
spotify:track:3x3vvbbcUFIjcMeYTszXpJ,fd4c3b50daf548ffa16be6f215d5b883,2024-05-26T11:16:23Z,7,"I really love this submission - the song, the reasoning, and the anecdotal side. Class",4fda0fee22624cdab575e41703e4f16c
spotify:track:5ZonOCmcYiWfLQXZQmBwO7,fd4c3b50daf548ffa16be6f215d5b883,2024-05-26T11:16:23Z,2,Hmmmm boring but i love the word rodeo,4fda0fee22624cdab575e41703e4f16c
spotify:track:6i9jy9c1xTtSmdkGpFljaO,fd4c3b50daf548ffa16be6f215d5b883,2024-05-26T11:16:23Z,5,Really good pick for this round! And always welcome an excuse to listen to some Talking Heads,4fda0fee22624cdab575e41703e4f16c
spotify:track:6og83s8Fmp4SxrDuTVhaMe,fd4c3b50daf548ffa16be6f215d5b883,2024-05-26T11:16:23Z,3,I like this!!! Mariachi of sadness!! ,4fda0fee22624cdab575e41703e4f16c
spotify:track:6Rs7RhVE4bJGvks07TmGWI,fd4c3b50daf548ffa16be6f215d5b883,2024-05-26T11:16:23Z,0,Is the math simple? I'd like to see the formula for this please because my calculations are giving me a different answer,4fda0fee22624cdab575e41703e4f16c
spotify:track:6UQDIIEPzeduwXlZE86SOF,fd4c3b50daf548ffa16be6f215d5b883,2024-05-26T11:16:23Z,3,This is good because the vibe of the song matches the radiohead vibe I feel and it's just a great song,4fda0fee22624cdab575e41703e4f16c
spotify:track:6yLIqXX9edg1x0HZS7cZEv,fd4c3b50daf548ffa16be6f215d5b883,2024-05-26T11:16:23Z,10,"Oh you win. I have never made this connection before in my head and just looked up the story. This is amazing, what a perfect submission!!",4fda0fee22624cdab575e41703e4f16c
spotify:track:5ZonOCmcYiWfLQXZQmBwO7,e305e2cab85b4f929234bfdf98d6c6d0,2024-05-26T21:58:42Z,7,,4fda0fee22624cdab575e41703e4f16c
spotify:track:6i9jy9c1xTtSmdkGpFljaO,e305e2cab85b4f929234bfdf98d6c6d0,2024-05-26T21:58:42Z,7,,4fda0fee22624cdab575e41703e4f16c
spotify:track:6og83s8Fmp4SxrDuTVhaMe,e305e2cab85b4f929234bfdf98d6c6d0,2024-05-26T21:58:42Z,2,,4fda0fee22624cdab575e41703e4f16c
spotify:track:6UQDIIEPzeduwXlZE86SOF,e305e2cab85b4f929234bfdf98d6c6d0,2024-05-26T21:58:42Z,7,,4fda0fee22624cdab575e41703e4f16c
spotify:track:6yLIqXX9edg1x0HZS7cZEv,e305e2cab85b4f929234bfdf98d6c6d0,2024-05-26T21:58:42Z,7,,4fda0fee22624cdab575e41703e4f16c
spotify:track:0yZ4By2Oqj5q4HToxOp237,fee7e973fd6f45d48299e77843f5cb17,2024-05-27T01:58:08Z,4,,4fda0fee22624cdab575e41703e4f16c
spotify:track:3Ty7OTBNSigGEpeW2PqcsC,fee7e973fd6f45d48299e77843f5cb17,2024-05-27T01:58:08Z,3,,4fda0fee22624cdab575e41703e4f16c
spotify:track:3x3vvbbcUFIjcMeYTszXpJ,fee7e973fd6f45d48299e77843f5cb17,2024-05-27T01:58:08Z,4,,4fda0fee22624cdab575e41703e4f16c
spotify:track:6i9jy9c1xTtSmdkGpFljaO,fee7e973fd6f45d48299e77843f5cb17,2024-05-27T01:58:08Z,5,,4fda0fee22624cdab575e41703e4f16c
spotify:track:6og83s8Fmp4SxrDuTVhaMe,fee7e973fd6f45d48299e77843f5cb17,2024-05-27T01:58:08Z,5,,4fda0fee22624cdab575e41703e4f16c
spotify:track:6Rs7RhVE4bJGvks07TmGWI,fee7e973fd6f45d48299e77843f5cb17,2024-05-27T01:58:08Z,1,,4fda0fee22624cdab575e41703e4f16c
spotify:track:6UQDIIEPzeduwXlZE86SOF,fee7e973fd6f45d48299e77843f5cb17,2024-05-27T01:58:08Z,3,,4fda0fee22624cdab575e41703e4f16c
spotify:track:6yLIqXX9edg1x0HZS7cZEv,fee7e973fd6f45d48299e77843f5cb17,2024-05-27T01:58:08Z,5,,4fda0fee22624cdab575e41703e4f16c
spotify:track:0yZ4By2Oqj5q4HToxOp237,58386a2a504f4fd08caed77112bedc82,2024-05-27T03:08:22Z,5,,4fda0fee22624cdab575e41703e4f16c
spotify:track:3x3vvbbcUFIjcMeYTszXpJ,58386a2a504f4fd08caed77112bedc82,2024-05-27T03:08:22Z,5,,4fda0fee22624cdab575e41703e4f16c
spotify:track:5ZonOCmcYiWfLQXZQmBwO7,58386a2a504f4fd08caed77112bedc82,2024-05-27T03:08:22Z,3,,4fda0fee22624cdab575e41703e4f16c
spotify:track:6og83s8Fmp4SxrDuTVhaMe,58386a2a504f4fd08caed77112bedc82,2024-05-27T03:08:22Z,3,,4fda0fee22624cdab575e41703e4f16c
spotify:track:6Rs7RhVE4bJGvks07TmGWI,58386a2a504f4fd08caed77112bedc82,2024-05-27T03:08:22Z,3,,4fda0fee22624cdab575e41703e4f16c
spotify:track:6UQDIIEPzeduwXlZE86SOF,58386a2a504f4fd08caed77112bedc82,2024-05-27T03:08:22Z,6,,4fda0fee22624cdab575e41703e4f16c
spotify:track:6yLIqXX9edg1x0HZS7cZEv,58386a2a504f4fd08caed77112bedc82,2024-05-27T03:08:22Z,5,,4fda0fee22624cdab575e41703e4f16c
spotify:track:0yZ4By2Oqj5q4HToxOp237,7bacef1749b6413995f69a98ea5c5692,2024-05-27T03:11:12Z,2,,4fda0fee22624cdab575e41703e4f16c
spotify:track:3Ty7OTBNSigGEpeW2PqcsC,7bacef1749b6413995f69a98ea5c5692,2024-05-27T03:11:12Z,2,,4fda0fee22624cdab575e41703e4f16c
spotify:track:3x3vvbbcUFIjcMeYTszXpJ,7bacef1749b6413995f69a98ea5c5692,2024-05-27T03:11:12Z,5,,4fda0fee22624cdab575e41703e4f16c
spotify:track:5ZonOCmcYiWfLQXZQmBwO7,7bacef1749b6413995f69a98ea5c5692,2024-05-27T03:11:12Z,6,,4fda0fee22624cdab575e41703e4f16c
spotify:track:6i9jy9c1xTtSmdkGpFljaO,7bacef1749b6413995f69a98ea5c5692,2024-05-27T03:11:12Z,7,,4fda0fee22624cdab575e41703e4f16c
spotify:track:6og83s8Fmp4SxrDuTVhaMe,7bacef1749b6413995f69a98ea5c5692,2024-05-27T03:11:12Z,4,,4fda0fee22624cdab575e41703e4f16c
spotify:track:6Rs7RhVE4bJGvks07TmGWI,7bacef1749b6413995f69a98ea5c5692,2024-05-27T03:11:12Z,2,,4fda0fee22624cdab575e41703e4f16c
spotify:track:6yLIqXX9edg1x0HZS7cZEv,7bacef1749b6413995f69a98ea5c5692,2024-05-27T03:11:12Z,2,,4fda0fee22624cdab575e41703e4f16c
spotify:track:127fndSSTEZrx2TV8cd3jM,fd4c3b50daf548ffa16be6f215d5b883,2024-05-29T19:45:41Z,2,Nightmare Logic is cool but cmon man can you give me more in the comment its like you don't even want me to pretend I'm at your show?? ,ffbf774905b14677b32110975750cefe
spotify:track:2sHshROvRicHcj3pnXeovj,fd4c3b50daf548ffa16be6f215d5b883,2024-05-29T19:45:41Z,5,"Great name, titilating description, groovy song.  Points all round. Candy Castle would also be a great stripper name",ffbf774905b14677b32110975750cefe
spotify:track:38dYh2pToiZPEKGVErVISk,fd4c3b50daf548ffa16be6f215d5b883,2024-05-29T19:45:41Z,8,Omg i just love everything about this submission thank you for playing,ffbf774905b14677b32110975750cefe
spotify:track:094zj17xhvUrneycU2teq5,fd4c3b50daf548ffa16be6f215d5b883,2024-05-29T19:45:41Z,4,"Love that you've used this already. Of course animal anything is a great way to name a band. And as per the rules, I'm happy your band pulls away from the genre of this song",ffbf774905b14677b32110975750cefe
spotify:track:3qmvK8QARSPkFTuKeIXSbs,fd4c3b50daf548ffa16be6f215d5b883,2024-05-29T19:45:41Z,4,I really like the specification of 2006 and the stylisation - i think to earn those bonus points You needed to veer further away from the original genre but good submission none the less,ffbf774905b14677b32110975750cefe
spotify:track:4AyjstjONX27kSFbVG0Hgq,fd4c3b50daf548ffa16be6f215d5b883,2024-05-29T19:45:41Z,1,I don't know do i love the name..... and i don't think the song is fun enough that i would justify naming my band after it... maybe I'm being extra harsh but hang in there champ,ffbf774905b14677b32110975750cefe
spotify:track:4khRfibu32AGybm3FmGzk0,fd4c3b50daf548ffa16be6f215d5b883,2024-05-29T19:45:41Z,6,I am omw to buy tickets to your next show rn,ffbf774905b14677b32110975750cefe
spotify:track:094zj17xhvUrneycU2teq5,bdd60b40c4ca4c78a0cbf518560cd06c,2024-05-29T23:40:16Z,6,"haven't thought about Mogwai in a long time.

Ratts of the Capital absolutely make short songs. Bonus points for the fake HT band name. ",ffbf774905b14677b32110975750cefe
spotify:track:127fndSSTEZrx2TV8cd3jM,bdd60b40c4ca4c78a0cbf518560cd06c,2024-05-29T23:40:16Z,3,"Good band name, just wish this had a more exciting comment",ffbf774905b14677b32110975750cefe
spotify:track:2sHshROvRicHcj3pnXeovj,bdd60b40c4ca4c78a0cbf518560cd06c,2024-05-29T23:40:16Z,5,Extra points for the details,ffbf774905b14677b32110975750cefe
spotify:track:3qmvK8QARSPkFTuKeIXSbs,bdd60b40c4ca4c78a0cbf518560cd06c,2024-05-29T23:40:16Z,3,"Do we need to clarify that ""BLEEDITOUT!"" is screamo specifically?


sidenote: This song is a tough listen. Get the mic away from the rapping guy.",ffbf774905b14677b32110975750cefe
spotify:track:4AyjstjONX27kSFbVG0Hgq,bdd60b40c4ca4c78a0cbf518560cd06c,2024-05-29T23:40:16Z,3,,ffbf774905b14677b32110975750cefe
spotify:track:4khRfibu32AGybm3FmGzk0,bdd60b40c4ca4c78a0cbf518560cd06c,2024-05-29T23:40:16Z,2,there's gotta be so many 'the brews' right?,ffbf774905b14677b32110975750cefe
spotify:track:5kfNriitmkNE8mUbZ7gbq8,bdd60b40c4ca4c78a0cbf518560cd06c,2024-05-29T23:40:16Z,3,I can see it,ffbf774905b14677b32110975750cefe
spotify:track:5uh98HlgvoJd2zRWAduj2Y,bdd60b40c4ca4c78a0cbf518560cd06c,2024-05-29T23:40:16Z,5,great comment,ffbf774905b14677b32110975750cefe
spotify:track:094zj17xhvUrneycU2teq5,8be09f03fa73411fbe152872376053d5,2024-05-30T02:55:40Z,5,Just keep the songs under 2 minutes please. 8 is too many minutes,ffbf774905b14677b32110975750cefe
spotify:track:127fndSSTEZrx2TV8cd3jM,8be09f03fa73411fbe152872376053d5,2024-05-30T02:55:40Z,1,,ffbf774905b14677b32110975750cefe
spotify:track:2sHshROvRicHcj3pnXeovj,8be09f03fa73411fbe152872376053d5,2024-05-30T02:55:40Z,5,,ffbf774905b14677b32110975750cefe
spotify:track:38dYh2pToiZPEKGVErVISk,8be09f03fa73411fbe152872376053d5,2024-05-30T02:55:40Z,5,,ffbf774905b14677b32110975750cefe
spotify:track:4AyjstjONX27kSFbVG0Hgq,8be09f03fa73411fbe152872376053d5,2024-05-30T02:55:40Z,3,,ffbf774905b14677b32110975750cefe
spotify:track:4khRfibu32AGybm3FmGzk0,8be09f03fa73411fbe152872376053d5,2024-05-30T02:55:40Z,2,I think I would hate this band even more than I hate the song it was named after. Points for creativity,ffbf774905b14677b32110975750cefe
spotify:track:5kfNriitmkNE8mUbZ7gbq8,8be09f03fa73411fbe152872376053d5,2024-05-30T02:55:40Z,5,The song name fits that description,ffbf774905b14677b32110975750cefe
spotify:track:5uh98HlgvoJd2zRWAduj2Y,8be09f03fa73411fbe152872376053d5,2024-05-30T02:55:40Z,4,,ffbf774905b14677b32110975750cefe
spotify:track:094zj17xhvUrneycU2teq5,7bacef1749b6413995f69a98ea5c5692,2024-05-30T03:34:02Z,6,,ffbf774905b14677b32110975750cefe
spotify:track:127fndSSTEZrx2TV8cd3jM,7bacef1749b6413995f69a98ea5c5692,2024-05-30T03:34:02Z,3,,ffbf774905b14677b32110975750cefe
spotify:track:2sHshROvRicHcj3pnXeovj,7bacef1749b6413995f69a98ea5c5692,2024-05-30T03:34:02Z,3,,ffbf774905b14677b32110975750cefe
spotify:track:38dYh2pToiZPEKGVErVISk,7bacef1749b6413995f69a98ea5c5692,2024-05-30T03:34:02Z,3,,ffbf774905b14677b32110975750cefe
spotify:track:3qmvK8QARSPkFTuKeIXSbs,7bacef1749b6413995f69a98ea5c5692,2024-05-30T03:34:02Z,4,,ffbf774905b14677b32110975750cefe
spotify:track:4AyjstjONX27kSFbVG0Hgq,7bacef1749b6413995f69a98ea5c5692,2024-05-30T03:34:02Z,4,,ffbf774905b14677b32110975750cefe
spotify:track:4khRfibu32AGybm3FmGzk0,7bacef1749b6413995f69a98ea5c5692,2024-05-30T03:34:02Z,4,,ffbf774905b14677b32110975750cefe
spotify:track:5uh98HlgvoJd2zRWAduj2Y,7bacef1749b6413995f69a98ea5c5692,2024-05-30T03:34:02Z,3,,ffbf774905b14677b32110975750cefe
spotify:track:38dYh2pToiZPEKGVErVISk,1dacffd0545140b2970d73e29fe6cf33,2024-05-30T19:13:34Z,2,,ffbf774905b14677b32110975750cefe
spotify:track:094zj17xhvUrneycU2teq5,1dacffd0545140b2970d73e29fe6cf33,2024-05-30T19:13:34Z,2,,ffbf774905b14677b32110975750cefe
spotify:track:127fndSSTEZrx2TV8cd3jM,1dacffd0545140b2970d73e29fe6cf33,2024-05-30T19:13:34Z,6,,ffbf774905b14677b32110975750cefe
spotify:track:2sHshROvRicHcj3pnXeovj,1dacffd0545140b2970d73e29fe6cf33,2024-05-30T19:13:34Z,4,,ffbf774905b14677b32110975750cefe
spotify:track:3qmvK8QARSPkFTuKeIXSbs,1dacffd0545140b2970d73e29fe6cf33,2024-05-30T19:13:34Z,4,,ffbf774905b14677b32110975750cefe
spotify:track:4AyjstjONX27kSFbVG0Hgq,1dacffd0545140b2970d73e29fe6cf33,2024-05-30T19:13:34Z,8,,ffbf774905b14677b32110975750cefe
spotify:track:5uh98HlgvoJd2zRWAduj2Y,1dacffd0545140b2970d73e29fe6cf33,2024-05-30T19:13:34Z,4,,ffbf774905b14677b32110975750cefe
spotify:track:2sHshROvRicHcj3pnXeovj,e305e2cab85b4f929234bfdf98d6c6d0,2024-05-30T21:27:36Z,7,,ffbf774905b14677b32110975750cefe
spotify:track:38dYh2pToiZPEKGVErVISk,e305e2cab85b4f929234bfdf98d6c6d0,2024-05-30T21:27:36Z,4,,ffbf774905b14677b32110975750cefe
spotify:track:3qmvK8QARSPkFTuKeIXSbs,e305e2cab85b4f929234bfdf98d6c6d0,2024-05-30T21:27:36Z,3,,ffbf774905b14677b32110975750cefe
spotify:track:4AyjstjONX27kSFbVG0Hgq,e305e2cab85b4f929234bfdf98d6c6d0,2024-05-30T21:27:36Z,2,,ffbf774905b14677b32110975750cefe
spotify:track:4khRfibu32AGybm3FmGzk0,e305e2cab85b4f929234bfdf98d6c6d0,2024-05-30T21:27:36Z,5,,ffbf774905b14677b32110975750cefe
spotify:track:5kfNriitmkNE8mUbZ7gbq8,e305e2cab85b4f929234bfdf98d6c6d0,2024-05-30T21:27:36Z,3,,ffbf774905b14677b32110975750cefe
spotify:track:5uh98HlgvoJd2zRWAduj2Y,e305e2cab85b4f929234bfdf98d6c6d0,2024-05-30T21:27:36Z,3,,ffbf774905b14677b32110975750cefe
spotify:track:127fndSSTEZrx2TV8cd3jM,e305e2cab85b4f929234bfdf98d6c6d0,2024-05-30T21:27:36Z,3,,ffbf774905b14677b32110975750cefe
spotify:track:5uh98HlgvoJd2zRWAduj2Y,fee7e973fd6f45d48299e77843f5cb17,2024-05-31T02:44:42Z,3,,ffbf774905b14677b32110975750cefe
spotify:track:094zj17xhvUrneycU2teq5,fee7e973fd6f45d48299e77843f5cb17,2024-05-31T02:44:42Z,6,,ffbf774905b14677b32110975750cefe
spotify:track:127fndSSTEZrx2TV8cd3jM,fee7e973fd6f45d48299e77843f5cb17,2024-05-31T02:44:42Z,4,,ffbf774905b14677b32110975750cefe
spotify:track:2sHshROvRicHcj3pnXeovj,fee7e973fd6f45d48299e77843f5cb17,2024-05-31T02:44:42Z,4,,ffbf774905b14677b32110975750cefe
spotify:track:38dYh2pToiZPEKGVErVISk,fee7e973fd6f45d48299e77843f5cb17,2024-05-31T02:44:42Z,5,,ffbf774905b14677b32110975750cefe
spotify:track:3qmvK8QARSPkFTuKeIXSbs,fee7e973fd6f45d48299e77843f5cb17,2024-05-31T02:44:42Z,3,,ffbf774905b14677b32110975750cefe
spotify:track:4khRfibu32AGybm3FmGzk0,fee7e973fd6f45d48299e77843f5cb17,2024-05-31T02:44:42Z,3,,ffbf774905b14677b32110975750cefe
spotify:track:5kfNriitmkNE8mUbZ7gbq8,fee7e973fd6f45d48299e77843f5cb17,2024-05-31T02:44:42Z,2,2 points strictly for my anger at Khalid for delaying my commute home by an hour one time,ffbf774905b14677b32110975750cefe
spotify:track:094zj17xhvUrneycU2teq5,58386a2a504f4fd08caed77112bedc82,2024-05-31T02:51:02Z,4,,ffbf774905b14677b32110975750cefe
spotify:track:127fndSSTEZrx2TV8cd3jM,58386a2a504f4fd08caed77112bedc82,2024-05-31T02:51:02Z,2,,ffbf774905b14677b32110975750cefe
spotify:track:38dYh2pToiZPEKGVErVISk,58386a2a504f4fd08caed77112bedc82,2024-05-31T02:51:02Z,2,,ffbf774905b14677b32110975750cefe
spotify:track:3qmvK8QARSPkFTuKeIXSbs,58386a2a504f4fd08caed77112bedc82,2024-05-31T02:51:02Z,4,,ffbf774905b14677b32110975750cefe
spotify:track:4AyjstjONX27kSFbVG0Hgq,58386a2a504f4fd08caed77112bedc82,2024-05-31T02:51:02Z,7,,ffbf774905b14677b32110975750cefe
spotify:track:5kfNriitmkNE8mUbZ7gbq8,58386a2a504f4fd08caed77112bedc82,2024-05-31T02:51:02Z,6,,ffbf774905b14677b32110975750cefe
spotify:track:5uh98HlgvoJd2zRWAduj2Y,58386a2a504f4fd08caed77112bedc82,2024-05-31T02:51:02Z,5,,ffbf774905b14677b32110975750cefe
spotify:track:094zj17xhvUrneycU2teq5,6f242fee70fa48f39bcd637c09e46ea8,2024-05-31T02:51:37Z,7,,ffbf774905b14677b32110975750cefe
spotify:track:5uh98HlgvoJd2zRWAduj2Y,6f242fee70fa48f39bcd637c09e46ea8,2024-05-31T02:51:37Z,6,,ffbf774905b14677b32110975750cefe
spotify:track:2sHshROvRicHcj3pnXeovj,6f242fee70fa48f39bcd637c09e46ea8,2024-05-31T02:51:37Z,2,,ffbf774905b14677b32110975750cefe
spotify:track:38dYh2pToiZPEKGVErVISk,6f242fee70fa48f39bcd637c09e46ea8,2024-05-31T02:51:37Z,1,,ffbf774905b14677b32110975750cefe
spotify:track:3qmvK8QARSPkFTuKeIXSbs,6f242fee70fa48f39bcd637c09e46ea8,2024-05-31T02:51:37Z,4,,ffbf774905b14677b32110975750cefe
spotify:track:4AyjstjONX27kSFbVG0Hgq,6f242fee70fa48f39bcd637c09e46ea8,2024-05-31T02:51:37Z,3,,ffbf774905b14677b32110975750cefe
spotify:track:4khRfibu32AGybm3FmGzk0,6f242fee70fa48f39bcd637c09e46ea8,2024-05-31T02:51:37Z,3,,ffbf774905b14677b32110975750cefe
spotify:track:5kfNriitmkNE8mUbZ7gbq8,6f242fee70fa48f39bcd637c09e46ea8,2024-05-31T02:51:37Z,4,,ffbf774905b14677b32110975750cefe
spotify:track:7qC4nH3t1V5PCM7VIweG6B,bdd60b40c4ca4c78a0cbf518560cd06c,2024-06-03T18:02:53Z,4,,2028180d975e4abc8e991f2dc79bac09
spotify:track:1j8z4TTjJ1YOdoFEDwJTQa,bdd60b40c4ca4c78a0cbf518560cd06c,2024-06-03T18:02:53Z,6,unfortunately the real world contains unknown forces,2028180d975e4abc8e991f2dc79bac09
spotify:track:5OL8fXk5wyeB7g2eg5B9Xh,bdd60b40c4ca4c78a0cbf518560cd06c,2024-06-03T18:02:53Z,4,nightly ritual of..... of what? of what?!,2028180d975e4abc8e991f2dc79bac09
spotify:track:5Hroj5K7vLpIG4FNCRIjbP,bdd60b40c4ca4c78a0cbf518560cd06c,2024-06-03T18:02:53Z,3,"is this what imagine dragons is?
i hate the song but feels appropriate to get murdered to",2028180d975e4abc8e991f2dc79bac09
spotify:track:1gihuPhrLraKYrJMAEONyc,bdd60b40c4ca4c78a0cbf518560cd06c,2024-06-03T18:02:53Z,3,,2028180d975e4abc8e991f2dc79bac09
spotify:track:4aMwsyslGJSFBGkHVfwii4,bdd60b40c4ca4c78a0cbf518560cd06c,2024-06-03T18:02:53Z,3,,2028180d975e4abc8e991f2dc79bac09
spotify:track:2UH4rbT5WrO2sDCanZI0vX,bdd60b40c4ca4c78a0cbf518560cd06c,2024-06-03T18:02:53Z,3,hah,2028180d975e4abc8e991f2dc79bac09
spotify:track:1LwISx4hhmcKw4CL78CCnu,bdd60b40c4ca4c78a0cbf518560cd06c,2024-06-03T18:02:53Z,4,a little on the nose with the song title but great comment,2028180d975e4abc8e991f2dc79bac09
spotify:track:1gihuPhrLraKYrJMAEONyc,6f242fee70fa48f39bcd637c09e46ea8,2024-06-04T01:02:28Z,5,,2028180d975e4abc8e991f2dc79bac09
spotify:track:1j8z4TTjJ1YOdoFEDwJTQa,6f242fee70fa48f39bcd637c09e46ea8,2024-06-04T01:02:28Z,6,love paramore but this is an anthem of pharmacycore and I cannot see it playing in the woods. still a good pick though.,2028180d975e4abc8e991f2dc79bac09
spotify:track:1LwISx4hhmcKw4CL78CCnu,6f242fee70fa48f39bcd637c09e46ea8,2024-06-04T01:02:28Z,3,,2028180d975e4abc8e991f2dc79bac09
spotify:track:2UH4rbT5WrO2sDCanZI0vX,6f242fee70fa48f39bcd637c09e46ea8,2024-06-04T01:02:28Z,7,a very respectable cursed energy stomp clap song,2028180d975e4abc8e991f2dc79bac09
spotify:track:5OL8fXk5wyeB7g2eg5B9Xh,6f242fee70fa48f39bcd637c09e46ea8,2024-06-04T01:02:28Z,4,,2028180d975e4abc8e991f2dc79bac09
spotify:track:7qC4nH3t1V5PCM7VIweG6B,6f242fee70fa48f39bcd637c09e46ea8,2024-06-04T01:02:28Z,5,,2028180d975e4abc8e991f2dc79bac09
spotify:track:1gihuPhrLraKYrJMAEONyc,fd4c3b50daf548ffa16be6f215d5b883,2024-06-04T11:11:25Z,7,Banger. I like that you got to submit a song about being close to someone that wasn't one of the obvious choices ,2028180d975e4abc8e991f2dc79bac09
spotify:track:0YD6yjCw8EjRGf6Um4wQST,fd4c3b50daf548ffa16be6f215d5b883,2024-06-04T11:11:25Z,3,I am a child of December (5th) ! So this movie would be pretty scary for me if I'm the intended target. I really liked your set up. Don't think I love the song but still a fun premise,2028180d975e4abc8e991f2dc79bac09
spotify:track:1j8z4TTjJ1YOdoFEDwJTQa,fd4c3b50daf548ffa16be6f215d5b883,2024-06-04T11:11:25Z,8,"Oh ya this is great! Very good, I also enjoy how the ""living in the real world"" part could be from the perspective of the unknown force that's been pulled into this world",2028180d975e4abc8e991f2dc79bac09
spotify:track:2UH4rbT5WrO2sDCanZI0vX,fd4c3b50daf548ffa16be6f215d5b883,2024-06-04T11:11:25Z,1,*raspberry noise*,2028180d975e4abc8e991f2dc79bac09
spotify:track:4aMwsyslGJSFBGkHVfwii4,fd4c3b50daf548ffa16be6f215d5b883,2024-06-04T11:11:25Z,2,"Lots of forces at play here. Begs the question would vampires be scared of zombies? Surely not, as they are the sexier and more powerful undead creatures. Would they be scared of poltergeists? Depends on if they can see them or not I think. Think this song is good but maybe would have been at the point of the movie where all the shit has hit the fan rather than the happy build-up",2028180d975e4abc8e991f2dc79bac09
spotify:track:5Hroj5K7vLpIG4FNCRIjbP,fd4c3b50daf548ffa16be6f215d5b883,2024-06-04T11:11:25Z,1,Great comment and I totally agree with you but I'm sorry this was one of the obvious choices I had assigned in my head ,2028180d975e4abc8e991f2dc79bac09
spotify:track:5OL8fXk5wyeB7g2eg5B9Xh,fd4c3b50daf548ffa16be6f215d5b883,2024-06-04T11:11:25Z,2,Oooohhh mystery and intrigue in your comment,2028180d975e4abc8e991f2dc79bac09
spotify:track:7qC4nH3t1V5PCM7VIweG6B,fd4c3b50daf548ffa16be6f215d5b883,2024-06-04T11:11:25Z,6,I like this song and I like your comment. I am imagining you are the first unsuspecting vicitm in a Final Destination type movie,2028180d975e4abc8e991f2dc79bac09
spotify:track:0YD6yjCw8EjRGf6Um4wQST,1dacffd0545140b2970d73e29fe6cf33,2024-06-04T20:53:01Z,3,,2028180d975e4abc8e991f2dc79bac09
spotify:track:7qC4nH3t1V5PCM7VIweG6B,1dacffd0545140b2970d73e29fe6cf33,2024-06-04T20:53:01Z,3,,2028180d975e4abc8e991f2dc79bac09
spotify:track:5OL8fXk5wyeB7g2eg5B9Xh,1dacffd0545140b2970d73e29fe6cf33,2024-06-04T20:53:01Z,5,,2028180d975e4abc8e991f2dc79bac09
spotify:track:5Hroj5K7vLpIG4FNCRIjbP,1dacffd0545140b2970d73e29fe6cf33,2024-06-04T20:53:01Z,3,,2028180d975e4abc8e991f2dc79bac09
spotify:track:2UH4rbT5WrO2sDCanZI0vX,1dacffd0545140b2970d73e29fe6cf33,2024-06-04T20:53:01Z,4,,2028180d975e4abc8e991f2dc79bac09
spotify:track:1LwISx4hhmcKw4CL78CCnu,1dacffd0545140b2970d73e29fe6cf33,2024-06-04T20:53:01Z,6,,2028180d975e4abc8e991f2dc79bac09
spotify:track:1j8z4TTjJ1YOdoFEDwJTQa,1dacffd0545140b2970d73e29fe6cf33,2024-06-04T20:53:01Z,3,,2028180d975e4abc8e991f2dc79bac09
spotify:track:1gihuPhrLraKYrJMAEONyc,1dacffd0545140b2970d73e29fe6cf33,2024-06-04T20:53:01Z,3,,2028180d975e4abc8e991f2dc79bac09
spotify:track:2UH4rbT5WrO2sDCanZI0vX,e305e2cab85b4f929234bfdf98d6c6d0,2024-06-04T21:24:45Z,2,,2028180d975e4abc8e991f2dc79bac09
spotify:track:0YD6yjCw8EjRGf6Um4wQST,e305e2cab85b4f929234bfdf98d6c6d0,2024-06-04T21:24:45Z,7,,2028180d975e4abc8e991f2dc79bac09
spotify:track:1gihuPhrLraKYrJMAEONyc,e305e2cab85b4f929234bfdf98d6c6d0,2024-06-04T21:24:45Z,1,,2028180d975e4abc8e991f2dc79bac09
spotify:track:1j8z4TTjJ1YOdoFEDwJTQa,e305e2cab85b4f929234bfdf98d6c6d0,2024-06-04T21:24:45Z,3,,2028180d975e4abc8e991f2dc79bac09
spotify:track:1LwISx4hhmcKw4CL78CCnu,e305e2cab85b4f929234bfdf98d6c6d0,2024-06-04T21:24:45Z,5,,2028180d975e4abc8e991f2dc79bac09
spotify:track:4aMwsyslGJSFBGkHVfwii4,e305e2cab85b4f929234bfdf98d6c6d0,2024-06-04T21:24:45Z,7,,2028180d975e4abc8e991f2dc79bac09
spotify:track:5Hroj5K7vLpIG4FNCRIjbP,e305e2cab85b4f929234bfdf98d6c6d0,2024-06-04T21:24:45Z,1,,2028180d975e4abc8e991f2dc79bac09
spotify:track:5OL8fXk5wyeB7g2eg5B9Xh,e305e2cab85b4f929234bfdf98d6c6d0,2024-06-04T21:24:45Z,4,Billy Bragg gonna Billy Bragg,2028180d975e4abc8e991f2dc79bac09
spotify:track:0YD6yjCw8EjRGf6Um4wQST,8be09f03fa73411fbe152872376053d5,2024-06-05T21:16:57Z,2,,2028180d975e4abc8e991f2dc79bac09
spotify:track:1gihuPhrLraKYrJMAEONyc,8be09f03fa73411fbe152872376053d5,2024-06-05T21:16:57Z,4,,2028180d975e4abc8e991f2dc79bac09
spotify:track:1j8z4TTjJ1YOdoFEDwJTQa,8be09f03fa73411fbe152872376053d5,2024-06-05T21:16:57Z,7,,2028180d975e4abc8e991f2dc79bac09
spotify:track:1LwISx4hhmcKw4CL78CCnu,8be09f03fa73411fbe152872376053d5,2024-06-05T21:16:57Z,5,,2028180d975e4abc8e991f2dc79bac09
spotify:track:2UH4rbT5WrO2sDCanZI0vX,8be09f03fa73411fbe152872376053d5,2024-06-05T21:16:57Z,2,,2028180d975e4abc8e991f2dc79bac09
spotify:track:4aMwsyslGJSFBGkHVfwii4,8be09f03fa73411fbe152872376053d5,2024-06-05T21:16:57Z,3,,2028180d975e4abc8e991f2dc79bac09
spotify:track:5Hroj5K7vLpIG4FNCRIjbP,8be09f03fa73411fbe152872376053d5,2024-06-05T21:16:57Z,2,,2028180d975e4abc8e991f2dc79bac09
spotify:track:7qC4nH3t1V5PCM7VIweG6B,8be09f03fa73411fbe152872376053d5,2024-06-05T21:16:57Z,5,,2028180d975e4abc8e991f2dc79bac09
spotify:track:0YD6yjCw8EjRGf6Um4wQST,58386a2a504f4fd08caed77112bedc82,2024-06-05T23:26:22Z,1,,2028180d975e4abc8e991f2dc79bac09
spotify:track:1gihuPhrLraKYrJMAEONyc,58386a2a504f4fd08caed77112bedc82,2024-06-05T23:26:22Z,5,,2028180d975e4abc8e991f2dc79bac09
spotify:track:1LwISx4hhmcKw4CL78CCnu,58386a2a504f4fd08caed77112bedc82,2024-06-05T23:26:22Z,3,,2028180d975e4abc8e991f2dc79bac09
spotify:track:2UH4rbT5WrO2sDCanZI0vX,58386a2a504f4fd08caed77112bedc82,2024-06-05T23:26:22Z,5,,2028180d975e4abc8e991f2dc79bac09
spotify:track:5Hroj5K7vLpIG4FNCRIjbP,58386a2a504f4fd08caed77112bedc82,2024-06-05T23:26:22Z,10,"Fuck I hate this song but yeah, very prompt fitting so take the ten",2028180d975e4abc8e991f2dc79bac09
spotify:track:5OL8fXk5wyeB7g2eg5B9Xh,58386a2a504f4fd08caed77112bedc82,2024-06-05T23:26:22Z,1,,2028180d975e4abc8e991f2dc79bac09
spotify:track:7qC4nH3t1V5PCM7VIweG6B,58386a2a504f4fd08caed77112bedc82,2024-06-05T23:26:22Z,5,,2028180d975e4abc8e991f2dc79bac09
spotify:track:0YD6yjCw8EjRGf6Um4wQST,7bacef1749b6413995f69a98ea5c5692,2024-06-06T02:03:45Z,4,,2028180d975e4abc8e991f2dc79bac09
spotify:track:1j8z4TTjJ1YOdoFEDwJTQa,7bacef1749b6413995f69a98ea5c5692,2024-06-06T02:03:45Z,4,,2028180d975e4abc8e991f2dc79bac09
spotify:track:1LwISx4hhmcKw4CL78CCnu,7bacef1749b6413995f69a98ea5c5692,2024-06-06T02:03:45Z,7,,2028180d975e4abc8e991f2dc79bac09
spotify:track:2UH4rbT5WrO2sDCanZI0vX,7bacef1749b6413995f69a98ea5c5692,2024-06-06T02:03:45Z,3,,2028180d975e4abc8e991f2dc79bac09
spotify:track:4aMwsyslGJSFBGkHVfwii4,7bacef1749b6413995f69a98ea5c5692,2024-06-06T02:03:45Z,3,,2028180d975e4abc8e991f2dc79bac09
spotify:track:5Hroj5K7vLpIG4FNCRIjbP,7bacef1749b6413995f69a98ea5c5692,2024-06-06T02:03:45Z,3,,2028180d975e4abc8e991f2dc79bac09
spotify:track:5OL8fXk5wyeB7g2eg5B9Xh,7bacef1749b6413995f69a98ea5c5692,2024-06-06T02:03:45Z,3,,2028180d975e4abc8e991f2dc79bac09
spotify:track:7qC4nH3t1V5PCM7VIweG6B,7bacef1749b6413995f69a98ea5c5692,2024-06-06T02:03:45Z,3,,2028180d975e4abc8e991f2dc79bac09
spotify:track:0YD6yjCw8EjRGf6Um4wQST,fee7e973fd6f45d48299e77843f5cb17,2024-06-06T02:23:10Z,3,,2028180d975e4abc8e991f2dc79bac09
spotify:track:1gihuPhrLraKYrJMAEONyc,fee7e973fd6f45d48299e77843f5cb17,2024-06-06T02:23:10Z,5,,2028180d975e4abc8e991f2dc79bac09
spotify:track:1j8z4TTjJ1YOdoFEDwJTQa,fee7e973fd6f45d48299e77843f5cb17,2024-06-06T02:23:10Z,5,,2028180d975e4abc8e991f2dc79bac09
spotify:track:1LwISx4hhmcKw4CL78CCnu,fee7e973fd6f45d48299e77843f5cb17,2024-06-06T02:23:10Z,3,,2028180d975e4abc8e991f2dc79bac09
spotify:track:4aMwsyslGJSFBGkHVfwii4,fee7e973fd6f45d48299e77843f5cb17,2024-06-06T02:23:10Z,3,,2028180d975e4abc8e991f2dc79bac09
spotify:track:5Hroj5K7vLpIG4FNCRIjbP,fee7e973fd6f45d48299e77843f5cb17,2024-06-06T02:23:10Z,6,,2028180d975e4abc8e991f2dc79bac09
spotify:track:5OL8fXk5wyeB7g2eg5B9Xh,fee7e973fd6f45d48299e77843f5cb17,2024-06-06T02:23:10Z,2,,2028180d975e4abc8e991f2dc79bac09
spotify:track:7qC4nH3t1V5PCM7VIweG6B,fee7e973fd6f45d48299e77843f5cb17,2024-06-06T02:23:10Z,3,,2028180d975e4abc8e991f2dc79bac09
spotify:track:0QP0kYZhYHnO8fthKntc8Z,58386a2a504f4fd08caed77112bedc82,2024-06-09T06:53:48Z,4,,11f01b9311a34db79a3abfe7018a5960
spotify:track:4ACS8SnOb3WDwtzNTxKMUB,58386a2a504f4fd08caed77112bedc82,2024-06-09T06:53:48Z,10,This was my choice but you got it first so I have no choice but to 10 point it,11f01b9311a34db79a3abfe7018a5960
spotify:track:45Egmo7icyopuzJN0oMEdk,58386a2a504f4fd08caed77112bedc82,2024-06-09T06:53:48Z,2,,11f01b9311a34db79a3abfe7018a5960
spotify:track:2La74vQJjGEbn0LdTKTGGY,58386a2a504f4fd08caed77112bedc82,2024-06-09T06:53:48Z,5,,11f01b9311a34db79a3abfe7018a5960
spotify:track:2BFnfCnAW6O1a1vZ8NZvkO,58386a2a504f4fd08caed77112bedc82,2024-06-09T06:53:48Z,9,,11f01b9311a34db79a3abfe7018a5960
spotify:track:70SUqMnl69mui5lpfebWJk,e305e2cab85b4f929234bfdf98d6c6d0,2024-06-09T21:36:29Z,3,,11f01b9311a34db79a3abfe7018a5960
spotify:track:4ACS8SnOb3WDwtzNTxKMUB,e305e2cab85b4f929234bfdf98d6c6d0,2024-06-09T21:36:29Z,5,,11f01b9311a34db79a3abfe7018a5960
spotify:track:45Egmo7icyopuzJN0oMEdk,e305e2cab85b4f929234bfdf98d6c6d0,2024-06-09T21:36:29Z,5,,11f01b9311a34db79a3abfe7018a5960
spotify:track:2La74vQJjGEbn0LdTKTGGY,e305e2cab85b4f929234bfdf98d6c6d0,2024-06-09T21:36:29Z,3,,11f01b9311a34db79a3abfe7018a5960
spotify:track:2da9h1pCIMC7VCq8OzugAy,e305e2cab85b4f929234bfdf98d6c6d0,2024-06-09T21:36:29Z,4,,11f01b9311a34db79a3abfe7018a5960
spotify:track:2BFnfCnAW6O1a1vZ8NZvkO,e305e2cab85b4f929234bfdf98d6c6d0,2024-06-09T21:36:29Z,5,,11f01b9311a34db79a3abfe7018a5960
spotify:track:1hdy4r0Y2L4hiqTGb67X1u,e305e2cab85b4f929234bfdf98d6c6d0,2024-06-09T21:36:29Z,5,,11f01b9311a34db79a3abfe7018a5960
spotify:track:70SUqMnl69mui5lpfebWJk,bdd60b40c4ca4c78a0cbf518560cd06c,2024-06-10T13:25:00Z,5,,11f01b9311a34db79a3abfe7018a5960
spotify:track:45Egmo7icyopuzJN0oMEdk,bdd60b40c4ca4c78a0cbf518560cd06c,2024-06-10T13:25:00Z,2,,11f01b9311a34db79a3abfe7018a5960
spotify:track:2La74vQJjGEbn0LdTKTGGY,bdd60b40c4ca4c78a0cbf518560cd06c,2024-06-10T13:25:00Z,4,,11f01b9311a34db79a3abfe7018a5960
spotify:track:2da9h1pCIMC7VCq8OzugAy,bdd60b40c4ca4c78a0cbf518560cd06c,2024-06-10T13:25:00Z,4,,11f01b9311a34db79a3abfe7018a5960
spotify:track:2BFnfCnAW6O1a1vZ8NZvkO,bdd60b40c4ca4c78a0cbf518560cd06c,2024-06-10T13:25:00Z,2,,11f01b9311a34db79a3abfe7018a5960
spotify:track:1hdy4r0Y2L4hiqTGb67X1u,bdd60b40c4ca4c78a0cbf518560cd06c,2024-06-10T13:25:00Z,3,,11f01b9311a34db79a3abfe7018a5960
spotify:track:0QP0kYZhYHnO8fthKntc8Z,bdd60b40c4ca4c78a0cbf518560cd06c,2024-06-10T13:25:00Z,5,,11f01b9311a34db79a3abfe7018a5960
spotify:track:4ACS8SnOb3WDwtzNTxKMUB,bdd60b40c4ca4c78a0cbf518560cd06c,2024-06-10T13:25:00Z,5,,11f01b9311a34db79a3abfe7018a5960
spotify:track:2BFnfCnAW6O1a1vZ8NZvkO,1dacffd0545140b2970d73e29fe6cf33,2024-06-10T16:52:02Z,10,,11f01b9311a34db79a3abfe7018a5960
spotify:track:1hdy4r0Y2L4hiqTGb67X1u,1dacffd0545140b2970d73e29fe6cf33,2024-06-10T16:52:02Z,10,,11f01b9311a34db79a3abfe7018a5960
spotify:track:2La74vQJjGEbn0LdTKTGGY,1dacffd0545140b2970d73e29fe6cf33,2024-06-10T16:52:02Z,10,,11f01b9311a34db79a3abfe7018a5960
spotify:track:0QP0kYZhYHnO8fthKntc8Z,7bacef1749b6413995f69a98ea5c5692,2024-06-10T17:20:14Z,2,,11f01b9311a34db79a3abfe7018a5960
spotify:track:1hdy4r0Y2L4hiqTGb67X1u,7bacef1749b6413995f69a98ea5c5692,2024-06-10T17:20:14Z,2,,11f01b9311a34db79a3abfe7018a5960
spotify:track:1k691v8ChLgDiuLLKnjyj6,7bacef1749b6413995f69a98ea5c5692,2024-06-10T17:20:14Z,2,,11f01b9311a34db79a3abfe7018a5960
spotify:track:2BFnfCnAW6O1a1vZ8NZvkO,7bacef1749b6413995f69a98ea5c5692,2024-06-10T17:20:14Z,6,,11f01b9311a34db79a3abfe7018a5960
spotify:track:2da9h1pCIMC7VCq8OzugAy,7bacef1749b6413995f69a98ea5c5692,2024-06-10T17:20:14Z,2,,11f01b9311a34db79a3abfe7018a5960
spotify:track:2La74vQJjGEbn0LdTKTGGY,7bacef1749b6413995f69a98ea5c5692,2024-06-10T17:20:14Z,8,,11f01b9311a34db79a3abfe7018a5960
spotify:track:4ACS8SnOb3WDwtzNTxKMUB,7bacef1749b6413995f69a98ea5c5692,2024-06-10T17:20:14Z,2,,11f01b9311a34db79a3abfe7018a5960
spotify:track:70SUqMnl69mui5lpfebWJk,7bacef1749b6413995f69a98ea5c5692,2024-06-10T17:20:14Z,6,,11f01b9311a34db79a3abfe7018a5960
spotify:track:70SUqMnl69mui5lpfebWJk,6f242fee70fa48f39bcd637c09e46ea8,2024-06-11T03:35:55Z,4,,11f01b9311a34db79a3abfe7018a5960
spotify:track:0QP0kYZhYHnO8fthKntc8Z,6f242fee70fa48f39bcd637c09e46ea8,2024-06-11T03:35:55Z,4,,11f01b9311a34db79a3abfe7018a5960
spotify:track:1hdy4r0Y2L4hiqTGb67X1u,6f242fee70fa48f39bcd637c09e46ea8,2024-06-11T03:35:55Z,5,,11f01b9311a34db79a3abfe7018a5960
spotify:track:1k691v8ChLgDiuLLKnjyj6,6f242fee70fa48f39bcd637c09e46ea8,2024-06-11T03:35:55Z,7,,11f01b9311a34db79a3abfe7018a5960
spotify:track:2BFnfCnAW6O1a1vZ8NZvkO,6f242fee70fa48f39bcd637c09e46ea8,2024-06-11T03:35:55Z,4,I hate this kind of production but giving it 4 for the intro attempting “Evil version of Home by Edward Sharpe”,11f01b9311a34db79a3abfe7018a5960
spotify:track:45Egmo7icyopuzJN0oMEdk,6f242fee70fa48f39bcd637c09e46ea8,2024-06-11T03:35:55Z,4,,11f01b9311a34db79a3abfe7018a5960
spotify:track:4ACS8SnOb3WDwtzNTxKMUB,6f242fee70fa48f39bcd637c09e46ea8,2024-06-11T03:35:55Z,2,,11f01b9311a34db79a3abfe7018a5960
spotify:track:1hdy4r0Y2L4hiqTGb67X1u,fd4c3b50daf548ffa16be6f215d5b883,2024-06-11T07:51:55Z,2,You are lucky its a sunny day or I wouldn't have been so likely as to give this a chance. But actually I'm enjoying it. A moderate amount,11f01b9311a34db79a3abfe7018a5960
spotify:track:0QP0kYZhYHnO8fthKntc8Z,fd4c3b50daf548ffa16be6f215d5b883,2024-06-11T07:51:55Z,7,Okay this is right up my street. I'm loving the sound of this. It sounds like what would play in the club scene of a pretentious teen drama (complimentary),11f01b9311a34db79a3abfe7018a5960
spotify:track:70SUqMnl69mui5lpfebWJk,fd4c3b50daf548ffa16be6f215d5b883,2024-06-11T07:51:55Z,6,Absolute heaven sent banger to close us out. When legends meet legends,11f01b9311a34db79a3abfe7018a5960
spotify:track:4ACS8SnOb3WDwtzNTxKMUB,fd4c3b50daf548ffa16be6f215d5b883,2024-06-11T07:51:55Z,4,Haha this was great,11f01b9311a34db79a3abfe7018a5960
spotify:track:45Egmo7icyopuzJN0oMEdk,fd4c3b50daf548ffa16be6f215d5b883,2024-06-11T07:51:55Z,1,I'm counting this as obvious on the basis of it being played everywhere when it came out. I do really like both their voices though,11f01b9311a34db79a3abfe7018a5960
spotify:track:2La74vQJjGEbn0LdTKTGGY,fd4c3b50daf548ffa16be6f215d5b883,2024-06-11T07:51:55Z,7,"Aw you. Thank you. You're very kind. I love this song. Love CHVRCHES, love Robert Smith. Love you? I could learn to",11f01b9311a34db79a3abfe7018a5960
spotify:track:2da9h1pCIMC7VCq8OzugAy,fd4c3b50daf548ffa16be6f215d5b883,2024-06-11T07:51:55Z,2," I usually automatically hate songs that fall into this kind of sound but I'm really enjoying their voices. Does it mean I'm liking it? Not particularly. I like this slow-down bit",11f01b9311a34db79a3abfe7018a5960
spotify:track:1k691v8ChLgDiuLLKnjyj6,fd4c3b50daf548ffa16be6f215d5b883,2024-06-11T07:51:55Z,1,Did we used to have a moritorium on John Prine? Does this count a little bit as an obvious choice? I'm conflicted,11f01b9311a34db79a3abfe7018a5960
spotify:track:1k691v8ChLgDiuLLKnjyj6,fee7e973fd6f45d48299e77843f5cb17,2024-06-11T13:18:48Z,2,,11f01b9311a34db79a3abfe7018a5960
spotify:track:0QP0kYZhYHnO8fthKntc8Z,fee7e973fd6f45d48299e77843f5cb17,2024-06-11T13:18:48Z,3,,11f01b9311a34db79a3abfe7018a5960
spotify:track:70SUqMnl69mui5lpfebWJk,fee7e973fd6f45d48299e77843f5cb17,2024-06-11T13:18:48Z,4,,11f01b9311a34db79a3abfe7018a5960
spotify:track:4ACS8SnOb3WDwtzNTxKMUB,fee7e973fd6f45d48299e77843f5cb17,2024-06-11T13:18:48Z,2,,11f01b9311a34db79a3abfe7018a5960
spotify:track:45Egmo7icyopuzJN0oMEdk,fee7e973fd6f45d48299e77843f5cb17,2024-06-11T13:18:48Z,3,,11f01b9311a34db79a3abfe7018a5960
spotify:track:2La74vQJjGEbn0LdTKTGGY,fee7e973fd6f45d48299e77843f5cb17,2024-06-11T13:18:48Z,6,,11f01b9311a34db79a3abfe7018a5960
spotify:track:2BFnfCnAW6O1a1vZ8NZvkO,fee7e973fd6f45d48299e77843f5cb17,2024-06-11T13:18:48Z,6,,11f01b9311a34db79a3abfe7018a5960
spotify:track:1hdy4r0Y2L4hiqTGb67X1u,fee7e973fd6f45d48299e77843f5cb17,2024-06-11T13:18:48Z,4,,11f01b9311a34db79a3abfe7018a5960
spotify:track:1k691v8ChLgDiuLLKnjyj6,8be09f03fa73411fbe152872376053d5,2024-06-11T13:34:48Z,4,,11f01b9311a34db79a3abfe7018a5960
spotify:track:70SUqMnl69mui5lpfebWJk,8be09f03fa73411fbe152872376053d5,2024-06-11T13:34:48Z,5,,11f01b9311a34db79a3abfe7018a5960
spotify:track:4ACS8SnOb3WDwtzNTxKMUB,8be09f03fa73411fbe152872376053d5,2024-06-11T13:34:48Z,3,,11f01b9311a34db79a3abfe7018a5960
spotify:track:45Egmo7icyopuzJN0oMEdk,8be09f03fa73411fbe152872376053d5,2024-06-11T13:34:48Z,2,,11f01b9311a34db79a3abfe7018a5960
spotify:track:2La74vQJjGEbn0LdTKTGGY,8be09f03fa73411fbe152872376053d5,2024-06-11T13:34:48Z,3,,11f01b9311a34db79a3abfe7018a5960
spotify:track:2da9h1pCIMC7VCq8OzugAy,8be09f03fa73411fbe152872376053d5,2024-06-11T13:34:48Z,3,,11f01b9311a34db79a3abfe7018a5960
spotify:track:2BFnfCnAW6O1a1vZ8NZvkO,8be09f03fa73411fbe152872376053d5,2024-06-11T13:34:48Z,5,,11f01b9311a34db79a3abfe7018a5960
spotify:track:0QP0kYZhYHnO8fthKntc8Z,8be09f03fa73411fbe152872376053d5,2024-06-11T13:34:48Z,5,,11f01b9311a34db79a3abfe7018a5960
spotify:track:0aiJF3M2Tj5iHfQSmvR943,8be09f03fa73411fbe152872376053d5,2024-06-13T02:07:45Z,5,Can't believe punk would stray so far from its traditional conservative values. RIP 1977-2023,62868a33d46347a8b474958957bbafdd
spotify:track:3IX0yuEVvDbnqUwMBB3ouC,8be09f03fa73411fbe152872376053d5,2024-06-13T02:07:45Z,2,,62868a33d46347a8b474958957bbafdd
spotify:track:2eA8bMJgPOw4GooO5Uh8rp,8be09f03fa73411fbe152872376053d5,2024-06-13T02:07:45Z,2,,62868a33d46347a8b474958957bbafdd
spotify:track:2aWVaW1p2kUc5yuKwBmRJi,8be09f03fa73411fbe152872376053d5,2024-06-13T02:07:45Z,2,,62868a33d46347a8b474958957bbafdd
spotify:track:1l0BBsLElenQWul8Fn8tT1,8be09f03fa73411fbe152872376053d5,2024-06-13T02:07:45Z,3,"Not for me, but I respect the commitment to the bit",62868a33d46347a8b474958957bbafdd
spotify:track:1JGGsCZ9zhgPJIsPy0pwt9,8be09f03fa73411fbe152872376053d5,2024-06-13T02:07:45Z,2,Can only think of the meme when I hear this,62868a33d46347a8b474958957bbafdd
spotify:track:11TIgTxPaqqhyvR0kacaQr,8be09f03fa73411fbe152872376053d5,2024-06-13T02:07:45Z,4,"Heck it, this is a good one",62868a33d46347a8b474958957bbafdd
spotify:track:0KeDuUqEX3P0cKzRD5pEom,8be09f03fa73411fbe152872376053d5,2024-06-13T02:07:45Z,10,10 points for reminding me this song existed,62868a33d46347a8b474958957bbafdd
spotify:track:0KeDuUqEX3P0cKzRD5pEom,fd4c3b50daf548ffa16be6f215d5b883,2024-06-13T18:31:55Z,1,Your comment has convinced me this song isn't a joke - but this is helped by the fact that it isn't funny? It's just sentimental guys chatting ,62868a33d46347a8b474958957bbafdd
spotify:track:54raQ1qeuAqfsQ3A5k7L8A,fd4c3b50daf548ffa16be6f215d5b883,2024-06-13T18:31:55Z,1,"But isn't he a comedian? And isn't Inside supposed to be funny / satirical commentary? Like this is a good song, and it is funny, but can you argue really that it's not supposed to be a joke?",62868a33d46347a8b474958957bbafdd
spotify:track:3IX0yuEVvDbnqUwMBB3ouC,fd4c3b50daf548ffa16be6f215d5b883,2024-06-13T18:31:55Z,8,I've a lot of feelings about olivia rodrigo as an artist and how every song sounds like a rip off of different artists but this is a funny song and sounds good,62868a33d46347a8b474958957bbafdd
spotify:track:2eA8bMJgPOw4GooO5Uh8rp,fd4c3b50daf548ffa16be6f215d5b883,2024-06-13T18:31:55Z,10,I think this is a good submission!! ,62868a33d46347a8b474958957bbafdd
spotify:track:2aWVaW1p2kUc5yuKwBmRJi,fd4c3b50daf548ffa16be6f215d5b883,2024-06-13T18:31:55Z,7,Not a good song but totally agree with you this song is ridiculous and unintentionally funny for that reason,62868a33d46347a8b474958957bbafdd
spotify:track:1l0BBsLElenQWul8Fn8tT1,fd4c3b50daf548ffa16be6f215d5b883,2024-06-13T18:31:55Z,1,This is so sad and not funny? I'm really enjoying this song it sounds beautiful but it's not a funny story. I think you might have Mitski-d the point of this song,62868a33d46347a8b474958957bbafdd
spotify:track:1JGGsCZ9zhgPJIsPy0pwt9,fd4c3b50daf548ffa16be6f215d5b883,2024-06-13T18:31:55Z,1,I mean yes this has a funny element because of that reddit post and it wasn't made as a joke song but is a funny joke now so i get where you're coming from but this song is terrible,62868a33d46347a8b474958957bbafdd
spotify:track:11TIgTxPaqqhyvR0kacaQr,fd4c3b50daf548ffa16be6f215d5b883,2024-06-13T18:31:55Z,1,But isn't this guy a comedy musician on tik tok? So does that make this a joke automatically? ,62868a33d46347a8b474958957bbafdd
spotify:track:11TIgTxPaqqhyvR0kacaQr,1dacffd0545140b2970d73e29fe6cf33,2024-06-13T20:09:27Z,5,,62868a33d46347a8b474958957bbafdd
spotify:track:54raQ1qeuAqfsQ3A5k7L8A,1dacffd0545140b2970d73e29fe6cf33,2024-06-13T20:09:27Z,3,,62868a33d46347a8b474958957bbafdd
spotify:track:3IX0yuEVvDbnqUwMBB3ouC,1dacffd0545140b2970d73e29fe6cf33,2024-06-13T20:09:27Z,2,,62868a33d46347a8b474958957bbafdd
spotify:track:2eA8bMJgPOw4GooO5Uh8rp,1dacffd0545140b2970d73e29fe6cf33,2024-06-13T20:09:27Z,5,,62868a33d46347a8b474958957bbafdd
spotify:track:2aWVaW1p2kUc5yuKwBmRJi,1dacffd0545140b2970d73e29fe6cf33,2024-06-13T20:09:27Z,1,,62868a33d46347a8b474958957bbafdd
spotify:track:1l0BBsLElenQWul8Fn8tT1,1dacffd0545140b2970d73e29fe6cf33,2024-06-13T20:09:27Z,5,,62868a33d46347a8b474958957bbafdd
spotify:track:1JGGsCZ9zhgPJIsPy0pwt9,1dacffd0545140b2970d73e29fe6cf33,2024-06-13T20:09:27Z,4,,62868a33d46347a8b474958957bbafdd
spotify:track:0aiJF3M2Tj5iHfQSmvR943,1dacffd0545140b2970d73e29fe6cf33,2024-06-13T20:09:27Z,5,,62868a33d46347a8b474958957bbafdd
spotify:track:54raQ1qeuAqfsQ3A5k7L8A,58386a2a504f4fd08caed77112bedc82,2024-06-13T21:38:09Z,0,"Love Bo, love the song, but I think this falls under joke song so nil points ",62868a33d46347a8b474958957bbafdd
spotify:track:0aiJF3M2Tj5iHfQSmvR943,58386a2a504f4fd08caed77112bedc82,2024-06-13T21:38:09Z,10,Fantastic!,62868a33d46347a8b474958957bbafdd
spotify:track:11TIgTxPaqqhyvR0kacaQr,58386a2a504f4fd08caed77112bedc82,2024-06-13T21:38:09Z,10,Incredible.,62868a33d46347a8b474958957bbafdd
spotify:track:1l0BBsLElenQWul8Fn8tT1,58386a2a504f4fd08caed77112bedc82,2024-06-13T21:38:09Z,3,,62868a33d46347a8b474958957bbafdd
spotify:track:2aWVaW1p2kUc5yuKwBmRJi,58386a2a504f4fd08caed77112bedc82,2024-06-13T21:38:09Z,4,,62868a33d46347a8b474958957bbafdd
spotify:track:2eA8bMJgPOw4GooO5Uh8rp,58386a2a504f4fd08caed77112bedc82,2024-06-13T21:38:09Z,3,,62868a33d46347a8b474958957bbafdd
spotify:track:1JGGsCZ9zhgPJIsPy0pwt9,e305e2cab85b4f929234bfdf98d6c6d0,2024-06-13T22:02:42Z,3,,62868a33d46347a8b474958957bbafdd
spotify:track:0KeDuUqEX3P0cKzRD5pEom,e305e2cab85b4f929234bfdf98d6c6d0,2024-06-13T22:02:42Z,3,,62868a33d46347a8b474958957bbafdd
spotify:track:11TIgTxPaqqhyvR0kacaQr,e305e2cab85b4f929234bfdf98d6c6d0,2024-06-13T22:02:42Z,0,"I obviously adore Jazz Emu, but this is 100% a comedy song.",62868a33d46347a8b474958957bbafdd
spotify:track:0aiJF3M2Tj5iHfQSmvR943,e305e2cab85b4f929234bfdf98d6c6d0,2024-06-13T22:02:42Z,10,,62868a33d46347a8b474958957bbafdd
spotify:track:54raQ1qeuAqfsQ3A5k7L8A,e305e2cab85b4f929234bfdf98d6c6d0,2024-06-13T22:02:42Z,0,"Yes, ""Inside"" is incredible. But this is 100% a comedy song.",62868a33d46347a8b474958957bbafdd
spotify:track:3IX0yuEVvDbnqUwMBB3ouC,e305e2cab85b4f929234bfdf98d6c6d0,2024-06-13T22:02:42Z,6,,62868a33d46347a8b474958957bbafdd
spotify:track:2aWVaW1p2kUc5yuKwBmRJi,e305e2cab85b4f929234bfdf98d6c6d0,2024-06-13T22:02:42Z,3,,62868a33d46347a8b474958957bbafdd
spotify:track:1l0BBsLElenQWul8Fn8tT1,e305e2cab85b4f929234bfdf98d6c6d0,2024-06-13T22:02:42Z,5,,62868a33d46347a8b474958957bbafdd
spotify:track:0aiJF3M2Tj5iHfQSmvR943,6f242fee70fa48f39bcd637c09e46ea8,2024-06-14T01:28:15Z,4,,62868a33d46347a8b474958957bbafdd
spotify:track:2eA8bMJgPOw4GooO5Uh8rp,6f242fee70fa48f39bcd637c09e46ea8,2024-06-14T01:28:15Z,9,This is the prompt and tips gj. Just took away points from other picks to give this one 9.,62868a33d46347a8b474958957bbafdd
spotify:track:2aWVaW1p2kUc5yuKwBmRJi,6f242fee70fa48f39bcd637c09e46ea8,2024-06-14T01:28:15Z,3,,62868a33d46347a8b474958957bbafdd
spotify:track:1JGGsCZ9zhgPJIsPy0pwt9,6f242fee70fa48f39bcd637c09e46ea8,2024-06-14T01:28:15Z,6,Even without the Reddit context this still works,62868a33d46347a8b474958957bbafdd
spotify:track:11TIgTxPaqqhyvR0kacaQr,6f242fee70fa48f39bcd637c09e46ea8,2024-06-14T01:28:15Z,6,,62868a33d46347a8b474958957bbafdd
spotify:track:0KeDuUqEX3P0cKzRD5pEom,6f242fee70fa48f39bcd637c09e46ea8,2024-06-14T01:28:15Z,2,This is kindof a joke song. There’s talking interludes/the whole thing is a bait and switch. This is easily a proto Flight of the Conchords song,62868a33d46347a8b474958957bbafdd
spotify:track:1l0BBsLElenQWul8Fn8tT1,7bacef1749b6413995f69a98ea5c5692,2024-06-14T02:11:13Z,2,,62868a33d46347a8b474958957bbafdd
spotify:track:1JGGsCZ9zhgPJIsPy0pwt9,7bacef1749b6413995f69a98ea5c5692,2024-06-14T02:11:13Z,2,,62868a33d46347a8b474958957bbafdd
spotify:track:11TIgTxPaqqhyvR0kacaQr,7bacef1749b6413995f69a98ea5c5692,2024-06-14T02:11:13Z,2,,62868a33d46347a8b474958957bbafdd
spotify:track:0KeDuUqEX3P0cKzRD5pEom,7bacef1749b6413995f69a98ea5c5692,2024-06-14T02:11:13Z,3,,62868a33d46347a8b474958957bbafdd
spotify:track:0aiJF3M2Tj5iHfQSmvR943,7bacef1749b6413995f69a98ea5c5692,2024-06-14T02:11:13Z,2,,62868a33d46347a8b474958957bbafdd
spotify:track:54raQ1qeuAqfsQ3A5k7L8A,7bacef1749b6413995f69a98ea5c5692,2024-06-14T02:11:13Z,10,100%. I agree completely. Inside is a masterpiece. Thank you for submitting this,62868a33d46347a8b474958957bbafdd
spotify:track:3IX0yuEVvDbnqUwMBB3ouC,7bacef1749b6413995f69a98ea5c5692,2024-06-14T02:11:13Z,7,,62868a33d46347a8b474958957bbafdd
spotify:track:2eA8bMJgPOw4GooO5Uh8rp,7bacef1749b6413995f69a98ea5c5692,2024-06-14T02:11:13Z,2,,62868a33d46347a8b474958957bbafdd
spotify:track:3IX0yuEVvDbnqUwMBB3ouC,bdd60b40c4ca4c78a0cbf518560cd06c,2024-06-15T01:55:55Z,3,,62868a33d46347a8b474958957bbafdd
spotify:track:54raQ1qeuAqfsQ3A5k7L8A,bdd60b40c4ca4c78a0cbf518560cd06c,2024-06-15T01:55:55Z,4,Always appreciate a singing comedian where the joke isn’t that they are doing a bad job,62868a33d46347a8b474958957bbafdd
spotify:track:1JGGsCZ9zhgPJIsPy0pwt9,bdd60b40c4ca4c78a0cbf518560cd06c,2024-06-15T01:55:55Z,1,Ehhhh,62868a33d46347a8b474958957bbafdd
spotify:track:0KeDuUqEX3P0cKzRD5pEom,bdd60b40c4ca4c78a0cbf518560cd06c,2024-06-15T01:55:55Z,3,I have a hard time listening to this song but I do think it is genuinely sweet and funny if I could get over having heard this too many times.,62868a33d46347a8b474958957bbafdd
spotify:track:0aiJF3M2Tj5iHfQSmvR943,bdd60b40c4ca4c78a0cbf518560cd06c,2024-06-15T01:55:55Z,6,A little more cheesy than funny but this might be my fav song on the list. I was aware of the band and name change but never really gave them a listen.,62868a33d46347a8b474958957bbafdd
spotify:track:1l0BBsLElenQWul8Fn8tT1,bdd60b40c4ca4c78a0cbf518560cd06c,2024-06-15T01:55:55Z,6,I find this very relatable ,62868a33d46347a8b474958957bbafdd
spotify:track:2aWVaW1p2kUc5yuKwBmRJi,bdd60b40c4ca4c78a0cbf518560cd06c,2024-06-15T01:55:55Z,2,,62868a33d46347a8b474958957bbafdd
spotify:track:2eA8bMJgPOw4GooO5Uh8rp,bdd60b40c4ca4c78a0cbf518560cd06c,2024-06-15T01:55:55Z,5,It works better to just go hard and engage on a topic they’re not into,62868a33d46347a8b474958957bbafdd
spotify:track:54raQ1qeuAqfsQ3A5k7L8A,fee7e973fd6f45d48299e77843f5cb17,2024-06-15T02:05:26Z,2,,62868a33d46347a8b474958957bbafdd
spotify:track:0KeDuUqEX3P0cKzRD5pEom,fee7e973fd6f45d48299e77843f5cb17,2024-06-15T02:05:26Z,4,,62868a33d46347a8b474958957bbafdd
spotify:track:0aiJF3M2Tj5iHfQSmvR943,fee7e973fd6f45d48299e77843f5cb17,2024-06-15T02:05:26Z,2,,62868a33d46347a8b474958957bbafdd
spotify:track:1l0BBsLElenQWul8Fn8tT1,fee7e973fd6f45d48299e77843f5cb17,2024-06-15T02:05:26Z,5,,62868a33d46347a8b474958957bbafdd
spotify:track:2aWVaW1p2kUc5yuKwBmRJi,fee7e973fd6f45d48299e77843f5cb17,2024-06-15T02:05:26Z,2,,62868a33d46347a8b474958957bbafdd
spotify:track:2eA8bMJgPOw4GooO5Uh8rp,fee7e973fd6f45d48299e77843f5cb17,2024-06-15T02:05:26Z,3,,62868a33d46347a8b474958957bbafdd
spotify:track:3IX0yuEVvDbnqUwMBB3ouC,fee7e973fd6f45d48299e77843f5cb17,2024-06-15T02:05:26Z,6,,62868a33d46347a8b474958957bbafdd
spotify:track:11TIgTxPaqqhyvR0kacaQr,fee7e973fd6f45d48299e77843f5cb17,2024-06-15T02:05:26Z,6,,62868a33d46347a8b474958957bbafdd
spotify:track:2mjJQnRANMgaB9BBK6zSVz,bdd60b40c4ca4c78a0cbf518560cd06c,2024-06-17T20:49:15Z,8,,64aab081be5c45079d46e09924fc4511
spotify:track:3fSLqlJhXGSKCDXE7017vH,bdd60b40c4ca4c78a0cbf518560cd06c,2024-06-17T20:49:15Z,3,congrats,64aab081be5c45079d46e09924fc4511
spotify:track:5VoYjWpgwjv7QO3srgYcTY,bdd60b40c4ca4c78a0cbf518560cd06c,2024-06-17T20:49:15Z,9,good song but extra point for knocking over the house plant,64aab081be5c45079d46e09924fc4511
spotify:track:6IyIjZlskC5qW9OJKADUok,bdd60b40c4ca4c78a0cbf518560cd06c,2024-06-17T20:49:15Z,3,,64aab081be5c45079d46e09924fc4511
spotify:track:6YVBSuTDSL8CRvnWdXCyEz,bdd60b40c4ca4c78a0cbf518560cd06c,2024-06-17T20:49:15Z,7,,64aab081be5c45079d46e09924fc4511
spotify:track:2mjJQnRANMgaB9BBK6zSVz,e305e2cab85b4f929234bfdf98d6c6d0,2024-06-17T22:37:56Z,5,,64aab081be5c45079d46e09924fc4511
spotify:track:3fSLqlJhXGSKCDXE7017vH,e305e2cab85b4f929234bfdf98d6c6d0,2024-06-17T22:37:56Z,5,,64aab081be5c45079d46e09924fc4511
spotify:track:5b9N7NgZheNvlhHyQ5nQrD,e305e2cab85b4f929234bfdf98d6c6d0,2024-06-17T22:37:56Z,8,,64aab081be5c45079d46e09924fc4511
spotify:track:6IyIjZlskC5qW9OJKADUok,e305e2cab85b4f929234bfdf98d6c6d0,2024-06-17T22:37:56Z,5,,64aab081be5c45079d46e09924fc4511
spotify:track:6YVBSuTDSL8CRvnWdXCyEz,e305e2cab85b4f929234bfdf98d6c6d0,2024-06-17T22:37:56Z,7,,64aab081be5c45079d46e09924fc4511
spotify:track:2mjJQnRANMgaB9BBK6zSVz,8be09f03fa73411fbe152872376053d5,2024-06-18T02:03:36Z,6,,64aab081be5c45079d46e09924fc4511
spotify:track:3fSLqlJhXGSKCDXE7017vH,8be09f03fa73411fbe152872376053d5,2024-06-18T02:03:36Z,10,Great choice. I almost went with To Kill A Sunrise for this round,64aab081be5c45079d46e09924fc4511
spotify:track:5b9N7NgZheNvlhHyQ5nQrD,8be09f03fa73411fbe152872376053d5,2024-06-18T02:03:36Z,6,,64aab081be5c45079d46e09924fc4511
spotify:track:5VoYjWpgwjv7QO3srgYcTY,8be09f03fa73411fbe152872376053d5,2024-06-18T02:03:36Z,4,,64aab081be5c45079d46e09924fc4511
spotify:track:6YVBSuTDSL8CRvnWdXCyEz,8be09f03fa73411fbe152872376053d5,2024-06-18T02:03:36Z,4,,64aab081be5c45079d46e09924fc4511
spotify:track:2mjJQnRANMgaB9BBK6zSVz,1dacffd0545140b2970d73e29fe6cf33,2024-06-18T13:15:52Z,7,,64aab081be5c45079d46e09924fc4511
spotify:track:5VoYjWpgwjv7QO3srgYcTY,1dacffd0545140b2970d73e29fe6cf33,2024-06-18T13:15:52Z,9,,64aab081be5c45079d46e09924fc4511
spotify:track:6IyIjZlskC5qW9OJKADUok,1dacffd0545140b2970d73e29fe6cf33,2024-06-18T13:15:52Z,10,,64aab081be5c45079d46e09924fc4511
spotify:track:6YVBSuTDSL8CRvnWdXCyEz,1dacffd0545140b2970d73e29fe6cf33,2024-06-18T13:15:52Z,4,,64aab081be5c45079d46e09924fc4511
spotify:track:3fSLqlJhXGSKCDXE7017vH,fd4c3b50daf548ffa16be6f215d5b883,2024-06-18T18:24:32Z,6,I really like the sound of this! They sound like they'd be great fun to see live. Respect how close to the listener limit you got this too,64aab081be5c45079d46e09924fc4511
spotify:track:5b9N7NgZheNvlhHyQ5nQrD,fd4c3b50daf548ffa16be6f215d5b883,2024-06-18T18:24:32Z,6,"I like this, like her voice! Sounds like it would fit in with the exact subset of music I would have listened to in 2011 specficially, which I respect you understanding",64aab081be5c45079d46e09924fc4511
spotify:track:5VoYjWpgwjv7QO3srgYcTY,fd4c3b50daf548ffa16be6f215d5b883,2024-06-18T18:24:32Z,4,Excellent comment you really have me hooked while waiting for the build up moment. I do like this but not as much as the previous submissions. It sounds familiar but in a good way,64aab081be5c45079d46e09924fc4511
spotify:track:6IyIjZlskC5qW9OJKADUok,fd4c3b50daf548ffa16be6f215d5b883,2024-06-18T18:24:32Z,8,I really like this!!! I've never heard of these guys but I could see myself continuing listening to them / trying to see them live. Nice submission for this round ,64aab081be5c45079d46e09924fc4511
spotify:track:6YVBSuTDSL8CRvnWdXCyEz,fd4c3b50daf548ffa16be6f215d5b883,2024-06-18T18:24:32Z,6,Really like this and really surprised with their low listeners after hearing it!!,64aab081be5c45079d46e09924fc4511
