ID,Name
1dacffd0545140b2970d73e29fe6cf33,James Knapp
3630bcadabb7433e8bf5b9bc5ab1e114,Scott Murray
375890ae19ed48e6a2255b2692d6b3d8,Jabrefka
58386a2a504f4fd08caed77112bedc82,Sean Planesonasnake Fallon
6e74e3bbc8e643a0b2ed5c998b8bb5ce,Bubble Punk
704b79ab3f4b470884593060712e8afd,Julie
8be09f03fa73411fbe152872376053d5,Mac McCarthy
a0757550488f4df898a665fa6d8dc084,Sarah
bdd60b40c4ca4c78a0cbf518560cd06c,Matt McInerney
d16b02d16f77415da273094af63d462e,Bex
da00a9be0561497c88ca424c81c0975e,Alex Kitsinger
e305e2cab85b4f929234bfdf98d6c6d0,Orderly
f0210a760ed4406e838b0b2e03fc2a7e,Bob Kerr
fd4c3b50daf548ffa16be6f215d5b883,ciaracha
fee7e973fd6f45d48299e77843f5cb17,pattsully
