Spotify URI,Title,Album,Artist(s),Submitter ID,Created,Comment,Round ID,Visible To Voters
spotify:track:07qiBXXkbBWcwycv29xKju,Fuck Shit Up (Whanana),Burn the Earth! Leave it Behind!,Wingnut Dishwashers Union,1dacffd0545140b2970d73e29fe6cf33,2024-10-12T22:04:30Z,So many lines from this song seem like they were directly ripped from shitty stick n pokes. Like he wrote the lyrics based on crust punk forearms at a basement show,170be816555a48ef9fc423b074e2d478,Yes
spotify:track:0Dpym4HnwYF2HH9pTOMZuK,A Few Thoughts Moments Before I Fender Bender,L'appel Du Vide.,HappyHappy,d16b02d16f77415da273094af63d462e,2024-10-14T22:31:57Z,"""I hope no one discovers your secrets and I hope no one discovers mine""

""I know somewhere out there you're living your best life"" too, for that matter.

I just found this project recently, and I dig it. I've mostly been listening to this album and I feel it a whole hell of a lot. It's exactly the kind of music that inspires shitty lyrics tattoos, and I mean that affectionately

Honestly there's a nonzero chance I get one of the lines I mentioned put on me at some point lmao",170be816555a48ef9fc423b074e2d478,Yes
spotify:track:0jnI2o0HKJrRglMwp3nIVJ,Until Then,Chumpfrey,Feed Me Jack,375890ae19ed48e6a2255b2692d6b3d8,2024-10-15T23:40:25Z,"Look, think of you or one of your friend’s obsessively attached exes from their late teens early 20s. They’re working on a sleeve, maybe have gauges, love MD 20/20 perhaps. 

You’re at a house party. They show up and you know you the inevitable is coming. They offer you a dirt and you’re two beers in, so fuck it. 

You walk outside and as they hand you one you see this in that generic cursive font on the back of their forearm:

“You’re gonna scream my name 
when my ghost comes around”",170be816555a48ef9fc423b074e2d478,Yes
spotify:track:0KzAbK6nItSqNh8q70tb0K,Where Is My Mind?,Death to the Pixies,Pixies,fd4c3b50daf548ffa16be6f215d5b883,2024-10-15T17:01:02Z,"Look, of course it's a great song. But between the lyric ""where is my mind?"" and it's inclusion in Fight Club, you just know it's hit shitty tattoo gold. (Full disclosure I do know a guy who has a where is my mind tattoo that is shit and I've always wondered how many more are out there)",170be816555a48ef9fc423b074e2d478,Yes
spotify:track:0quPDPoMCsBj6Maqjox6Le,Three Evils (Embodied in Love and Shadow),In Keeping Secrets Of Silent Earth: 3,Coheed and Cambria,bdd60b40c4ca4c78a0cbf518560cd06c,2024-10-15T16:25:18Z," “Pull the trigger and the nightmare stops” 

-----
There are plenty of bad songs from this era that I’m sure have ended up as regrettable tattoos... but in the spirit of finding something good, I think Coheed holds up. That said, ‘Pull the trigger and the nightmare stops’ has definitely been tattooed poorly on more than a few millennials.",170be816555a48ef9fc423b074e2d478,Yes
spotify:track:1VpTwecl7EbQiGyVsvwFQE,When Your Heart Stops Beating,When Your Heart Stops Beating,+44,8be09f03fa73411fbe152872376053d5,2024-10-14T16:40:45Z,"Somewhere out there is a middle-aged manager in a department store who has to wear long sleeves to work because they got ""I'll Be There When Your Heart Stops Beating"" tattooed down their forearm in a shitty script font during their high school emo phase. Their ex they haven't seen in 20 years has already covered up a matching tattoo. ",170be816555a48ef9fc423b074e2d478,Yes
spotify:track:21Qsj3cMVCx2xF2EVVNbEu,Fell In Love With a Girl,White Blood Cells,The White Stripes,da00a9be0561497c88ca424c81c0975e,2024-10-14T04:15:35Z,at least half of the lines here could be put inside a lopsided heart that will fade rapidly because the lines are way too thin,170be816555a48ef9fc423b074e2d478,Yes
spotify:track:2J3XzDLjbXkny8qhr33zTh,Frantic,St. Anger,Metallica,58386a2a504f4fd08caed77112bedc82,2024-10-13T21:19:57Z,"""My lifestyle determines my deathstyle"" 
Maybe running down the inside of an arm. Maybe across the shoulder blades. Either way, if I saw it I would be shocked",170be816555a48ef9fc423b074e2d478,Yes
spotify:track:2k9d061naTMIOfXPUfayfH,Noise in Your Head,Take What You Need,Bad Luck.,3630bcadabb7433e8bf5b9bc5ab1e114,2024-10-15T20:23:51Z,"With bleached buzz cuts coming back, “I’m not Eminem” honestly goes hard as a tattoo ",170be816555a48ef9fc423b074e2d478,Yes
spotify:track:3FMKGgeTja0d7O2oRHKizN,What These B******s Want (Featuring Sisqo),...And Then There Was X,"DMX, Sisqo",6e74e3bbc8e643a0b2ed5c998b8bb5ce,2024-10-13T17:16:11Z,"Just take this song into your local tattoo parlor, fast forward to the 1:30 mark… and boom! You now have more than enough shitty tattoo material to cover Dave Navarro from head-to-toe three times over. ",170be816555a48ef9fc423b074e2d478,Yes
spotify:track:3vEmpJQC2p8h0U3OiBufQm,Army of Me,Post,Björk,704b79ab3f4b470884593060712e8afd,2024-10-16T00:26:48Z,"I could see someone drunk (or a very self-assured sober) and getting the line “You’ll meet an army of me” or simply “army of me” tattooed because they think it’s a badass message of self-empowerment. 
They are strong, independent, and ready to take on the world with their army of them lol",170be816555a48ef9fc423b074e2d478,Yes
spotify:track:4cxvludVmQxryrnx1m9FqL,My Shot,Hamilton (Original Broadway Cast Recording),"Lin-Manuel Miranda, Daveed Diggs, Okieriete Onaodowan, Leslie Odom Jr., Original Broadway Cast of Hamilton, Anthony Ramos",fee7e973fd6f45d48299e77843f5cb17,2024-10-15T20:48:31Z,The worst musical theater fan you know has a ✨️I am not throwing away my shot✨️ tattoo,170be816555a48ef9fc423b074e2d478,Yes
spotify:track:4fjoVaA7XAqyGFvtQRuJsU,Push the Sky Away,Push the Sky Away,Nick Cave & The Bad Seeds,f0210a760ed4406e838b0b2e03fc2a7e,2024-10-15T03:40:04Z,"I did consider getting this as a tattoo. The title. I’m not even totally sure what it means. Push away the unpushable? I have no idea. Luckily, I haven’t gotten the tat.",170be816555a48ef9fc423b074e2d478,Yes
spotify:track:4vytcXMhsRRwXsBpM3pUhj,Die Like a Dog,The Way Of Curve,Curve,e305e2cab85b4f929234bfdf98d6c6d0,2024-10-15T15:41:07Z,"Curve were a fantastic early-90s British band (this song is from 1991), who were credited by Garbage as an influence on their sound. 

But they were occasionally guilty of some clunky old lyrics, and I could definitely imagine a tattoo of ""Peace in a world, free from religion / Peace in a world, where everyone gets heaven"" written in a circle with a dolphin jumping through it. ",170be816555a48ef9fc423b074e2d478,Yes
spotify:track:5AwS3yu3w9BT2eHBMnFDLc,Cheated Hearts,Show Your Bones,Yeah Yeah Yeahs,a0757550488f4df898a665fa6d8dc084,2024-10-15T20:13:38Z,I’m bigger than the sound,170be816555a48ef9fc423b074e2d478,Yes
spotify:track:1Cwsd5xI8CajJz795oy4XF,You Get What You Give,Maybe You've Been Brainwashed Too,New Radicals,bdd60b40c4ca4c78a0cbf518560cd06c,2024-10-21T01:03:29Z,"Fashion shoots with Beck and Hanson
Courtney Love and Marilyn Manson
You're all fakes
Run to your mansions
Come around, we'll kick your asses

——

An all timer name check moment

What did Hanson ever do to Gregg?",a0d12a4a6eaf46258eb978a8581affb1,Yes
spotify:track:1mucnNLErAXFR0GCmXlmKS,Waylon Jennings Live!,In League with Dragons,The Mountain Goats,d16b02d16f77415da273094af63d462e,2024-10-21T02:36:58Z,"The weird two-pronged concept album thing of In League honestly didn't work out that well, but of the songs that tie directly into it, this is probably my favorite. I also grew up pretty near the Sac and Fox rez, where the Meskwaki casino is, so it has a bit of personal clout there.

It's a song about a criminal, watching an outlaw perform. It's a song about two tired old men. It's a song about how nowhere on earth is more nowhere than the inside of a casino. I love it.

Mobile is a better song.",a0d12a4a6eaf46258eb978a8581affb1,Yes
spotify:track:1WDqjH0PJ8ruWQXsp3bN2Z,I Wanna Be Your Joey Ramone,Call the Doctor (Remastered),Sleater-Kinney,e305e2cab85b4f929234bfdf98d6c6d0,2024-10-19T00:45:34Z,"A bit of trivia - around 2015 Sleater-Kinney started removing the ""I wanna be your Thurston Moore"" line (in the second chorus) from live performances of this song, replacing it with ""I wanna be your Kim Gordon"". Doesn't scan quite as well, but they needed to show their allegiance....",a0d12a4a6eaf46258eb978a8581affb1,Yes
spotify:track:1XOaFDh1TNCSwtus4v0vFX,R.A.M.O.N.E.S.,Chaos Sound,The Casualties,8be09f03fa73411fbe152872376053d5,2024-10-21T02:16:49Z,"Not just a name drop in the lyrics, but an entire song about the Ramones ",a0d12a4a6eaf46258eb978a8581affb1,Yes
spotify:track:3G6SMlksLlVjC17npbXQCA,Elvis Ain't Dead,Scouting For Girls (Expanded Edition),Scouting For Girls,fd4c3b50daf548ffa16be6f215d5b883,2024-10-20T10:55:14Z,,a0d12a4a6eaf46258eb978a8581affb1,Yes
spotify:track:3NuN59jpH3B5cNa2M4r7XG,BOOGIE,SATURATION III,BROCKHAMPTON,fee7e973fd6f45d48299e77843f5cb17,2024-10-20T23:39:41Z,"Not the most obvious or iconic one, but ""Best boy band since One Direction"" just makes me laugh",a0d12a4a6eaf46258eb978a8581affb1,Yes
spotify:track:3WD3w5uSzAGJWrNFnHhi1a,The Melting Of The Sun,Daddy's Home,St. Vincent,a0757550488f4df898a665fa6d8dc084,2024-10-21T02:38:00Z,,a0d12a4a6eaf46258eb978a8581affb1,Yes
spotify:track:4AiMaeCXwsldpwvA5wu5gM,Runnin' Down A Dream,Full Moon Fever,Tom Petty,6e74e3bbc8e643a0b2ed5c998b8bb5ce,2024-10-19T14:00:01Z,"I’ve always been a sucker for Tom Petty and I haven’t submitted any of his songs in any season… until now. 

In the opening moments of the tune Tom name checks Del Shannon and Del’s song ‘Little Runaway’ (which is also a banger of a song). 

This song is a vibe and the artist that gets name-checked is ALSO a vibe. 

🚗    🚙     🚗",a0d12a4a6eaf46258eb978a8581affb1,Yes
spotify:track:4gif6bJeeX82M3CYG9yJLE,Fugazi,Fugazi,Babehoven,704b79ab3f4b470884593060712e8afd,2024-10-21T01:25:28Z,The ego to think he showed her Fugazi smh,a0d12a4a6eaf46258eb978a8581affb1,Yes
spotify:track:4p5ynCx4NmS3iyDCNMcjaI,Poetry And Prose - With Beavis And Butt-Head Intro And Outro,The Beavis And Butt-Head Experience,Primus,f0210a760ed4406e838b0b2e03fc2a7e,2024-10-18T17:13:04Z,Stone Temple Pearlvana Chains. Also namechecks Beavis and Butt-Head who do have songs on this album. This bass riff slaps. ,a0d12a4a6eaf46258eb978a8581affb1,Yes
spotify:track:4SSAv3814UdetiZS7RDcw3,Genius Of Love,Roller Skate Rink Classics,Tom Tom Club,58386a2a504f4fd08caed77112bedc82,2024-10-19T20:02:11Z,"Mentions Smokey Robinson, Bob Marley, Bootsy Collins, Sly and Robbie, Kurtis Blow, and Bohannon",a0d12a4a6eaf46258eb978a8581affb1,Yes
spotify:track:5oQcOu1omDykbIPSdSQQNJ,1985,A Hangover You Don't Deserve,Bowling For Soup,da00a9be0561497c88ca424c81c0975e,2024-10-18T17:01:07Z,There's like ten of em here just pick your favorite ,a0d12a4a6eaf46258eb978a8581affb1,Yes
spotify:track:60Ih7J2Q1o9shvMC2OAALu,Let's Dance to Joy Division,"Proudly Present... A Guide to Love, Loss & Desperation (Special Edition)",The Wombats,1dacffd0545140b2970d73e29fe6cf33,2024-10-19T15:28:21Z,The best way to groove to this song is to do that weird Ian Curtis dance when he would stick his butt out and flail his arms in circles like a dying fly,a0d12a4a6eaf46258eb978a8581affb1,Yes
spotify:track:671sDyeE398eD0sdGuVbZU,Steve Biko (Stir It Up),Midnight Marauders,A Tribe Called Quest,375890ae19ed48e6a2255b2692d6b3d8,2024-10-21T01:16:19Z,"You may or may not know about Tribe, but they’re iconic and Midnight Marauders (esp the first 3 tracks) are amazing. Maybe it’s a little cheap cuz name checks are so common in the world of hip hop but Eric B & Rakim inspired a lot of their early style, so that immediate name drop is a fun one",a0d12a4a6eaf46258eb978a8581affb1,Yes
spotify:track:6U9OkV9oa8kN8LyBGf3wvJ,BLACKJACK,ONEPOINTFIVE,Aminé,3630bcadabb7433e8bf5b9bc5ab1e114,2024-10-18T13:58:21Z,How could you not like Jack Black?,a0d12a4a6eaf46258eb978a8581affb1,Yes
spotify:track:02XnQdf7sipaKBBHixz3Zp,Paparazzi,The Fame,Lady Gaga,fd4c3b50daf548ffa16be6f215d5b883,2024-10-24T08:34:11Z,"https://youtu.be/_h6Vc9__kqM?si=LyNHbtpH9jtPlBpR

Spotify version just so I can submit but I am officially submitting the live performance from the 2009 VMAs. The entire performance is iconic but taking aside the rest and just focusing on her vocals, her self-harmonising brings a new level to this song. Because of her image, particularly when she arrived on the scene, her vocal talent is maybe not discussed as much as it should be. But you cannot deny it watching her here",5c0b865fd3fc4b8581cef6339ca32809,Yes
spotify:track:1Bv3h7Vc4AaYA2BcSM3rVd,All I Wanted,Brand New Eyes,Paramore,da00a9be0561497c88ca424c81c0975e,2024-10-24T06:17:02Z,In my opinion the choruses here are the best example of Hayley's vocal talent in the band's whole discography,5c0b865fd3fc4b8581cef6339ca32809,Yes
spotify:track:1eOYox5H9f7EP1YWpJpabe,Legion,War Of Being,TesseracT,3630bcadabb7433e8bf5b9bc5ab1e114,2024-10-24T11:56:35Z,"The dynamic range of Tompkin’s singing—from visceral screams to operatic falsettos—is absolutely nuts. There are some layered tracks, but he hits these parts live when they tour.

I know proggy stuff isn’t for everyone, but this was my 2023 AOTY so I hope folks don’t hate it!

TLDR: 3:05-4:05 is the height of the vocal performance ",5c0b865fd3fc4b8581cef6339ca32809,Yes
spotify:track:1khA4hwhZD4HMecyE1e9U1,Long Long Time,Silk Purse,Linda Ronstadt,1dacffd0545140b2970d73e29fe6cf33,2024-10-24T13:08:20Z,Linda absolutely crushes it on this one,5c0b865fd3fc4b8581cef6339ca32809,Yes
spotify:track:1ZczOoLuCyDO5dKUPndxf5,Say a Little Prayer - Live,Say a Little Prayer (Live),Lianne La Havas,bdd60b40c4ca4c78a0cbf518560cd06c,2024-10-26T02:00:51Z,"I think I found Lianne through a music league covers round. Well she’s back! 
(Hard to find non obvious answers for this one!)",5c0b865fd3fc4b8581cef6339ca32809,Yes
spotify:track:2WfaOiMkCvy7F5fcp2zZ8L,Take on Me,Hunting High and Low,a-ha,375890ae19ed48e6a2255b2692d6b3d8,2024-10-26T00:55:33Z,"Non-obvious answer, and you know you can’t hit that note. No one can hit that note.",5c0b865fd3fc4b8581cef6339ca32809,Yes
spotify:track:4aTaow76b7IgtlkhpVhCra,El Desierto,La Llorona,Lhasa De Sela,704b79ab3f4b470884593060712e8afd,2024-10-26T02:58:43Z,"Sometimes I like listening to songs that aren’t in English just for the sound without using any energy paying attention to lyrics. 
Even if you don’t speak Spanish, the passion and emotion in her voice send a message. It’s so satisfying ",5c0b865fd3fc4b8581cef6339ca32809,Yes
spotify:track:4Q5LWPIKCuV6LRdDeqOYM7,Pretty In Possible,"Desire, I Want To Turn Into You",Caroline Polachek,a0757550488f4df898a665fa6d8dc084,2024-10-24T08:32:24Z,Maybe this is a lazy pick but literally anything sung by her,5c0b865fd3fc4b8581cef6339ca32809,Yes
spotify:track:4XVtVHBEQWmdH8qbhXUc0C,Symbol,Stranger,Tunde Olaniran,e305e2cab85b4f929234bfdf98d6c6d0,2024-10-25T14:34:09Z,"Tunde has all the virtuosic chops (falsetto, vibrato etc) and a passionate delivery too. This is a fantastic song about [Tunde says] ""finding joy in the knowledge that despite a dark history, we still became the future, and that my body is the literal wildest dream of my ancestors"".",5c0b865fd3fc4b8581cef6339ca32809,Yes
spotify:track:5jkd3e1qgmsTWJm3NvQ7X4,Cry Me A River,"Clap Hands, Here Comes Charlie! (Expanded Edition)",Ella Fitzgerald,58386a2a504f4fd08caed77112bedc82,2024-10-24T20:34:17Z,Gorgeous rich soulful vocals. ,5c0b865fd3fc4b8581cef6339ca32809,Yes
spotify:track:5TrfusgKC1BYic5LaWCoKm,Child in Time,Deep Purple in Rock,Deep Purple,f0210a760ed4406e838b0b2e03fc2a7e,2024-10-24T03:23:09Z,"This is an amazing vocal performance. Ian Gillan gives it his all in this one. I know it’s a long one, but goddamn, it’s a good one. But if you’re allergic to musical mastery, then fast-forward to near the end. ",5c0b865fd3fc4b8581cef6339ca32809,Yes
spotify:track:6LyLHSYp8vaVudGy4zvnBY,Let's Submerge,Germ Free Adolescents,X-Ray Spex,6e74e3bbc8e643a0b2ed5c998b8bb5ce,2024-10-25T19:25:40Z,"Man I don’t know… there are just so many ways you can go with this round - so I went with POLY STYRENE from the band X-Ray Spex! 

POWERFUL vocals - glass shattering wails and consistent control over melodic screams. Also I’m a sucker for a good stage name so maybe that played into my vote? Who can say… but you can’t argue with Poly - she was punk as fuck ",5c0b865fd3fc4b8581cef6339ca32809,Yes
spotify:track:6PR1gC6YEXLTj9Nji4J0Wt,Getting Married Today,Company,Stephen Sondheim,fee7e973fd6f45d48299e77843f5cb17,2024-10-26T02:16:08Z,"In the fastest part of Eminem's 'Rap God', he raps 99 words in 16.45 seconds—an average of 6.1 words per second. Here's Heather Laws doing 6.2 words per second in Company.",5c0b865fd3fc4b8581cef6339ca32809,Yes
spotify:track:7AIYeKzv4Bwtu6PRVEkeVJ,Mobile,Dark in Here,The Mountain Goats,d16b02d16f77415da273094af63d462e,2024-10-26T02:34:12Z,"I think this is a really traditionally clean and effective performance from someone generally known for having a much more ""acquired taste"" type voice, which makes it more interesting/less obvious for me",5c0b865fd3fc4b8581cef6339ca32809,Yes
spotify:track:7tFiyTwD0nx5a1eklYtX2J,Bohemian Rhapsody - Remastered 2011,A Night At The Opera (Deluxe Remastered Version),Queen,8be09f03fa73411fbe152872376053d5,2024-10-26T01:21:38Z,"Many singers are good, but how many are 200-vocal-tracks good? ",5c0b865fd3fc4b8581cef6339ca32809,Yes
spotify:track:0099sPfbYcNovNfcaA1vBy,Sweet Rosie O' Grady,"Circus Calliope, Vol. 2",Classic Carnival Circus Calliope Music,a0757550488f4df898a665fa6d8dc084,2024-10-29T08:35:42Z,"3,792 monthly listeners. Some people find old carnival music creepy",54e579b5097e434b833d4123496f7dc9,Yes
spotify:track:02cvKZOcIGem5UZs77WuG0,The Plague,Blood Bitch,Jenny Hval,704b79ab3f4b470884593060712e8afd,2024-10-30T22:33:01Z,"Jenny Hval isn’t for everyone but she is original 

48.9k monthly listeners ",54e579b5097e434b833d4123496f7dc9,Yes
spotify:track:02ZY4dgPFzQavztbAF5PvJ,Heir to Woe,Fever Dream,Holy Locust,d16b02d16f77415da273094af63d462e,2024-10-31T02:18:09Z,"38.3k

I was surprised by like five bands not being under 50k before settling on this lmao",54e579b5097e434b833d4123496f7dc9,Yes
spotify:track:0BOsjh3NNmVj3xRcgloN7W,The Bogey Man,Rare Joe Meek Recordings Of The '60s,The Moontrekkers,1dacffd0545140b2970d73e29fe6cf33,2024-10-29T13:06:47Z,"We're at that time of year where every day when I get home from work I put this band on the Bluetooth and then do weird, herky-jerky dance moves around my house for the next half hour.
Also, 19.1 k listeners.",54e579b5097e434b833d4123496f7dc9,Yes
spotify:track:0FrFcqgRZT5VOOaejBUHrX,Ghost,"Raw Tomato, My Heart",Babel Map,e305e2cab85b4f929234bfdf98d6c6d0,2024-10-29T22:52:05Z,"258 monthly listeners

Not just a spooky song name, but also spooky chords, organ riffs, general vibes and lyrics 

(Their Bandcamp page insists that ""As they spit / On your coccyx"" is one such lyric.....which is maybe more creepy than spooky?)",54e579b5097e434b833d4123496f7dc9,Yes
spotify:track:0tC4DwGmJoyyPlTunfYfbZ,All They Left Were His Feet,There's Still Time for Us to Die,Deerpeople,fee7e973fd6f45d48299e77843f5cb17,2024-10-29T15:52:30Z,"Eerie tone, song title raises weird questions, 471 monthly listeners (which is criminal because this band made one of my all time favorite songs). Great mix of everything here",54e579b5097e434b833d4123496f7dc9,Yes
spotify:track:1aMcg3GPZbNMgV0r1k6k4m,The Ultimate Void of Chaos,​Disharmonium - Nahab,Blut Aus Nord,f0210a760ed4406e838b0b2e03fc2a7e,2024-10-29T20:50:05Z,"42,916 streams. This album is as spooky as the cover suggests. It's a soundtrack for Hell. Yikes.",54e579b5097e434b833d4123496f7dc9,Yes
spotify:track:1DAp8akhJXX7hPFyI0QBSW,A Dream of a Cartographic Membrane Dissolves,"A Thread, Silvered and Trembling",Drew McDowall,bdd60b40c4ca4c78a0cbf518560cd06c,2024-10-30T01:51:58Z,"7,776 monthly listeners

Discovered this recently from a What's in My Bag episode. Post-punk industrial spooky ethereal vibes. I really dug it and hope it's spooky enough for everyone.",54e579b5097e434b833d4123496f7dc9,Yes
spotify:track:2WYhHAn333Ptf1cgWT97pE,Evelyn,Zero Mortal Plan,Evelyn's Casket,da00a9be0561497c88ca424c81c0975e,2024-10-29T09:13:55Z,"1,805 monthly listeners",54e579b5097e434b833d4123496f7dc9,Yes
spotify:track:3O5luGaY2yJC6eQk3lJxKE,bodybags,bodybags,Happyalone.,fd4c3b50daf548ffa16be6f215d5b883,2024-10-30T21:01:26Z,26.2k listeners. I think this one is pretty spooky ,54e579b5097e434b833d4123496f7dc9,Yes
spotify:track:3wZXkoUcXsTP3iRf6UIH0C,Bodies in the Basement,Welcome Back To Insanity Hall,Demented Are Go,8be09f03fa73411fbe152872376053d5,2024-10-31T02:41:30Z,"33.4k monthly listeners

Psychobilly doesn't get enough attention when people make their Halloween playlists. It's corny at times but so are most of the Halloween classics. ",54e579b5097e434b833d4123496f7dc9,Yes
spotify:track:4lkt7WDgssdAaNmJjbGDf1,Then,Sufferer,Sufferer,3630bcadabb7433e8bf5b9bc5ab1e114,2024-10-30T03:19:11Z,"Is there anything scarier than your own mind?

“Sufferer” is a concept album that follows the inner dialogue of someone in the throes of debilitating anxiety and depression.

This song signifies an alarm clock and an individual’s circling thoughts as they wake up. It’s an emotional ride and an absolute ripper featuring a chilling performance from Cory Lockwood (A Lot Like Birds) who voices the subject’s anxiety.

Listener count: 16k",54e579b5097e434b833d4123496f7dc9,Yes
spotify:track:55l8SRyHEjclS8FiiQCxNs,When It Burned,Red State,Gowns,58386a2a504f4fd08caed77112bedc82,2024-10-30T18:31:37Z,Creepy haunted house ass song. Sounds like something playing out of a music box in a dark kids room while the babysitter uses a lighter to light her way as the power went off and she can't find the children. 4k listeners ,54e579b5097e434b833d4123496f7dc9,Yes
spotify:track:5O0YoBdpk39iZ9tc8ckCde,Timothy,Timothy,The Buoys,375890ae19ed48e6a2255b2692d6b3d8,2024-10-29T17:15:28Z,"There’s children stuck in mineshafts, cannibalism, amnesia - all the basic ingredients of a good spooky story. Plus it’s a bop and will get stuck in your head. ",54e579b5097e434b833d4123496f7dc9,Yes
spotify:track:6F8OfbtXyxqRXK57hk5Oxo,The Babadook,The Babadook,Seuss Mace,6e74e3bbc8e643a0b2ed5c998b8bb5ce,2024-10-29T20:45:51Z,19k listeners! And it’s a bop! Enjoy ,54e579b5097e434b833d4123496f7dc9,Yes
spotify:track:0CwHqwExZCq5YvxS3RBhf2,Leash,Fallow,The Weakerthans,1dacffd0545140b2970d73e29fe6cf33,2024-11-03T20:42:33Z,"I probably could have used any john k samson song, but this one definitely stands out ",9f74feb3b6b04a948bfc68dee4de0125,Yes
spotify:track:0E1I6kwic9XnAfOdjPzRHS,Different Now,I Used to Spend So Much Time Alone,Chastity Belt,704b79ab3f4b470884593060712e8afd,2024-11-05T00:19:10Z,"“You’re hard on yourself 
Well you can’t always be right”

No clever wordplay, just a genuine and relatable sentiment. The whole song is affecting and cathartic. 

I was originally leaning towards emotionally heavy/sad songs, but this a refreshing change of pace. ",9f74feb3b6b04a948bfc68dee4de0125,Yes
spotify:track:0P6Q6GTosgQk3iSexNGHJS,Crying Over U,Country,Medium Build,3630bcadabb7433e8bf5b9bc5ab1e114,2024-11-03T03:16:41Z,"“Always tried to be the quiet one, but you got a sneaky way of saying less than me.”

Been digging this artist lately, and one of my favorite lines in this song happens to be the first one",9f74feb3b6b04a948bfc68dee4de0125,Yes
spotify:track:2jBFDAmXYvioX2unGiQbtk,Underwater Bimbos From Outer Space,Ex Lives (Deluxe Edition),Every Time I Die,bdd60b40c4ca4c78a0cbf518560cd06c,2024-11-02T23:50:44Z,"“I WANT TO BE DEAD WITH MY FRIENDS! I WANT TO BE DEAD WITH MY FRIENDS!”

This is the first song on the album and the first thing you hear.

I remember hearing this when it came out and thinking ""holy shit!"" 

It still works for me.",9f74feb3b6b04a948bfc68dee4de0125,Yes
spotify:track:2UJ2JvrxU5Ue1y08o5TzqJ,The Plan (Fuck Jobs),Back on Top,The Front Bottoms,375890ae19ed48e6a2255b2692d6b3d8,2024-11-04T22:34:40Z,Unrelated to this music league of course you all are fantastic,9f74feb3b6b04a948bfc68dee4de0125,Yes
spotify:track:3Uc1CPfIuy8jQs5CntJeTd,Curl of the Burl,The Hunter,Mastodon,fd4c3b50daf548ffa16be6f215d5b883,2024-11-04T18:14:23Z,"This line is such a great opener and also I believe aptly fits the request for a ""killer first line"". Just a great song all round",9f74feb3b6b04a948bfc68dee4de0125,Yes
spotify:track:4kc8omSVZiO1JfqGYoG4mN,Rats! It Didn't Work!,I Don't Hate You,Ogbert the Nerd,da00a9be0561497c88ca424c81c0975e,2024-11-02T23:21:00Z,"I was initially looking for songs with some sort of deep metaphor for an opening line, but maybe ""everybody shut the fuck up"" is just the perfect opener sometimes.",9f74feb3b6b04a948bfc68dee4de0125,Yes
spotify:track:4r6wfrBFkgPPPm8csEHkVP,Fable of the Brown Ape,Abattoir Blues / The Lyre of Orpheus,Nick Cave & The Bad Seeds,f0210a760ed4406e838b0b2e03fc2a7e,2024-11-03T20:49:18Z,"“Father Emmerich went into his barn and found a cow suckling a serpent and a brown ape clanking a heavy chain.”

I’m a sucker for storytelling and crazy imagery. To imagine a cow suckling a serpent and an ape with a heavy chain in this dark, dank barn, it’s creepy and sinister. Added to this is Cave’s vocal delivery, which is so timid and meek. I love this song, particular how haunting it is. ",9f74feb3b6b04a948bfc68dee4de0125,Yes
spotify:track:58U47mHjyLwUwJZ7voUt15,One Day,Are You Alright?,Lovejoy,fee7e973fd6f45d48299e77843f5cb17,2024-11-02T23:12:29Z,,9f74feb3b6b04a948bfc68dee4de0125,Yes
spotify:track:6c6FZKT4JqVf24y9IooRlx,Terrible,Bop City 2: TerroRising,Terror Jr,e305e2cab85b4f929234bfdf98d6c6d0,2024-11-04T21:52:58Z,"""Squeeze my ass like a teddy bear""

A sweet song about insecurity. Witty lyrics but also quite affecting.",9f74feb3b6b04a948bfc68dee4de0125,Yes
spotify:track:6fmrddhzAr0StNzWEzlny5,Linda Ronstadt,Christmas Island,AJJ,8be09f03fa73411fbe152872376053d5,2024-11-04T00:49:27Z,"""Today I lost my shit in a museum""",9f74feb3b6b04a948bfc68dee4de0125,Yes
spotify:track:7Gc9OoiYsUrByC8tzD7kYY,Nobody Speak,The Mountain Will Fall,"DJ Shadow, Run The Jewels",58386a2a504f4fd08caed77112bedc82,2024-11-02T23:30:08Z,"Picture this, I'm a bag of dicks, put me to your lips",9f74feb3b6b04a948bfc68dee4de0125,Yes
spotify:track:0avaVpOJTKyV87oMmjVMXw,Movin' Right Along,Muppets: The Green Album,Alkaline Trio,1dacffd0545140b2970d73e29fe6cf33,2024-11-08T15:09:11Z,Just a good punk band covering a fun song originally performed by a bunch of puppets invented by acidheads. It makes me smile.,394db47db53e41f9a2e198a17d9a081e,Yes
spotify:track:0n1HZntJwa0YJIRsthWrB3,Seasons Change,Seasons Change,The Alchemist,bdd60b40c4ca4c78a0cbf518560cd06c,2024-11-08T17:55:53Z,"It's just a sweet song: Bluey talk, cute kid, dad stuff.
I probably wouldn't submit in other rounds, it's kinda cheesy but it does make me feel good.
And it's the Alchemist. I'm sure this won't be his most critically acclaimed but it's sweet.",394db47db53e41f9a2e198a17d9a081e,Yes
spotify:track:1PEqh7awkpuepLBSq8ZwqD,I Love You Always Forever,Now in a Minute,Donna Lewis,fd4c3b50daf548ffa16be6f215d5b883,2024-11-08T14:10:05Z,"This song will always make me feel better, it is so joyful and lovely and I find it impossible not to smile when I listen to it. It also makes me think of this tik tok which ALSO always cheers me up and makes me smile. It is so wholesome and also so true!! It's so nice to hear a friend say they love you - tell your friends you love them!! Let them know x

 https://vm.tiktok.com/ZGdNhdFPC/",394db47db53e41f9a2e198a17d9a081e,Yes
spotify:track:1XsiMSfSYt5EfynqsNxO7H,***HIDDEN TRACK***,Adult Summers,Prince Daddy & the Hyena,da00a9be0561497c88ca424c81c0975e,2024-11-09T03:47:27Z,,394db47db53e41f9a2e198a17d9a081e,Yes
spotify:track:1zwrhzwvm5ySiwumpEHOYO,The Wrath Of Marcie,Proof of Youth (Special Edition),The Go! Team,e305e2cab85b4f929234bfdf98d6c6d0,2024-11-08T17:31:55Z,"This band has two drummers that play in unison, which is a Hard Times article waiting to happen - but it does inject a kind of marching band style weight into the rhythm section that I really like.",394db47db53e41f9a2e198a17d9a081e,Yes
spotify:track:2BHj31ufdEqVK5CkYDp9mA,Mayonaka no Door / Stay With Me,Miki Matsubara Best Collection,Miki Matsubara,58386a2a504f4fd08caed77112bedc82,2024-11-08T05:29:00Z,A funky Japanese singalong banger. ,394db47db53e41f9a2e198a17d9a081e,Yes
spotify:track:3fG2SsdDFb0EDa1gVptZVF,"Frank's 2000"" TV",Alapalooza,"""Weird Al"" Yankovic",f0210a760ed4406e838b0b2e03fc2a7e,2024-11-08T04:11:03Z,"I was walking in my neighborhood and I see this jacked guy on a bicycle just ripping it. He’s got a stereo strapped to him like a backpack and it is BLARING this song. And he just has the biggest smile on his face. And it put a smile in my heart. I loved this song before, but now it’s got something extra.",394db47db53e41f9a2e198a17d9a081e,Yes
spotify:track:3SeDS5sSoWnwAZvVgkdKzf,Better in the Dark,Summer's Over,"Jordana, TV Girl",fee7e973fd6f45d48299e77843f5cb17,2024-11-08T03:37:02Z,"This song is such a relaxing groove, I love it. First heard it like a week ago",394db47db53e41f9a2e198a17d9a081e,Yes
spotify:track:5aNJ81HmlykCBImt77zQ1C,Jummies (Growling Gummies Remix),Jummies (Growling Gummies Remix),"DJ Douggpound, Babelord",6e74e3bbc8e643a0b2ed5c998b8bb5ce,2024-11-08T04:04:09Z,Ever since I first heard this song it has made me smile. I listen to it once or twice a week now when I need some positive vibes. Hopefully it’ll give you a similar boost ,394db47db53e41f9a2e198a17d9a081e,Yes
spotify:track:6Ed1q0X8oSKSm4IIhiQbYg,Daylight,Daylight,"Joji, Diplo",3630bcadabb7433e8bf5b9bc5ab1e114,2024-11-08T04:18:35Z,This song feels like finally kicking a downer mood and deciding that everything that sucks can go fuck itself,394db47db53e41f9a2e198a17d9a081e,Yes
spotify:track:7iNjxpUUFTG3TvssgrgKwZ,Fresh Feeling,Souljacker,Eels,375890ae19ed48e6a2255b2692d6b3d8,2024-11-09T01:19:53Z,"I waffled on my choice here so many times I had to make a playlist to keep track of it all. Wanted to give a track most probably hadn’t heard but also one I’ve listened to >1000 times

Decided on going back to my roots - Starbucks used to have these cards with codes for free songs on them selected by the employees WAY back when. That’s how I first found this song, and The Eels. It’s always just brought me peace and helped me wade through an ocean of teen angst",394db47db53e41f9a2e198a17d9a081e,Yes
spotify:track:7jIAttgQTpLDoNtykIQXjH,Blister In The Sun,Violent Femmes,Violent Femmes,8be09f03fa73411fbe152872376053d5,2024-11-08T16:21:34Z,"This song improved 2 minutes and 25 seconds of my morning commute on Wednesday. It didn't undo the damage that had been done the day before, but it probably didn't make anything worse. ",394db47db53e41f9a2e198a17d9a081e,Yes
spotify:track:0LNyWv4RYKbaXIvzk6nMxZ,Life Will Change,PERSONA5 ORIGINAL SOUNDTRACK,Lyn,fee7e973fd6f45d48299e77843f5cb17,2024-11-15T02:36:44Z,"God I fucking LOVE this song. This is not the normal battle theme for Persona 5 (that would be Last Surprise), however this song plays after you send out your calling card to whoever the current target of the Phantom Thieves is. 

This song is just an instrumental for the first few palaces, but once you get about halfway the lyrics kick in and the whole thing becomes transcendant.",eea4500a7e7f4f5884f99ebe8d49d80b,Yes
spotify:track:0OQioy2qDfvQYExm8gFMFv,Falling On Deaf Ears,Wake,Hail The Sun,3630bcadabb7433e8bf5b9bc5ab1e114,2024-11-13T02:34:07Z,Philosophical musings about god and the universe and discussion of scientific experiments over math rock time signatures. I wouldn’t play in front of an adult woman so it’s definitely “some nerd shit”,eea4500a7e7f4f5884f99ebe8d49d80b,Yes
spotify:track:1cIjktJ9flEMBrjlbPJCBY,The Elements,More of Tom Lehrer,Tom Lehrer,6e74e3bbc8e643a0b2ed5c998b8bb5ce,2024-11-13T03:52:24Z,This song is for element enthusiasts ,eea4500a7e7f4f5884f99ebe8d49d80b,Yes
spotify:track:22Y1Gg0uugLCNP48yezX0q,Fett's Vette,Fett's Vette,MC Chris,8be09f03fa73411fbe152872376053d5,2024-11-13T04:50:24Z,This is from 2001? ,eea4500a7e7f4f5884f99ebe8d49d80b,Yes
spotify:track:2MxG5l4bd3HgVzEuY5EvMt,Pallet Town,Those Days Are Gone,Free Throw,bdd60b40c4ca4c78a0cbf518560cd06c,2024-11-14T14:28:58Z,"It's pretty nerdy to name your emo band after a sport you presumably aren’t good at (or even know about). The name and album cover also make it midwest emo, the nerdiest kind of emo.

It's even nerdier to name your song after a Pokémon reference. And then to do it again and again... (Pallet Town, Cerulean City, Lavender Town).

These guys are nerds!",eea4500a7e7f4f5884f99ebe8d49d80b,Yes
spotify:track:3cLqK3LPVrTIzfENVmYLoU,Code Monkey,Thing a Week Three,Jonathan Coulton,1dacffd0545140b2970d73e29fe6cf33,2024-11-12T18:40:29Z,"A song by a nerd, about nerds, for nerds.",eea4500a7e7f4f5884f99ebe8d49d80b,Yes
spotify:track:3dPtXHP0oXQ4HCWHsOA9js,夜に駆ける,夜に駆ける,YOASOBI,375890ae19ed48e6a2255b2692d6b3d8,2024-11-14T21:21:13Z,"Not even just nerd shit, but nerdy weeb shit. I got into the Oshi No Ko and Beastars animes separately a few years ago and their intros both slapped. A friend told me they were by the same artist - hence I got really into Yaosobi and have listened to most everything they’ve written

This is far and away my favorite, it’s about a man falling in love with a girl who speaks to the god of death and is continuously trying to commit suicide. Great stuff",eea4500a7e7f4f5884f99ebe8d49d80b,Yes
spotify:track:5axdO3LBFeGZHcekYA9pD2,"Everything I Do, I Do With William Shatner",Red Alert,Warp 11,58386a2a504f4fd08caed77112bedc82,2024-11-14T20:03:24Z,"A song about nerd royalty, William Tiberius Shatner",eea4500a7e7f4f5884f99ebe8d49d80b,Yes
spotify:track:5T7cbzIhgoX51mrvG1DhcV,Foxy Boxer,Oh:io,Bearsuit,e305e2cab85b4f929234bfdf98d6c6d0,2024-11-13T23:34:33Z,"""Wave your library cards in the air / Like you just don't care"" is a great nerd rallying call, and only just missed the cut as my submission for the recent opening lines round.

Bearsuit were (in 2010, when this was released), a six-piece from Norwich, England (at least some of whom now work in the local university - nerrrrds).

For an extra layer of nerdiness, lyrics from this song get quoted in the last frame of this webcomic strip - https://scarygoround.com/giantdays/index.html?pg=23",eea4500a7e7f4f5884f99ebe8d49d80b,Yes
spotify:track:68kUOEyUbije5M8nwVZfQC,Gallifreyan History 101,Chameleon Circuit,Chameleon Circuit,fd4c3b50daf548ffa16be6f215d5b883,2024-11-12T23:18:44Z,Want nerd stuff? How about creating your own genre of music. More nerd? Make that genre based on one specific sci-fi universe. More nerd you cry? Write a song about a lecture on the canonically accurate history of that universe. This is peak nerd and I recommend it as a nerd and an Historian & creating songs about History helps you learn. I do this as revision for my students and you haven't lived until you've heard a rap about early Christian Ireland monks to the tune of the Fresh Prince theme,eea4500a7e7f4f5884f99ebe8d49d80b,Yes
spotify:track:6GhDVvKUE1f0xg7hTv9eZN,YYZ,Moving Pictures (2011 Remaster),Rush,f0210a760ed4406e838b0b2e03fc2a7e,2024-11-12T19:29:14Z,"Rush is the nerdiest fucking nerds out there. So much so that the intro is just the Morse code of YYZ (which is the airport code for Toronto’s Pearson Airport). Sure, there’s nerdier shit out there, but you gotta admit, Rush takes the cake.",eea4500a7e7f4f5884f99ebe8d49d80b,Yes
spotify:track:6OHOYEMQfPKWZY4Uxxybnh,Winter (from The Four Seasons),A Calendar Of Classics - February,Antonio Vivaldi,da00a9be0561497c88ca424c81c0975e,2024-11-13T17:15:47Z,,eea4500a7e7f4f5884f99ebe8d49d80b,Yes
spotify:track:0yHcUDpMXyODu26hbXFZTW,Enemy,Horrorscope,Eve 6,6e74e3bbc8e643a0b2ed5c998b8bb5ce,2024-11-18T20:54:44Z,"If I learned one thing from Matt’s data dump of Music League Top 100 it’s this: Eve6 hasn’t been submitted enough. 

Listen, I’m ranked third from the bottom currently. This round wouldn’t have gotten me any closer to the top. But it CAN get Eve6 closer to the top of “Matt’s Top 100”… and I have to do that which is in service to THE GREATER GOOD. 

This is Bubble btw 👋",b364c0e2216a4fecb0c080628c24a8b7,Yes
spotify:track:1wXE6zvNWRz8GuMfEUgETz,Hair Of The Dog,Hair Of The Dog,Nazareth,bdd60b40c4ca4c78a0cbf518560cd06c,2024-11-19T01:48:50Z,"Seriously considered this for the last round... Gotta go with it this time.

""Now you're messin' with a son of a bitch"" is a rockin' chorus
and an all-time great riff.

The kind of song that plays in your head when you're running from the cops.",b364c0e2216a4fecb0c080628c24a8b7,Yes
spotify:track:2JNl3zf7dLaK3ceN12RTOW,突破口,アイラヴユー,SUPER BEAVER,fee7e973fd6f45d48299e77843f5cb17,2024-11-19T21:07:35Z,You can tell the drummer is just having the time of their fucking life on this one,b364c0e2216a4fecb0c080628c24a8b7,Yes
spotify:track:2PMy9ieP8j16eBawF3B4bT,Motherland,Holger Danske,The Old Firm Casuals,8be09f03fa73411fbe152872376053d5,2024-11-19T19:16:32Z,Here's some stadium rock from Lars Frederiksen's Oi! Band. It's a song about a viking funeral from an album named after a mythical giant who lies in rest until the country is in danger. ,b364c0e2216a4fecb0c080628c24a8b7,Yes
spotify:track:3CxozMCXI2BBT58uQYXK7q,Always: Your Way,Finelines,My Vitriol,58386a2a504f4fd08caed77112bedc82,2024-11-18T21:22:49Z,I defy you not to air guitar,b364c0e2216a4fecb0c080628c24a8b7,Yes
spotify:track:3HP1llCCJwMBBn9EtPVGyI,Juke Box Hero - 2008 Remaster,No End in Sight: The Very Best of Foreigner (Expanded),Foreigner,375890ae19ed48e6a2255b2692d6b3d8,2024-11-19T22:10:17Z,"And be a JUKE BOX HERO - the line that made me pick up guitar 20 years ago

Still terrible at at it. I’m all sax and keys. But this and Hotel California are my go-to karaoke songs as a certified Midwest white boy",b364c0e2216a4fecb0c080628c24a8b7,Yes
spotify:track:4gVTozEmzwAUXpwj3jEetX,Highway Star,Machine Head,Deep Purple,f0210a760ed4406e838b0b2e03fc2a7e,2024-11-19T01:52:34Z,"I don't think Deep Purple get the proper love they deserve. They have a lot of amazing songs, but they're the ""Smoke On The Water"" band. Highway Star is a blast, the solos are insane and the organ is smokin'. This isn't just the rockingest; it's the rippingest.",b364c0e2216a4fecb0c080628c24a8b7,Yes
spotify:track:5DrNFzZZZVfXaEZCaceKnp,Seek & Destroy (Remastered),Kill 'Em All (Remastered),Metallica,da00a9be0561497c88ca424c81c0975e,2024-11-20T00:17:52Z,"I think ""really complicated and frankly kinda stupid guitar solo"" really nails the rock aesthetic. Metal is still rock, right? Right????",b364c0e2216a4fecb0c080628c24a8b7,Yes
spotify:track:5GAHvniPRIYO1vlLj1gwUj,Girl Goodbye,Toto,TOTO,3630bcadabb7433e8bf5b9bc5ab1e114,2024-11-19T18:41:47Z,"A lesser-known gem of a song from an album that doesn’t contain “Africa”. This riff-based tune about an outlaw has a face-melting solo, and was written by a group of musicians who made their name cutting records for Steely Dan and Boz Skaggs.",b364c0e2216a4fecb0c080628c24a8b7,Yes
spotify:track:6xxXrNJnnsQNLdgNk8S4y8,Hate To Say I Told You So,Veni Vidi Vicious,The Hives,1dacffd0545140b2970d73e29fe6cf33,2024-11-19T18:36:09Z,"Was trying to think of the most rockingest song I knew, and then my wife suggested this one. Dammit. How are wives always right?",b364c0e2216a4fecb0c080628c24a8b7,Yes
spotify:track:71blheKAh7jsbrx9F5Yy1J,Let's Make Out,Dream Wife,Dream Wife,e305e2cab85b4f929234bfdf98d6c6d0,2024-11-19T17:49:27Z,"this would destroy in a basement or a stadium and in conclusion this is the most rockingest rock song of all of rock time part 2, thankyou for your time",b364c0e2216a4fecb0c080628c24a8b7,Yes
spotify:track:78lgmZwycJ3nzsdgmPPGNx,Immigrant Song - Remaster,Led Zeppelin III (Remaster),Led Zeppelin,fd4c3b50daf548ffa16be6f215d5b883,2024-11-19T18:27:27Z,"Look, you cannot deny it and you know this is the correct answer. So many other songs that were considered a possibility for this prompt (playlist available upon request) all linked back to this one in different sonic ways and I think that just proves this is in fact the rockingest song of all time. If anything, this is the one prompt where the answer should seem obvious. My criteria this round is ""can you replace bohemian rhapsody with this for the bit from waynes world and it works?"" ",b364c0e2216a4fecb0c080628c24a8b7,Yes
spotify:track:05zVcudXA6IvVNUSfD1sCx,Diagnosis,Fallow,The Weakerthans,1dacffd0545140b2970d73e29fe6cf33,2024-11-23T17:29:21Z,"If you ever say to me ""I have a headache"" do believe I'm gonna respond with ""I have a sore back"" and then sing the rest of the verse after that",e1d4aeb7f10b4f2eaf3625f8e72cb35a,Yes
spotify:track:0aB0v4027ukVziUGwVGYpG,tv off (feat. lefty gunplay),GNX,"Kendrick Lamar, Lefty Gunplay",fee7e973fd6f45d48299e77843f5cb17,2024-11-24T23:32:30Z,"Song came out two days ago, and we all already know what the word is here.",e1d4aeb7f10b4f2eaf3625f8e72cb35a,Yes
spotify:track:1Pj6mofZHlzra2H2OFDbZn,100 Dollars,Mean Everything To Nothing,Manchester Orchestra,bdd60b40c4ca4c78a0cbf518560cd06c,2024-11-24T22:54:03Z,Anytime I hear someone respond “I am fine” or “I’m fine” (especially if its with a salty tone) I have to finish it in my head with “… I just need $100 dollars!”,e1d4aeb7f10b4f2eaf3625f8e72cb35a,Yes
spotify:track:1qRA5BS78u3gME0loMl9AA,For What It's Worth,Buffalo Springfield,Buffalo Springfield,fd4c3b50daf548ffa16be6f215d5b883,2024-11-24T20:40:59Z,"It's not possible for someone to ask ""what's that sound?"" without this song needing to be sung in It's entirety (bonus points if you picture the scene this plays in in Breakfast on Pluto)",e1d4aeb7f10b4f2eaf3625f8e72cb35a,Yes
spotify:track:1zstDdfXvJEwwCB00W90xz,Jesus Christ,The Sun Is Often Out,Longpigs,e305e2cab85b4f929234bfdf98d6c6d0,2024-11-24T23:28:34Z,"Whenever I hear anyone say ""Jesus Christ!"" (I find that this is usually as a profanity rather than as part of a biblical discussion) I internally sing the chorus of this song to myself.

(If there are any Richard Hawley fans among us, you may enjoy his work as the lead guitarist in this 90's band - I particularly like the elephantine noises he manages to make at the beginning of the pre-choruses e.g. around 2.30)",e1d4aeb7f10b4f2eaf3625f8e72cb35a,Yes
spotify:track:4eamJr2k9YDH8j58RSTmSc,Doin' Time,Sublime,Sublime,3630bcadabb7433e8bf5b9bc5ab1e114,2024-11-24T13:23:49Z,"We’ve been watching a show called Evil, and every time my wife and I talk about it the bridge of this song plays in my head ",e1d4aeb7f10b4f2eaf3625f8e72cb35a,Yes
spotify:track:4ixeEr8caZ5JfnCiCBzWEi,In Medias Res,Romance Is Boring,Los Campesinos!,da00a9be0561497c88ca424c81c0975e,2024-11-24T18:00:03Z,"I always think of this song whenever I hear the phrase In Medias Res (""In the Middle of Things""), which is, admittedly, not often. ",e1d4aeb7f10b4f2eaf3625f8e72cb35a,Yes
spotify:track:5mqEL5pgnDCcWtTWpAofIV,Promise,Horrorscope,Eve 6,6e74e3bbc8e643a0b2ed5c998b8bb5ce,2024-11-23T17:16:44Z,"Whenever someone I’m with says “I promise” I always have to bite my tongue and not finish the rest of the chorus from this classic Eve6 banger. 

Those closest to me know that I don’t try too hard and it’s become a running joke that my family and close friends have suffered through for the last few decades. 

Sorry!",e1d4aeb7f10b4f2eaf3625f8e72cb35a,Yes
spotify:track:5VYTKiOnHw4iTrB9pG3yum,Unbelievable,Schubert Dip,EMF,f0210a760ed4406e838b0b2e03fc2a7e,2024-11-23T20:21:51Z,"I mean, who doesn’t want to go, “oh!” When someone says “you’re unbelievable”?",e1d4aeb7f10b4f2eaf3625f8e72cb35a,Yes
spotify:track:5z9NHufcqxNbNstsAr4bt9,Space Song,Hey Duggee & The Greatest Hits Badge (Volume Woof Woof),Duggee & The Squirrels,58386a2a504f4fd08caed77112bedc82,2024-11-24T20:32:38Z,"Whenever I hear anyone say space I can't resist saying ""Space! Amazing Things!""",e1d4aeb7f10b4f2eaf3625f8e72cb35a,Yes
spotify:track:6YYljGh0nSVRQD9Tu5lb0B,I Am Steve,Steve by Steve,Hey Steve,375890ae19ed48e6a2255b2692d6b3d8,2024-11-24T23:36:42Z,I currently have 3 close friends named Steve and I quote this to them randomly all the time. Honestly just hanging out with one of them for a Friendsgiving last night had me stuck with this in my head all day today ,e1d4aeb7f10b4f2eaf3625f8e72cb35a,Yes
spotify:track:7ueP5u2qkdZbIPN2YA6LR0,Sail,Megalithic Symphony,AWOLNATION,8be09f03fa73411fbe152872376053d5,2024-11-24T02:47:48Z,"Any time I hear the word ""sail"" or ""sale"", this song gets stuck in my head again",e1d4aeb7f10b4f2eaf3625f8e72cb35a,Yes
spotify:track:01ZZX9oCYcBb99RNR057up,Jaded(call Me),Jaded(call Me),Ev3,6e74e3bbc8e643a0b2ed5c998b8bb5ce,2024-11-28T22:04:00Z,"Since the rules for this round disqualify another Eve6 song submission I find myself forced to submit a song by Eve3 (which is only HALF the amount of Eves I like) 

Less than 1k monthly listeners ",18611d38b46f40c986b305c1484c9052,Yes
spotify:track:1kIymGuT1ji7GUkzItnEwF,Cool Girl,Cool Girl,Ali Comerford,fd4c3b50daf548ffa16be6f215d5b883,2024-11-28T07:37:45Z,47 listeners at time of submission,18611d38b46f40c986b305c1484c9052,Yes
spotify:track:1NencF9RhXfDMnIxamShD8,Dancer,Heart Attack,Woodhands,f0210a760ed4406e838b0b2e03fc2a7e,2024-11-28T04:54:14Z,"743 monthly listeners. Meet Woodhands, your favorite new band. Which is unfortunate, because they’re not together anymore. 

This was fucking cool back then and I still love it today. This is my fave song and the hook of it makes me smile: “You’re a very good dancer! / What is your name / What is your name”.

Mixing that aggressive vocal for the chorus with this sweet tender verse vocal under this broken electro-disco beat is face melting. Check this album out. ",18611d38b46f40c986b305c1484c9052,Yes
spotify:track:1s0F8U68USAR52lQsel6LH,The Cell,Growing Pains,Leaway,da00a9be0561497c88ca424c81c0975e,2024-11-28T13:53:00Z,"I've been friends with these guys for a while and they just haven't been able to break of of the local scene, despite (in my opinion) being some pretty solid musicians. 58 monthly listeners ",18611d38b46f40c986b305c1484c9052,Yes
spotify:track:3Bo5bhdhDY5RwaXed2q2Ms,Berceuse For Mallory,Enigma-The Steve Spiegl Big Band,Steve Spiegl,375890ae19ed48e6a2255b2692d6b3d8,2024-11-28T19:00:58Z,"Big band nerd over here, alto sax especially in jazz band for over 10 years. I was coasting in second chair forever cuz I didn’t practice lol

First chair graduated and I was like oh fuck everyone’s going to ACTUALLY hear me now. Better get good! 

This song was my first big debut and I can’t tell you how hard I immediately bombed - started practicing daily after that",18611d38b46f40c986b305c1484c9052,Yes
spotify:track:3BOH4l1MqKSonBAX2lcels,Love / Drugs,Strange Familia,Strange Familia,fee7e973fd6f45d48299e77843f5cb17,2024-11-29T00:59:45Z,"3724 monthly listeners, found them in college by listening to whatever random indie songs my college's radio station was playing",18611d38b46f40c986b305c1484c9052,Yes
spotify:track:3ridZZNOwWbGXNRgSRvRgo,Candy Thief,In Sugar We Trust,Candy And The Stripes,58386a2a504f4fd08caed77112bedc82,2024-11-28T19:43:53Z,"Five (5) monthly listeners. Quick little punk song, let's give their listener numbers a boost. Might even break double figures.",18611d38b46f40c986b305c1484c9052,Yes
spotify:track:3zinoO4sjQUvSME3S8RONN,Pass the Ammo,Whiskey Rebels / Hanover Saints,Whiskey Rebels,8be09f03fa73411fbe152872376053d5,2024-11-28T20:56:06Z,"3833 monthly listeners. 

The almighty algorithm just showed me this band a few days ago, and I really like them. They might have better songs, but i haven't listened to all of their albums yet. I wish I knew about them sooner because they seem to have stopped making music over a decade ago. Anyways, here's some Oi! music. Music League needs more Oi! ",18611d38b46f40c986b305c1484c9052,Yes
spotify:track:56Xwg8kWtQ6cJWx5WqvN6l,Laura,Laura,Mega Emotion,e305e2cab85b4f929234bfdf98d6c6d0,2024-11-28T23:59:40Z,"30 monthly listeners.

In 2020 Mega Emotion recorded personal tracks for the first 50 people to buy a copy of their EP on cassette, in a project called #fromMEtoyou. They invited the recipients (in this case someone called Laura) to give them details of their life, and then wrote the song around that. This one is about ""growing up gay in a small northern village. It’s about the girl at school who never really knew how you felt, about unrequited love, and still burning inside.""",18611d38b46f40c986b305c1484c9052,Yes
spotify:track:6DoR9MlfQsqiUSnneoJSo3,Thousand-Acre Wood,Short Stories,Moon Bank,3630bcadabb7433e8bf5b9bc5ab1e114,2024-11-27T16:18:37Z,"I love this EP.

Its folksy and sorta spooky fall vibes make it a great listen this time of year. Found via bandcamp almost a decade ago, but still revisit it frequently.

Coming in at just 10 monthly listeners, they’ll probably be real confused after this week.

Hope y’all dig it!",18611d38b46f40c986b305c1484c9052,Yes
spotify:track:6WiUOZGIUVd5wD52IWUlT7,Days Away,Hidari Mae / Speed Not Steel,Hidari Mae / Speed Not Steel,bdd60b40c4ca4c78a0cbf518560cd06c,2024-11-29T01:03:09Z,"39 listeners

Famously used in ITYSL but looks like that hasn’t boosted it much on Spotify ",18611d38b46f40c986b305c1484c9052,Yes
spotify:track:7xuyQKIQvMbXvJiDBBnJ2J,Hold My Hand,Eat Your Heart Out,Baby Brains,1dacffd0545140b2970d73e29fe6cf33,2024-11-28T14:06:08Z,My old band played a show with this band years ago and they were really nice. They let our drummer use their kit because all we had at the time was an electric kit for practice.,18611d38b46f40c986b305c1484c9052,Yes
