ID,Created,Name,Description,Playlist URL
27980503e35542acb7976a64eaeacdc6,2025-11-10T01:56:47Z,“Veteran’s Day”: Vocalist Must be Over 50 Years of Age on the Release Date,"This round brought to you by Sparkles.
",https://open.spotify.com/playlist/5WedMIGcaMWiLzgxiJm1y6
98220b53c0bb4b97b11fe5d00b24ff71,2025-11-14T15:32:11Z,Submit the perfect soundtrack for this clip,"We found a short video clip: https://www.pexels.com/video/a-herd-of-horses-walking-across-a-river-18853626/

Your job is to give it the perfect soundtrack.
Submit the song that should play during this “scene”

In your comments, feel free to:
• Add timestamps to match your music to the clip
• Add your own context for the scene
• Explain what happens before or after if your song runs longer (Obviously, it’s a short clip, so have fun filling in the story.)",https://open.spotify.com/playlist/5bWxcer5VhvuKmRCvsEOkO
97561c15d257424897800ccc4d06effb,2025-11-18T03:37:54Z,You Probably Haven’t Heard of Them: Metal Edition,"Max monthly listeners: 1 million

This is a little trial balloon for our upcoming “OOPS All ‘You Probably Haven’t Heard of Them’” season (Season 27). A light theme with a listener cap.

You can submit any song that falls under a metal genre. And of course, good songs only.

Max monthly listeners: 1 million",https://open.spotify.com/playlist/63KnP2b4DKyL72VvTkxJaK
c3c11930635c4595a25782f2f901acc4,2025-11-20T03:41:15Z,A band you needed to hear when you saw the band name,,https://open.spotify.com/playlist/71dngKzr2O8RIipsyQwcds
