Spotify URI,Voter ID,Created,Points Assigned,Comment,Round ID
spotify:track:7qjyeVKKgDDDZHJG6pldbk,e305e2cab85b4f929234bfdf98d6c6d0,2023-02-28T15:39:47Z,1,,23ecd1585e704b07a09f1367be682f37
spotify:track:0aRtXmOhG0zypXF6nkLi2r,e305e2cab85b4f929234bfdf98d6c6d0,2023-02-28T15:39:47Z,2,,23ecd1585e704b07a09f1367be682f37
spotify:track:2Adc2oSjShGBApY8vOYDeK,e305e2cab85b4f929234bfdf98d6c6d0,2023-02-28T15:39:47Z,6,,23ecd1585e704b07a09f1367be682f37
spotify:track:30GGIrrJdSNtecPiFcVP5O,e305e2cab85b4f929234bfdf98d6c6d0,2023-02-28T15:39:47Z,5,,23ecd1585e704b07a09f1367be682f37
spotify:track:4F1V29ygbAKbKCQDgt4z9f,e305e2cab85b4f929234bfdf98d6c6d0,2023-02-28T15:39:47Z,2,,23ecd1585e704b07a09f1367be682f37
spotify:track:4ksveb1xcHXT38dL8zgBjE,e305e2cab85b4f929234bfdf98d6c6d0,2023-02-28T15:39:47Z,1,,23ecd1585e704b07a09f1367be682f37
spotify:track:53axyMwXyIPgB1pnJuyczn,e305e2cab85b4f929234bfdf98d6c6d0,2023-02-28T15:39:47Z,1,,23ecd1585e704b07a09f1367be682f37
spotify:track:61DsgGHxzIAKnwaL3bFKwG,e305e2cab85b4f929234bfdf98d6c6d0,2023-02-28T15:39:47Z,2,,23ecd1585e704b07a09f1367be682f37
spotify:track:0aRtXmOhG0zypXF6nkLi2r,e1e3b5e4480d48929de8803f29c0e1bf,2023-02-28T19:26:58Z,1,,23ecd1585e704b07a09f1367be682f37
spotify:track:1g1NBeyibyCJMgSfsjuyfS,e1e3b5e4480d48929de8803f29c0e1bf,2023-02-28T19:26:58Z,2,,23ecd1585e704b07a09f1367be682f37
spotify:track:2Adc2oSjShGBApY8vOYDeK,e1e3b5e4480d48929de8803f29c0e1bf,2023-02-28T19:26:58Z,2,,23ecd1585e704b07a09f1367be682f37
spotify:track:30GGIrrJdSNtecPiFcVP5O,e1e3b5e4480d48929de8803f29c0e1bf,2023-02-28T19:26:58Z,1,,23ecd1585e704b07a09f1367be682f37
spotify:track:4F1V29ygbAKbKCQDgt4z9f,e1e3b5e4480d48929de8803f29c0e1bf,2023-02-28T19:26:58Z,3,,23ecd1585e704b07a09f1367be682f37
spotify:track:4ksveb1xcHXT38dL8zgBjE,e1e3b5e4480d48929de8803f29c0e1bf,2023-02-28T19:26:58Z,3,,23ecd1585e704b07a09f1367be682f37
spotify:track:53axyMwXyIPgB1pnJuyczn,e1e3b5e4480d48929de8803f29c0e1bf,2023-02-28T19:26:58Z,3,,23ecd1585e704b07a09f1367be682f37
spotify:track:7qjyeVKKgDDDZHJG6pldbk,e1e3b5e4480d48929de8803f29c0e1bf,2023-02-28T19:26:58Z,5,,23ecd1585e704b07a09f1367be682f37
spotify:track:1g1NBeyibyCJMgSfsjuyfS,1dacffd0545140b2970d73e29fe6cf33,2023-02-28T21:14:55Z,1,,23ecd1585e704b07a09f1367be682f37
spotify:track:2Adc2oSjShGBApY8vOYDeK,1dacffd0545140b2970d73e29fe6cf33,2023-02-28T21:14:55Z,6,,23ecd1585e704b07a09f1367be682f37
spotify:track:0aRtXmOhG0zypXF6nkLi2r,1dacffd0545140b2970d73e29fe6cf33,2023-02-28T21:14:55Z,3,,23ecd1585e704b07a09f1367be682f37
spotify:track:30GGIrrJdSNtecPiFcVP5O,1dacffd0545140b2970d73e29fe6cf33,2023-02-28T21:14:55Z,1,,23ecd1585e704b07a09f1367be682f37
spotify:track:4F1V29ygbAKbKCQDgt4z9f,1dacffd0545140b2970d73e29fe6cf33,2023-02-28T21:14:55Z,0,I refuse to vote for anymore Bowie songs,23ecd1585e704b07a09f1367be682f37
spotify:track:4ksveb1xcHXT38dL8zgBjE,1dacffd0545140b2970d73e29fe6cf33,2023-02-28T21:14:55Z,1,,23ecd1585e704b07a09f1367be682f37
spotify:track:61DsgGHxzIAKnwaL3bFKwG,1dacffd0545140b2970d73e29fe6cf33,2023-02-28T21:14:55Z,2,,23ecd1585e704b07a09f1367be682f37
spotify:track:7qjyeVKKgDDDZHJG6pldbk,1dacffd0545140b2970d73e29fe6cf33,2023-02-28T21:14:55Z,6,,23ecd1585e704b07a09f1367be682f37
spotify:track:0aRtXmOhG0zypXF6nkLi2r,5df547c9f7ed41278698daa1917fdd24,2023-03-01T06:12:33Z,2,,23ecd1585e704b07a09f1367be682f37
spotify:track:1g1NBeyibyCJMgSfsjuyfS,5df547c9f7ed41278698daa1917fdd24,2023-03-01T06:12:33Z,4,,23ecd1585e704b07a09f1367be682f37
spotify:track:2Adc2oSjShGBApY8vOYDeK,5df547c9f7ed41278698daa1917fdd24,2023-03-01T06:12:33Z,2,,23ecd1585e704b07a09f1367be682f37
spotify:track:30GGIrrJdSNtecPiFcVP5O,5df547c9f7ed41278698daa1917fdd24,2023-03-01T06:12:33Z,4,,23ecd1585e704b07a09f1367be682f37
spotify:track:4F1V29ygbAKbKCQDgt4z9f,5df547c9f7ed41278698daa1917fdd24,2023-03-01T06:12:33Z,2,,23ecd1585e704b07a09f1367be682f37
spotify:track:4ksveb1xcHXT38dL8zgBjE,5df547c9f7ed41278698daa1917fdd24,2023-03-01T06:12:33Z,2,,23ecd1585e704b07a09f1367be682f37
spotify:track:53axyMwXyIPgB1pnJuyczn,5df547c9f7ed41278698daa1917fdd24,2023-03-01T06:12:33Z,2,,23ecd1585e704b07a09f1367be682f37
spotify:track:61DsgGHxzIAKnwaL3bFKwG,5df547c9f7ed41278698daa1917fdd24,2023-03-01T06:12:33Z,2,,23ecd1585e704b07a09f1367be682f37
spotify:track:30GGIrrJdSNtecPiFcVP5O,58386a2a504f4fd08caed77112bedc82,2023-03-01T07:54:34Z,4,,23ecd1585e704b07a09f1367be682f37
spotify:track:1g1NBeyibyCJMgSfsjuyfS,58386a2a504f4fd08caed77112bedc82,2023-03-01T07:54:34Z,4,,23ecd1585e704b07a09f1367be682f37
spotify:track:2Adc2oSjShGBApY8vOYDeK,58386a2a504f4fd08caed77112bedc82,2023-03-01T07:54:34Z,4,,23ecd1585e704b07a09f1367be682f37
spotify:track:4F1V29ygbAKbKCQDgt4z9f,58386a2a504f4fd08caed77112bedc82,2023-03-01T07:54:34Z,4,,23ecd1585e704b07a09f1367be682f37
spotify:track:4ksveb1xcHXT38dL8zgBjE,58386a2a504f4fd08caed77112bedc82,2023-03-01T07:54:34Z,4,,23ecd1585e704b07a09f1367be682f37
spotify:track:0aRtXmOhG0zypXF6nkLi2r,a42c0c643fe34d04b0795aeb631c3e65,2023-03-01T12:18:52Z,4,,23ecd1585e704b07a09f1367be682f37
spotify:track:1g1NBeyibyCJMgSfsjuyfS,a42c0c643fe34d04b0795aeb631c3e65,2023-03-01T12:18:52Z,4,,23ecd1585e704b07a09f1367be682f37
spotify:track:2Adc2oSjShGBApY8vOYDeK,a42c0c643fe34d04b0795aeb631c3e65,2023-03-01T12:18:52Z,3,,23ecd1585e704b07a09f1367be682f37
spotify:track:30GGIrrJdSNtecPiFcVP5O,a42c0c643fe34d04b0795aeb631c3e65,2023-03-01T12:18:52Z,3,,23ecd1585e704b07a09f1367be682f37
spotify:track:4ksveb1xcHXT38dL8zgBjE,a42c0c643fe34d04b0795aeb631c3e65,2023-03-01T12:18:52Z,1,,23ecd1585e704b07a09f1367be682f37
spotify:track:53axyMwXyIPgB1pnJuyczn,a42c0c643fe34d04b0795aeb631c3e65,2023-03-01T12:18:52Z,3,,23ecd1585e704b07a09f1367be682f37
spotify:track:61DsgGHxzIAKnwaL3bFKwG,a42c0c643fe34d04b0795aeb631c3e65,2023-03-01T12:18:52Z,2,,23ecd1585e704b07a09f1367be682f37
spotify:track:0aRtXmOhG0zypXF6nkLi2r,bdd60b40c4ca4c78a0cbf518560cd06c,2023-03-01T14:12:23Z,4,,23ecd1585e704b07a09f1367be682f37
spotify:track:1g1NBeyibyCJMgSfsjuyfS,bdd60b40c4ca4c78a0cbf518560cd06c,2023-03-01T14:12:23Z,2,,23ecd1585e704b07a09f1367be682f37
spotify:track:2Adc2oSjShGBApY8vOYDeK,bdd60b40c4ca4c78a0cbf518560cd06c,2023-03-01T14:12:23Z,1,,23ecd1585e704b07a09f1367be682f37
spotify:track:4F1V29ygbAKbKCQDgt4z9f,bdd60b40c4ca4c78a0cbf518560cd06c,2023-03-01T14:12:23Z,1,,23ecd1585e704b07a09f1367be682f37
spotify:track:4ksveb1xcHXT38dL8zgBjE,bdd60b40c4ca4c78a0cbf518560cd06c,2023-03-01T14:12:23Z,4,,23ecd1585e704b07a09f1367be682f37
spotify:track:53axyMwXyIPgB1pnJuyczn,bdd60b40c4ca4c78a0cbf518560cd06c,2023-03-01T14:12:23Z,2,,23ecd1585e704b07a09f1367be682f37
spotify:track:61DsgGHxzIAKnwaL3bFKwG,bdd60b40c4ca4c78a0cbf518560cd06c,2023-03-01T14:12:23Z,3,It doesn’t fade out for long enough at the end though ,23ecd1585e704b07a09f1367be682f37
spotify:track:7qjyeVKKgDDDZHJG6pldbk,bdd60b40c4ca4c78a0cbf518560cd06c,2023-03-01T14:12:23Z,3,🤘,23ecd1585e704b07a09f1367be682f37
spotify:track:0aRtXmOhG0zypXF6nkLi2r,5be35bf564744df2a445fae855878c05,2023-03-01T19:55:05Z,4,,23ecd1585e704b07a09f1367be682f37
spotify:track:1g1NBeyibyCJMgSfsjuyfS,5be35bf564744df2a445fae855878c05,2023-03-01T19:55:05Z,1,,23ecd1585e704b07a09f1367be682f37
spotify:track:30GGIrrJdSNtecPiFcVP5O,5be35bf564744df2a445fae855878c05,2023-03-01T19:55:05Z,4,,23ecd1585e704b07a09f1367be682f37
spotify:track:4F1V29ygbAKbKCQDgt4z9f,5be35bf564744df2a445fae855878c05,2023-03-01T19:55:05Z,1,,23ecd1585e704b07a09f1367be682f37
spotify:track:4ksveb1xcHXT38dL8zgBjE,5be35bf564744df2a445fae855878c05,2023-03-01T19:55:05Z,2,,23ecd1585e704b07a09f1367be682f37
spotify:track:53axyMwXyIPgB1pnJuyczn,5be35bf564744df2a445fae855878c05,2023-03-01T19:55:05Z,3,,23ecd1585e704b07a09f1367be682f37
spotify:track:61DsgGHxzIAKnwaL3bFKwG,5be35bf564744df2a445fae855878c05,2023-03-01T19:55:05Z,4,,23ecd1585e704b07a09f1367be682f37
spotify:track:7qjyeVKKgDDDZHJG6pldbk,5be35bf564744df2a445fae855878c05,2023-03-01T19:55:05Z,1,,23ecd1585e704b07a09f1367be682f37
spotify:track:0aRtXmOhG0zypXF6nkLi2r,9bbd7b198c6447b097e31d0e543fa630,2023-03-01T19:57:19Z,5,,23ecd1585e704b07a09f1367be682f37
spotify:track:1g1NBeyibyCJMgSfsjuyfS,9bbd7b198c6447b097e31d0e543fa630,2023-03-01T19:57:19Z,2,,23ecd1585e704b07a09f1367be682f37
spotify:track:2Adc2oSjShGBApY8vOYDeK,9bbd7b198c6447b097e31d0e543fa630,2023-03-01T19:57:19Z,1,,23ecd1585e704b07a09f1367be682f37
spotify:track:30GGIrrJdSNtecPiFcVP5O,9bbd7b198c6447b097e31d0e543fa630,2023-03-01T19:57:19Z,2,,23ecd1585e704b07a09f1367be682f37
spotify:track:4F1V29ygbAKbKCQDgt4z9f,9bbd7b198c6447b097e31d0e543fa630,2023-03-01T19:57:19Z,2,,23ecd1585e704b07a09f1367be682f37
spotify:track:53axyMwXyIPgB1pnJuyczn,9bbd7b198c6447b097e31d0e543fa630,2023-03-01T19:57:19Z,2,,23ecd1585e704b07a09f1367be682f37
spotify:track:61DsgGHxzIAKnwaL3bFKwG,9bbd7b198c6447b097e31d0e543fa630,2023-03-01T19:57:19Z,2,,23ecd1585e704b07a09f1367be682f37
spotify:track:7qjyeVKKgDDDZHJG6pldbk,9bbd7b198c6447b097e31d0e543fa630,2023-03-01T19:57:19Z,4,,23ecd1585e704b07a09f1367be682f37
spotify:track:0N3W5peJUQtI4eyR6GJT5O,1dacffd0545140b2970d73e29fe6cf33,2023-03-02T19:50:28Z,2,,3948dbee4c9e406ab525ab01a774abf9
spotify:track:5i1nIPhtCtbi9Ljga07fjW,1dacffd0545140b2970d73e29fe6cf33,2023-03-02T19:50:28Z,2,,3948dbee4c9e406ab525ab01a774abf9
spotify:track:2VnKo1kUEFkM5CwzsreulS,1dacffd0545140b2970d73e29fe6cf33,2023-03-02T19:50:28Z,1,,3948dbee4c9e406ab525ab01a774abf9
spotify:track:22gBwKtpb1qgBNS7l5feMh,1dacffd0545140b2970d73e29fe6cf33,2023-03-02T19:50:28Z,5,,3948dbee4c9e406ab525ab01a774abf9
spotify:track:1TyGdDqi8wS9J7zN7LvYmh,1dacffd0545140b2970d73e29fe6cf33,2023-03-02T19:50:28Z,4,,3948dbee4c9e406ab525ab01a774abf9
spotify:track:1LJ3OuU4K1uohrR8M4prFR,1dacffd0545140b2970d73e29fe6cf33,2023-03-02T19:50:28Z,2,,3948dbee4c9e406ab525ab01a774abf9
spotify:track:0PukerHwImpQ2axWQEV1WQ,1dacffd0545140b2970d73e29fe6cf33,2023-03-02T19:50:28Z,3,,3948dbee4c9e406ab525ab01a774abf9
spotify:track:0PJIbOdMs3bd5AT8liULMQ,1dacffd0545140b2970d73e29fe6cf33,2023-03-02T19:50:28Z,1,,3948dbee4c9e406ab525ab01a774abf9
spotify:track:5i1nIPhtCtbi9Ljga07fjW,bdd60b40c4ca4c78a0cbf518560cd06c,2023-03-02T20:53:18Z,2,,3948dbee4c9e406ab525ab01a774abf9
spotify:track:0N3W5peJUQtI4eyR6GJT5O,bdd60b40c4ca4c78a0cbf518560cd06c,2023-03-02T20:53:18Z,3,,3948dbee4c9e406ab525ab01a774abf9
spotify:track:0PukerHwImpQ2axWQEV1WQ,bdd60b40c4ca4c78a0cbf518560cd06c,2023-03-02T20:53:18Z,3,,3948dbee4c9e406ab525ab01a774abf9
spotify:track:1LJ3OuU4K1uohrR8M4prFR,bdd60b40c4ca4c78a0cbf518560cd06c,2023-03-02T20:53:18Z,4,,3948dbee4c9e406ab525ab01a774abf9
spotify:track:1TyGdDqi8wS9J7zN7LvYmh,bdd60b40c4ca4c78a0cbf518560cd06c,2023-03-02T20:53:18Z,3,,3948dbee4c9e406ab525ab01a774abf9
spotify:track:22gBwKtpb1qgBNS7l5feMh,bdd60b40c4ca4c78a0cbf518560cd06c,2023-03-02T20:53:18Z,1,,3948dbee4c9e406ab525ab01a774abf9
spotify:track:2b1MCbfwRZ1teOX1vSm4Xt,bdd60b40c4ca4c78a0cbf518560cd06c,2023-03-02T20:53:18Z,1,,3948dbee4c9e406ab525ab01a774abf9
spotify:track:2VnKo1kUEFkM5CwzsreulS,bdd60b40c4ca4c78a0cbf518560cd06c,2023-03-02T20:53:18Z,3,,3948dbee4c9e406ab525ab01a774abf9
spotify:track:5i1nIPhtCtbi9Ljga07fjW,e305e2cab85b4f929234bfdf98d6c6d0,2023-03-02T22:17:50Z,2,,3948dbee4c9e406ab525ab01a774abf9
spotify:track:2VnKo1kUEFkM5CwzsreulS,e305e2cab85b4f929234bfdf98d6c6d0,2023-03-02T22:17:50Z,1,,3948dbee4c9e406ab525ab01a774abf9
spotify:track:2b1MCbfwRZ1teOX1vSm4Xt,e305e2cab85b4f929234bfdf98d6c6d0,2023-03-02T22:17:50Z,8,whooo this is sick,3948dbee4c9e406ab525ab01a774abf9
spotify:track:1TyGdDqi8wS9J7zN7LvYmh,e305e2cab85b4f929234bfdf98d6c6d0,2023-03-02T22:17:50Z,1,,3948dbee4c9e406ab525ab01a774abf9
spotify:track:0PJIbOdMs3bd5AT8liULMQ,e305e2cab85b4f929234bfdf98d6c6d0,2023-03-02T22:17:50Z,4,,3948dbee4c9e406ab525ab01a774abf9
spotify:track:1LJ3OuU4K1uohrR8M4prFR,e305e2cab85b4f929234bfdf98d6c6d0,2023-03-02T22:17:50Z,1,,3948dbee4c9e406ab525ab01a774abf9
spotify:track:0PukerHwImpQ2axWQEV1WQ,e305e2cab85b4f929234bfdf98d6c6d0,2023-03-02T22:17:50Z,3,,3948dbee4c9e406ab525ab01a774abf9
spotify:track:0N3W5peJUQtI4eyR6GJT5O,a42c0c643fe34d04b0795aeb631c3e65,2023-03-03T03:53:00Z,5,,3948dbee4c9e406ab525ab01a774abf9
spotify:track:0PJIbOdMs3bd5AT8liULMQ,a42c0c643fe34d04b0795aeb631c3e65,2023-03-03T03:53:00Z,3,,3948dbee4c9e406ab525ab01a774abf9
spotify:track:0PukerHwImpQ2axWQEV1WQ,a42c0c643fe34d04b0795aeb631c3e65,2023-03-03T03:53:00Z,6,,3948dbee4c9e406ab525ab01a774abf9
spotify:track:1TyGdDqi8wS9J7zN7LvYmh,a42c0c643fe34d04b0795aeb631c3e65,2023-03-03T03:53:00Z,1,,3948dbee4c9e406ab525ab01a774abf9
spotify:track:22gBwKtpb1qgBNS7l5feMh,a42c0c643fe34d04b0795aeb631c3e65,2023-03-03T03:53:00Z,2,,3948dbee4c9e406ab525ab01a774abf9
spotify:track:2b1MCbfwRZ1teOX1vSm4Xt,a42c0c643fe34d04b0795aeb631c3e65,2023-03-03T03:53:00Z,1,,3948dbee4c9e406ab525ab01a774abf9
spotify:track:2VnKo1kUEFkM5CwzsreulS,a42c0c643fe34d04b0795aeb631c3e65,2023-03-03T03:53:00Z,1,,3948dbee4c9e406ab525ab01a774abf9
spotify:track:5i1nIPhtCtbi9Ljga07fjW,a42c0c643fe34d04b0795aeb631c3e65,2023-03-03T03:53:00Z,1,,3948dbee4c9e406ab525ab01a774abf9
spotify:track:0PukerHwImpQ2axWQEV1WQ,e1e3b5e4480d48929de8803f29c0e1bf,2023-03-03T04:34:07Z,2,,3948dbee4c9e406ab525ab01a774abf9
spotify:track:0N3W5peJUQtI4eyR6GJT5O,e1e3b5e4480d48929de8803f29c0e1bf,2023-03-03T04:34:07Z,2,,3948dbee4c9e406ab525ab01a774abf9
spotify:track:0PJIbOdMs3bd5AT8liULMQ,e1e3b5e4480d48929de8803f29c0e1bf,2023-03-03T04:34:07Z,2,,3948dbee4c9e406ab525ab01a774abf9
spotify:track:1LJ3OuU4K1uohrR8M4prFR,e1e3b5e4480d48929de8803f29c0e1bf,2023-03-03T04:34:07Z,2,,3948dbee4c9e406ab525ab01a774abf9
spotify:track:22gBwKtpb1qgBNS7l5feMh,e1e3b5e4480d48929de8803f29c0e1bf,2023-03-03T04:34:07Z,3,,3948dbee4c9e406ab525ab01a774abf9
spotify:track:2b1MCbfwRZ1teOX1vSm4Xt,e1e3b5e4480d48929de8803f29c0e1bf,2023-03-03T04:34:07Z,3,,3948dbee4c9e406ab525ab01a774abf9
spotify:track:2VnKo1kUEFkM5CwzsreulS,e1e3b5e4480d48929de8803f29c0e1bf,2023-03-03T04:34:07Z,3,,3948dbee4c9e406ab525ab01a774abf9
spotify:track:5i1nIPhtCtbi9Ljga07fjW,e1e3b5e4480d48929de8803f29c0e1bf,2023-03-03T04:34:07Z,3,,3948dbee4c9e406ab525ab01a774abf9
spotify:track:0N3W5peJUQtI4eyR6GJT5O,58386a2a504f4fd08caed77112bedc82,2023-03-03T05:50:17Z,5,,3948dbee4c9e406ab525ab01a774abf9
spotify:track:0PJIbOdMs3bd5AT8liULMQ,58386a2a504f4fd08caed77112bedc82,2023-03-03T05:50:17Z,2,,3948dbee4c9e406ab525ab01a774abf9
spotify:track:0PukerHwImpQ2axWQEV1WQ,58386a2a504f4fd08caed77112bedc82,2023-03-03T05:50:17Z,3,,3948dbee4c9e406ab525ab01a774abf9
spotify:track:1LJ3OuU4K1uohrR8M4prFR,58386a2a504f4fd08caed77112bedc82,2023-03-03T05:50:17Z,3,,3948dbee4c9e406ab525ab01a774abf9
spotify:track:2b1MCbfwRZ1teOX1vSm4Xt,58386a2a504f4fd08caed77112bedc82,2023-03-03T05:50:17Z,4,,3948dbee4c9e406ab525ab01a774abf9
spotify:track:2VnKo1kUEFkM5CwzsreulS,58386a2a504f4fd08caed77112bedc82,2023-03-03T05:50:17Z,3,,3948dbee4c9e406ab525ab01a774abf9
spotify:track:0N3W5peJUQtI4eyR6GJT5O,5be35bf564744df2a445fae855878c05,2023-03-03T14:30:12Z,2,,3948dbee4c9e406ab525ab01a774abf9
spotify:track:0PJIbOdMs3bd5AT8liULMQ,5be35bf564744df2a445fae855878c05,2023-03-03T14:30:12Z,3,,3948dbee4c9e406ab525ab01a774abf9
spotify:track:0PukerHwImpQ2axWQEV1WQ,5be35bf564744df2a445fae855878c05,2023-03-03T14:30:12Z,3,,3948dbee4c9e406ab525ab01a774abf9
spotify:track:1LJ3OuU4K1uohrR8M4prFR,5be35bf564744df2a445fae855878c05,2023-03-03T14:30:12Z,1,,3948dbee4c9e406ab525ab01a774abf9
spotify:track:1TyGdDqi8wS9J7zN7LvYmh,5be35bf564744df2a445fae855878c05,2023-03-03T14:30:12Z,3,,3948dbee4c9e406ab525ab01a774abf9
spotify:track:22gBwKtpb1qgBNS7l5feMh,5be35bf564744df2a445fae855878c05,2023-03-03T14:30:12Z,2,,3948dbee4c9e406ab525ab01a774abf9
spotify:track:2b1MCbfwRZ1teOX1vSm4Xt,5be35bf564744df2a445fae855878c05,2023-03-03T14:30:12Z,3,,3948dbee4c9e406ab525ab01a774abf9
spotify:track:5i1nIPhtCtbi9Ljga07fjW,5be35bf564744df2a445fae855878c05,2023-03-03T14:30:12Z,3,,3948dbee4c9e406ab525ab01a774abf9
spotify:track:5i1nIPhtCtbi9Ljga07fjW,5df547c9f7ed41278698daa1917fdd24,2023-03-04T19:02:41Z,3,,3948dbee4c9e406ab525ab01a774abf9
spotify:track:0PJIbOdMs3bd5AT8liULMQ,5df547c9f7ed41278698daa1917fdd24,2023-03-04T19:02:41Z,2,,3948dbee4c9e406ab525ab01a774abf9
spotify:track:0PukerHwImpQ2axWQEV1WQ,5df547c9f7ed41278698daa1917fdd24,2023-03-04T19:02:41Z,2,,3948dbee4c9e406ab525ab01a774abf9
spotify:track:1LJ3OuU4K1uohrR8M4prFR,5df547c9f7ed41278698daa1917fdd24,2023-03-04T19:02:41Z,2,,3948dbee4c9e406ab525ab01a774abf9
spotify:track:1TyGdDqi8wS9J7zN7LvYmh,5df547c9f7ed41278698daa1917fdd24,2023-03-04T19:02:41Z,3,,3948dbee4c9e406ab525ab01a774abf9
spotify:track:2b1MCbfwRZ1teOX1vSm4Xt,5df547c9f7ed41278698daa1917fdd24,2023-03-04T19:02:41Z,2,,3948dbee4c9e406ab525ab01a774abf9
spotify:track:2VnKo1kUEFkM5CwzsreulS,5df547c9f7ed41278698daa1917fdd24,2023-03-04T19:02:41Z,3,,3948dbee4c9e406ab525ab01a774abf9
spotify:track:0N3W5peJUQtI4eyR6GJT5O,5df547c9f7ed41278698daa1917fdd24,2023-03-04T19:02:41Z,3,"As an English major, I definitely need to listen to Kendrick more often.",3948dbee4c9e406ab525ab01a774abf9
spotify:track:1LJ3OuU4K1uohrR8M4prFR,9bbd7b198c6447b097e31d0e543fa630,2023-03-04T19:04:25Z,4,,3948dbee4c9e406ab525ab01a774abf9
spotify:track:1TyGdDqi8wS9J7zN7LvYmh,9bbd7b198c6447b097e31d0e543fa630,2023-03-04T19:04:25Z,3,,3948dbee4c9e406ab525ab01a774abf9
spotify:track:22gBwKtpb1qgBNS7l5feMh,9bbd7b198c6447b097e31d0e543fa630,2023-03-04T19:04:25Z,1,,3948dbee4c9e406ab525ab01a774abf9
spotify:track:2b1MCbfwRZ1teOX1vSm4Xt,9bbd7b198c6447b097e31d0e543fa630,2023-03-04T19:04:25Z,5,,3948dbee4c9e406ab525ab01a774abf9
spotify:track:2VnKo1kUEFkM5CwzsreulS,9bbd7b198c6447b097e31d0e543fa630,2023-03-04T19:04:25Z,5,,3948dbee4c9e406ab525ab01a774abf9
spotify:track:0N3W5peJUQtI4eyR6GJT5O,9bbd7b198c6447b097e31d0e543fa630,2023-03-04T19:04:25Z,2,,3948dbee4c9e406ab525ab01a774abf9
spotify:track:1eVZzSg88d5k5E9fVv0Xw6,58386a2a504f4fd08caed77112bedc82,2023-03-05T20:09:30Z,3,,05292682659d4142b76b8bcb2df2803e
spotify:track:1SeI7rQWnWNpmWpXB4FhhI,58386a2a504f4fd08caed77112bedc82,2023-03-05T20:09:30Z,3,,05292682659d4142b76b8bcb2df2803e
spotify:track:3TZ3NVQtkj4nFPANN946Ct,58386a2a504f4fd08caed77112bedc82,2023-03-05T20:09:30Z,2,,05292682659d4142b76b8bcb2df2803e
spotify:track:497Fkp3gRiGrRMoqBTDudr,58386a2a504f4fd08caed77112bedc82,2023-03-05T20:09:30Z,3,,05292682659d4142b76b8bcb2df2803e
spotify:track:5HYHGYx3Yl0B344J6eAdgF,58386a2a504f4fd08caed77112bedc82,2023-03-05T20:09:30Z,3,,05292682659d4142b76b8bcb2df2803e
spotify:track:7FO7BolIZsl1o8DDSjeOph,58386a2a504f4fd08caed77112bedc82,2023-03-05T20:09:30Z,6,,05292682659d4142b76b8bcb2df2803e
spotify:track:0DhnpIeCaMp85Jyc39sUBy,bdd60b40c4ca4c78a0cbf518560cd06c,2023-03-05T21:40:36Z,2,,05292682659d4142b76b8bcb2df2803e
spotify:track:1eVZzSg88d5k5E9fVv0Xw6,bdd60b40c4ca4c78a0cbf518560cd06c,2023-03-05T21:40:36Z,7,I love this pick,05292682659d4142b76b8bcb2df2803e
spotify:track:1SeI7rQWnWNpmWpXB4FhhI,bdd60b40c4ca4c78a0cbf518560cd06c,2023-03-05T21:40:36Z,3,I'm going to imagine the non-remix version,05292682659d4142b76b8bcb2df2803e
spotify:track:3TZ3NVQtkj4nFPANN946Ct,bdd60b40c4ca4c78a0cbf518560cd06c,2023-03-05T21:40:36Z,1,,05292682659d4142b76b8bcb2df2803e
spotify:track:5HYHGYx3Yl0B344J6eAdgF,bdd60b40c4ca4c78a0cbf518560cd06c,2023-03-05T21:40:36Z,1,,05292682659d4142b76b8bcb2df2803e
spotify:track:5jhQogFweHPnzbghmcsguq,bdd60b40c4ca4c78a0cbf518560cd06c,2023-03-05T21:40:36Z,1,,05292682659d4142b76b8bcb2df2803e
spotify:track:7FO7BolIZsl1o8DDSjeOph,bdd60b40c4ca4c78a0cbf518560cd06c,2023-03-05T21:40:36Z,5,,05292682659d4142b76b8bcb2df2803e
spotify:track:0DhnpIeCaMp85Jyc39sUBy,5be35bf564744df2a445fae855878c05,2023-03-06T00:19:40Z,2,,05292682659d4142b76b8bcb2df2803e
spotify:track:1SeI7rQWnWNpmWpXB4FhhI,5be35bf564744df2a445fae855878c05,2023-03-06T00:19:40Z,2,,05292682659d4142b76b8bcb2df2803e
spotify:track:3TZ3NVQtkj4nFPANN946Ct,5be35bf564744df2a445fae855878c05,2023-03-06T00:19:40Z,1,,05292682659d4142b76b8bcb2df2803e
spotify:track:497Fkp3gRiGrRMoqBTDudr,5be35bf564744df2a445fae855878c05,2023-03-06T00:19:40Z,5,,05292682659d4142b76b8bcb2df2803e
spotify:track:5HYHGYx3Yl0B344J6eAdgF,5be35bf564744df2a445fae855878c05,2023-03-06T00:19:40Z,4,,05292682659d4142b76b8bcb2df2803e
spotify:track:5jhQogFweHPnzbghmcsguq,5be35bf564744df2a445fae855878c05,2023-03-06T00:19:40Z,3,,05292682659d4142b76b8bcb2df2803e
spotify:track:7FO7BolIZsl1o8DDSjeOph,5be35bf564744df2a445fae855878c05,2023-03-06T00:19:40Z,3,,05292682659d4142b76b8bcb2df2803e
spotify:track:0DhnpIeCaMp85Jyc39sUBy,1dacffd0545140b2970d73e29fe6cf33,2023-03-06T14:51:11Z,5,,05292682659d4142b76b8bcb2df2803e
spotify:track:1eVZzSg88d5k5E9fVv0Xw6,1dacffd0545140b2970d73e29fe6cf33,2023-03-06T14:51:11Z,3,,05292682659d4142b76b8bcb2df2803e
spotify:track:1SeI7rQWnWNpmWpXB4FhhI,1dacffd0545140b2970d73e29fe6cf33,2023-03-06T14:51:11Z,2,,05292682659d4142b76b8bcb2df2803e
spotify:track:497Fkp3gRiGrRMoqBTDudr,1dacffd0545140b2970d73e29fe6cf33,2023-03-06T14:51:11Z,3,,05292682659d4142b76b8bcb2df2803e
spotify:track:5HYHGYx3Yl0B344J6eAdgF,1dacffd0545140b2970d73e29fe6cf33,2023-03-06T14:51:11Z,5,,05292682659d4142b76b8bcb2df2803e
spotify:track:7FO7BolIZsl1o8DDSjeOph,1dacffd0545140b2970d73e29fe6cf33,2023-03-06T14:51:11Z,2,,05292682659d4142b76b8bcb2df2803e
spotify:track:0DhnpIeCaMp85Jyc39sUBy,e1e3b5e4480d48929de8803f29c0e1bf,2023-03-07T09:04:50Z,1,,05292682659d4142b76b8bcb2df2803e
spotify:track:1eVZzSg88d5k5E9fVv0Xw6,e1e3b5e4480d48929de8803f29c0e1bf,2023-03-07T09:04:50Z,2,,05292682659d4142b76b8bcb2df2803e
spotify:track:1SeI7rQWnWNpmWpXB4FhhI,e1e3b5e4480d48929de8803f29c0e1bf,2023-03-07T09:04:50Z,2,,05292682659d4142b76b8bcb2df2803e
spotify:track:3TZ3NVQtkj4nFPANN946Ct,e1e3b5e4480d48929de8803f29c0e1bf,2023-03-07T09:04:50Z,4,,05292682659d4142b76b8bcb2df2803e
spotify:track:497Fkp3gRiGrRMoqBTDudr,e1e3b5e4480d48929de8803f29c0e1bf,2023-03-07T09:04:50Z,2,,05292682659d4142b76b8bcb2df2803e
spotify:track:5HYHGYx3Yl0B344J6eAdgF,e1e3b5e4480d48929de8803f29c0e1bf,2023-03-07T09:04:50Z,2,,05292682659d4142b76b8bcb2df2803e
spotify:track:5jhQogFweHPnzbghmcsguq,e1e3b5e4480d48929de8803f29c0e1bf,2023-03-07T09:04:50Z,2,,05292682659d4142b76b8bcb2df2803e
spotify:track:7FO7BolIZsl1o8DDSjeOph,e1e3b5e4480d48929de8803f29c0e1bf,2023-03-07T09:04:50Z,5,,05292682659d4142b76b8bcb2df2803e
spotify:track:0DhnpIeCaMp85Jyc39sUBy,9bbd7b198c6447b097e31d0e543fa630,2023-03-07T14:35:26Z,1,,05292682659d4142b76b8bcb2df2803e
spotify:track:1eVZzSg88d5k5E9fVv0Xw6,9bbd7b198c6447b097e31d0e543fa630,2023-03-07T14:35:26Z,2,,05292682659d4142b76b8bcb2df2803e
spotify:track:3TZ3NVQtkj4nFPANN946Ct,9bbd7b198c6447b097e31d0e543fa630,2023-03-07T14:35:26Z,5,,05292682659d4142b76b8bcb2df2803e
spotify:track:497Fkp3gRiGrRMoqBTDudr,9bbd7b198c6447b097e31d0e543fa630,2023-03-07T14:35:26Z,8,,05292682659d4142b76b8bcb2df2803e
spotify:track:4RBS50cvswgBDCNsOTBKKc,9bbd7b198c6447b097e31d0e543fa630,2023-03-07T14:35:26Z,2,,05292682659d4142b76b8bcb2df2803e
spotify:track:5HYHGYx3Yl0B344J6eAdgF,9bbd7b198c6447b097e31d0e543fa630,2023-03-07T14:35:26Z,2,,05292682659d4142b76b8bcb2df2803e
spotify:track:1eVZzSg88d5k5E9fVv0Xw6,a42c0c643fe34d04b0795aeb631c3e65,2023-03-07T16:41:00Z,10,,05292682659d4142b76b8bcb2df2803e
spotify:track:1SeI7rQWnWNpmWpXB4FhhI,a42c0c643fe34d04b0795aeb631c3e65,2023-03-07T16:41:00Z,3,,05292682659d4142b76b8bcb2df2803e
spotify:track:4RBS50cvswgBDCNsOTBKKc,a42c0c643fe34d04b0795aeb631c3e65,2023-03-07T16:41:00Z,1,,05292682659d4142b76b8bcb2df2803e
spotify:track:5HYHGYx3Yl0B344J6eAdgF,a42c0c643fe34d04b0795aeb631c3e65,2023-03-07T16:41:00Z,3,,05292682659d4142b76b8bcb2df2803e
spotify:track:7FO7BolIZsl1o8DDSjeOph,a42c0c643fe34d04b0795aeb631c3e65,2023-03-07T16:41:00Z,3,,05292682659d4142b76b8bcb2df2803e
spotify:track:0DhnpIeCaMp85Jyc39sUBy,e305e2cab85b4f929234bfdf98d6c6d0,2023-03-07T16:55:03Z,2,,05292682659d4142b76b8bcb2df2803e
spotify:track:1eVZzSg88d5k5E9fVv0Xw6,e305e2cab85b4f929234bfdf98d6c6d0,2023-03-07T16:55:03Z,3,,05292682659d4142b76b8bcb2df2803e
spotify:track:1SeI7rQWnWNpmWpXB4FhhI,e305e2cab85b4f929234bfdf98d6c6d0,2023-03-07T16:55:03Z,5,,05292682659d4142b76b8bcb2df2803e
spotify:track:3TZ3NVQtkj4nFPANN946Ct,e305e2cab85b4f929234bfdf98d6c6d0,2023-03-07T16:55:03Z,4,,05292682659d4142b76b8bcb2df2803e
spotify:track:497Fkp3gRiGrRMoqBTDudr,e305e2cab85b4f929234bfdf98d6c6d0,2023-03-07T16:55:03Z,1,,05292682659d4142b76b8bcb2df2803e
spotify:track:4RBS50cvswgBDCNsOTBKKc,e305e2cab85b4f929234bfdf98d6c6d0,2023-03-07T16:55:03Z,1,,05292682659d4142b76b8bcb2df2803e
spotify:track:5HYHGYx3Yl0B344J6eAdgF,e305e2cab85b4f929234bfdf98d6c6d0,2023-03-07T16:55:03Z,3,,05292682659d4142b76b8bcb2df2803e
spotify:track:5jhQogFweHPnzbghmcsguq,e305e2cab85b4f929234bfdf98d6c6d0,2023-03-07T16:55:03Z,1,,05292682659d4142b76b8bcb2df2803e
spotify:track:0boS4e6uXwp3zAvz1mLxZS,bdd60b40c4ca4c78a0cbf518560cd06c,2023-03-08T15:13:43Z,2,,1173e27950244c6abda3cf3f68377675
spotify:track:0oc7YoWV783fGr2GbdcIrz,bdd60b40c4ca4c78a0cbf518560cd06c,2023-03-08T15:13:43Z,4,,1173e27950244c6abda3cf3f68377675
spotify:track:1AESnzWt4iMrEPGG7TjXAa,bdd60b40c4ca4c78a0cbf518560cd06c,2023-03-08T15:13:43Z,3,,1173e27950244c6abda3cf3f68377675
spotify:track:1ixbwbeBi5ufN4noUKmW5a,bdd60b40c4ca4c78a0cbf518560cd06c,2023-03-08T15:13:43Z,3,,1173e27950244c6abda3cf3f68377675
spotify:track:4YPgTCGJWAlHQ5g6eWoM8r,bdd60b40c4ca4c78a0cbf518560cd06c,2023-03-08T15:13:43Z,3,,1173e27950244c6abda3cf3f68377675
spotify:track:4Yq4yADeZFQIFFUHN8n4Qe,bdd60b40c4ca4c78a0cbf518560cd06c,2023-03-08T15:13:43Z,2,,1173e27950244c6abda3cf3f68377675
spotify:track:6EPRKhUOdiFSQwGBRBbvsZ,bdd60b40c4ca4c78a0cbf518560cd06c,2023-03-08T15:13:43Z,3,,1173e27950244c6abda3cf3f68377675
spotify:track:0boS4e6uXwp3zAvz1mLxZS,1dacffd0545140b2970d73e29fe6cf33,2023-03-08T15:28:55Z,3,,1173e27950244c6abda3cf3f68377675
spotify:track:0C0OKMDnOvUyccUmwZO8AW,1dacffd0545140b2970d73e29fe6cf33,2023-03-08T15:28:55Z,3,,1173e27950244c6abda3cf3f68377675
spotify:track:1AESnzWt4iMrEPGG7TjXAa,1dacffd0545140b2970d73e29fe6cf33,2023-03-08T15:28:55Z,1,,1173e27950244c6abda3cf3f68377675
spotify:track:1ixbwbeBi5ufN4noUKmW5a,1dacffd0545140b2970d73e29fe6cf33,2023-03-08T15:28:55Z,3,,1173e27950244c6abda3cf3f68377675
spotify:track:4YPgTCGJWAlHQ5g6eWoM8r,1dacffd0545140b2970d73e29fe6cf33,2023-03-08T15:28:55Z,1,,1173e27950244c6abda3cf3f68377675
spotify:track:4Yq4yADeZFQIFFUHN8n4Qe,1dacffd0545140b2970d73e29fe6cf33,2023-03-08T15:28:55Z,4,,1173e27950244c6abda3cf3f68377675
spotify:track:6EPRKhUOdiFSQwGBRBbvsZ,1dacffd0545140b2970d73e29fe6cf33,2023-03-08T15:28:55Z,5,,1173e27950244c6abda3cf3f68377675
spotify:track:0boS4e6uXwp3zAvz1mLxZS,9bbd7b198c6447b097e31d0e543fa630,2023-03-08T17:01:12Z,3,,1173e27950244c6abda3cf3f68377675
spotify:track:0C0OKMDnOvUyccUmwZO8AW,9bbd7b198c6447b097e31d0e543fa630,2023-03-08T17:01:12Z,4,,1173e27950244c6abda3cf3f68377675
spotify:track:0oc7YoWV783fGr2GbdcIrz,9bbd7b198c6447b097e31d0e543fa630,2023-03-08T17:01:12Z,2,,1173e27950244c6abda3cf3f68377675
spotify:track:1AESnzWt4iMrEPGG7TjXAa,9bbd7b198c6447b097e31d0e543fa630,2023-03-08T17:01:12Z,2,,1173e27950244c6abda3cf3f68377675
spotify:track:1ixbwbeBi5ufN4noUKmW5a,9bbd7b198c6447b097e31d0e543fa630,2023-03-08T17:01:12Z,4,,1173e27950244c6abda3cf3f68377675
spotify:track:4Yq4yADeZFQIFFUHN8n4Qe,9bbd7b198c6447b097e31d0e543fa630,2023-03-08T17:01:12Z,2,,1173e27950244c6abda3cf3f68377675
spotify:track:6EPRKhUOdiFSQwGBRBbvsZ,9bbd7b198c6447b097e31d0e543fa630,2023-03-08T17:01:12Z,3,,1173e27950244c6abda3cf3f68377675
spotify:track:6EPRKhUOdiFSQwGBRBbvsZ,5be35bf564744df2a445fae855878c05,2023-03-08T19:14:16Z,1,,1173e27950244c6abda3cf3f68377675
spotify:track:0C0OKMDnOvUyccUmwZO8AW,5be35bf564744df2a445fae855878c05,2023-03-08T19:14:16Z,4,,1173e27950244c6abda3cf3f68377675
spotify:track:1AESnzWt4iMrEPGG7TjXAa,5be35bf564744df2a445fae855878c05,2023-03-08T19:14:16Z,2,,1173e27950244c6abda3cf3f68377675
spotify:track:1ixbwbeBi5ufN4noUKmW5a,5be35bf564744df2a445fae855878c05,2023-03-08T19:14:16Z,4,"We support ONLY Paper Planes-era MIA before she went totally antivax, antisemitic, etc. ",1173e27950244c6abda3cf3f68377675
spotify:track:4YPgTCGJWAlHQ5g6eWoM8r,5be35bf564744df2a445fae855878c05,2023-03-08T19:14:16Z,3,,1173e27950244c6abda3cf3f68377675
spotify:track:4Yq4yADeZFQIFFUHN8n4Qe,5be35bf564744df2a445fae855878c05,2023-03-08T19:14:16Z,6,"There goes my first-place standing, but I must grudgingly respect whoever submitted this",1173e27950244c6abda3cf3f68377675
spotify:track:1ixbwbeBi5ufN4noUKmW5a,a42c0c643fe34d04b0795aeb631c3e65,2023-03-08T19:18:36Z,3,,1173e27950244c6abda3cf3f68377675
spotify:track:1AESnzWt4iMrEPGG7TjXAa,a42c0c643fe34d04b0795aeb631c3e65,2023-03-08T19:18:36Z,6,,1173e27950244c6abda3cf3f68377675
spotify:track:0oc7YoWV783fGr2GbdcIrz,a42c0c643fe34d04b0795aeb631c3e65,2023-03-08T19:18:36Z,2,,1173e27950244c6abda3cf3f68377675
spotify:track:0boS4e6uXwp3zAvz1mLxZS,a42c0c643fe34d04b0795aeb631c3e65,2023-03-08T19:18:36Z,2,,1173e27950244c6abda3cf3f68377675
spotify:track:4YPgTCGJWAlHQ5g6eWoM8r,a42c0c643fe34d04b0795aeb631c3e65,2023-03-08T19:18:36Z,5,,1173e27950244c6abda3cf3f68377675
spotify:track:0C0OKMDnOvUyccUmwZO8AW,a42c0c643fe34d04b0795aeb631c3e65,2023-03-08T19:18:36Z,2,,1173e27950244c6abda3cf3f68377675
spotify:track:4Yq4yADeZFQIFFUHN8n4Qe,e305e2cab85b4f929234bfdf98d6c6d0,2023-03-08T21:42:41Z,4,,1173e27950244c6abda3cf3f68377675
spotify:track:6EPRKhUOdiFSQwGBRBbvsZ,e305e2cab85b4f929234bfdf98d6c6d0,2023-03-08T21:42:41Z,3,,1173e27950244c6abda3cf3f68377675
spotify:track:0boS4e6uXwp3zAvz1mLxZS,e305e2cab85b4f929234bfdf98d6c6d0,2023-03-08T21:42:41Z,2,,1173e27950244c6abda3cf3f68377675
spotify:track:0C0OKMDnOvUyccUmwZO8AW,e305e2cab85b4f929234bfdf98d6c6d0,2023-03-08T21:42:41Z,4,,1173e27950244c6abda3cf3f68377675
spotify:track:0oc7YoWV783fGr2GbdcIrz,e305e2cab85b4f929234bfdf98d6c6d0,2023-03-08T21:42:41Z,2,,1173e27950244c6abda3cf3f68377675
spotify:track:1AESnzWt4iMrEPGG7TjXAa,e305e2cab85b4f929234bfdf98d6c6d0,2023-03-08T21:42:41Z,4,,1173e27950244c6abda3cf3f68377675
spotify:track:4YPgTCGJWAlHQ5g6eWoM8r,e305e2cab85b4f929234bfdf98d6c6d0,2023-03-08T21:42:41Z,1,,1173e27950244c6abda3cf3f68377675
spotify:track:0boS4e6uXwp3zAvz1mLxZS,58386a2a504f4fd08caed77112bedc82,2023-03-09T03:21:49Z,2,,1173e27950244c6abda3cf3f68377675
spotify:track:0C0OKMDnOvUyccUmwZO8AW,58386a2a504f4fd08caed77112bedc82,2023-03-09T03:21:49Z,5,,1173e27950244c6abda3cf3f68377675
spotify:track:0oc7YoWV783fGr2GbdcIrz,58386a2a504f4fd08caed77112bedc82,2023-03-09T03:21:49Z,2,,1173e27950244c6abda3cf3f68377675
spotify:track:4YPgTCGJWAlHQ5g6eWoM8r,58386a2a504f4fd08caed77112bedc82,2023-03-09T03:21:49Z,5,,1173e27950244c6abda3cf3f68377675
spotify:track:6EPRKhUOdiFSQwGBRBbvsZ,58386a2a504f4fd08caed77112bedc82,2023-03-09T03:21:49Z,6,,1173e27950244c6abda3cf3f68377675
spotify:track:0boS4e6uXwp3zAvz1mLxZS,5df547c9f7ed41278698daa1917fdd24,2023-03-09T03:22:33Z,3,,1173e27950244c6abda3cf3f68377675
spotify:track:0C0OKMDnOvUyccUmwZO8AW,5df547c9f7ed41278698daa1917fdd24,2023-03-09T03:22:33Z,2,,1173e27950244c6abda3cf3f68377675
spotify:track:0oc7YoWV783fGr2GbdcIrz,5df547c9f7ed41278698daa1917fdd24,2023-03-09T03:22:33Z,5,,1173e27950244c6abda3cf3f68377675
spotify:track:6EPRKhUOdiFSQwGBRBbvsZ,5df547c9f7ed41278698daa1917fdd24,2023-03-09T03:22:33Z,2,,1173e27950244c6abda3cf3f68377675
spotify:track:4YPgTCGJWAlHQ5g6eWoM8r,5df547c9f7ed41278698daa1917fdd24,2023-03-09T03:22:33Z,1,,1173e27950244c6abda3cf3f68377675
spotify:track:1ixbwbeBi5ufN4noUKmW5a,5df547c9f7ed41278698daa1917fdd24,2023-03-09T03:22:33Z,5,,1173e27950244c6abda3cf3f68377675
spotify:track:1AESnzWt4iMrEPGG7TjXAa,5df547c9f7ed41278698daa1917fdd24,2023-03-09T03:22:33Z,2,,1173e27950244c6abda3cf3f68377675
spotify:track:1Eu8T7TxbcrlZ1oE8Eccxd,1dacffd0545140b2970d73e29fe6cf33,2023-03-10T18:07:48Z,1,,3d37dadfdaf040a5aa681c2ccf47ac4c
spotify:track:23hV9GZNx6mIL8LorMW7Lz,1dacffd0545140b2970d73e29fe6cf33,2023-03-10T18:07:48Z,3,,3d37dadfdaf040a5aa681c2ccf47ac4c
spotify:track:2Bv0qamiKGfDBtXCutmXJf,1dacffd0545140b2970d73e29fe6cf33,2023-03-10T18:07:48Z,1,,3d37dadfdaf040a5aa681c2ccf47ac4c
spotify:track:4BIej0swGWja46j5B7l4s1,1dacffd0545140b2970d73e29fe6cf33,2023-03-10T18:07:48Z,1,,3d37dadfdaf040a5aa681c2ccf47ac4c
spotify:track:4TWn4YeBaTqDURrYLd6k0a,1dacffd0545140b2970d73e29fe6cf33,2023-03-10T18:07:48Z,6,,3d37dadfdaf040a5aa681c2ccf47ac4c
spotify:track:579VwqpWpQrWyoqP3Pr23A,1dacffd0545140b2970d73e29fe6cf33,2023-03-10T18:07:48Z,8,,3d37dadfdaf040a5aa681c2ccf47ac4c
spotify:track:1Eu8T7TxbcrlZ1oE8Eccxd,e305e2cab85b4f929234bfdf98d6c6d0,2023-03-11T00:00:05Z,2,,3d37dadfdaf040a5aa681c2ccf47ac4c
spotify:track:2Bv0qamiKGfDBtXCutmXJf,e305e2cab85b4f929234bfdf98d6c6d0,2023-03-11T00:00:05Z,6,,3d37dadfdaf040a5aa681c2ccf47ac4c
spotify:track:4BIej0swGWja46j5B7l4s1,e305e2cab85b4f929234bfdf98d6c6d0,2023-03-11T00:00:05Z,1,,3d37dadfdaf040a5aa681c2ccf47ac4c
spotify:track:4TWn4YeBaTqDURrYLd6k0a,e305e2cab85b4f929234bfdf98d6c6d0,2023-03-11T00:00:05Z,4,,3d37dadfdaf040a5aa681c2ccf47ac4c
spotify:track:579VwqpWpQrWyoqP3Pr23A,e305e2cab85b4f929234bfdf98d6c6d0,2023-03-11T00:00:05Z,4,,3d37dadfdaf040a5aa681c2ccf47ac4c
spotify:track:6pVKIKOiCcqZXy29iWOWqq,e305e2cab85b4f929234bfdf98d6c6d0,2023-03-11T00:00:05Z,3,,3d37dadfdaf040a5aa681c2ccf47ac4c
spotify:track:1Eu8T7TxbcrlZ1oE8Eccxd,9bbd7b198c6447b097e31d0e543fa630,2023-03-11T01:43:19Z,6,,3d37dadfdaf040a5aa681c2ccf47ac4c
spotify:track:23hV9GZNx6mIL8LorMW7Lz,9bbd7b198c6447b097e31d0e543fa630,2023-03-11T01:43:19Z,2,,3d37dadfdaf040a5aa681c2ccf47ac4c
spotify:track:2Bv0qamiKGfDBtXCutmXJf,9bbd7b198c6447b097e31d0e543fa630,2023-03-11T01:43:19Z,2,,3d37dadfdaf040a5aa681c2ccf47ac4c
spotify:track:4BIej0swGWja46j5B7l4s1,9bbd7b198c6447b097e31d0e543fa630,2023-03-11T01:43:19Z,4,,3d37dadfdaf040a5aa681c2ccf47ac4c
spotify:track:4TWn4YeBaTqDURrYLd6k0a,9bbd7b198c6447b097e31d0e543fa630,2023-03-11T01:43:19Z,4,,3d37dadfdaf040a5aa681c2ccf47ac4c
spotify:track:6pVKIKOiCcqZXy29iWOWqq,9bbd7b198c6447b097e31d0e543fa630,2023-03-11T01:43:19Z,2,,3d37dadfdaf040a5aa681c2ccf47ac4c
spotify:track:1Eu8T7TxbcrlZ1oE8Eccxd,5be35bf564744df2a445fae855878c05,2023-03-11T16:39:53Z,5,technically about drinking but not in a red solo cup/Applebee’s way and is a great classic ,3d37dadfdaf040a5aa681c2ccf47ac4c
spotify:track:23hV9GZNx6mIL8LorMW7Lz,5be35bf564744df2a445fae855878c05,2023-03-11T16:39:53Z,0,good but I think more folk? ,3d37dadfdaf040a5aa681c2ccf47ac4c
spotify:track:4BIej0swGWja46j5B7l4s1,5be35bf564744df2a445fae855878c05,2023-03-11T16:39:53Z,5,yesss,3d37dadfdaf040a5aa681c2ccf47ac4c
spotify:track:4TWn4YeBaTqDURrYLd6k0a,5be35bf564744df2a445fae855878c05,2023-03-11T16:39:53Z,5,"Been meaning to check out her music forever, this is so good ",3d37dadfdaf040a5aa681c2ccf47ac4c
spotify:track:579VwqpWpQrWyoqP3Pr23A,5be35bf564744df2a445fae855878c05,2023-03-11T16:39:53Z,2,,3d37dadfdaf040a5aa681c2ccf47ac4c
spotify:track:6pVKIKOiCcqZXy29iWOWqq,5be35bf564744df2a445fae855878c05,2023-03-11T16:39:53Z,3,This is fun!,3d37dadfdaf040a5aa681c2ccf47ac4c
spotify:track:1Eu8T7TxbcrlZ1oE8Eccxd,bdd60b40c4ca4c78a0cbf518560cd06c,2023-03-11T17:34:50Z,3,"this is about drinking and not heroin, but not fun drinking so I like it",3d37dadfdaf040a5aa681c2ccf47ac4c
spotify:track:23hV9GZNx6mIL8LorMW7Lz,bdd60b40c4ca4c78a0cbf518560cd06c,2023-03-11T17:34:50Z,2,,3d37dadfdaf040a5aa681c2ccf47ac4c
spotify:track:2Bv0qamiKGfDBtXCutmXJf,bdd60b40c4ca4c78a0cbf518560cd06c,2023-03-11T17:34:50Z,5,It’s very sad but dying young is appropriate for this round ,3d37dadfdaf040a5aa681c2ccf47ac4c
spotify:track:4TWn4YeBaTqDURrYLd6k0a,bdd60b40c4ca4c78a0cbf518560cd06c,2023-03-11T17:34:50Z,4,,3d37dadfdaf040a5aa681c2ccf47ac4c
spotify:track:579VwqpWpQrWyoqP3Pr23A,bdd60b40c4ca4c78a0cbf518560cd06c,2023-03-11T17:34:50Z,4,,3d37dadfdaf040a5aa681c2ccf47ac4c
spotify:track:6pVKIKOiCcqZXy29iWOWqq,bdd60b40c4ca4c78a0cbf518560cd06c,2023-03-11T17:34:50Z,2,,3d37dadfdaf040a5aa681c2ccf47ac4c
spotify:track:1Eu8T7TxbcrlZ1oE8Eccxd,5df547c9f7ed41278698daa1917fdd24,2023-03-12T02:03:37Z,2,,3d37dadfdaf040a5aa681c2ccf47ac4c
spotify:track:23hV9GZNx6mIL8LorMW7Lz,5df547c9f7ed41278698daa1917fdd24,2023-03-12T02:03:37Z,5,,3d37dadfdaf040a5aa681c2ccf47ac4c
spotify:track:2Bv0qamiKGfDBtXCutmXJf,5df547c9f7ed41278698daa1917fdd24,2023-03-12T02:03:37Z,3,,3d37dadfdaf040a5aa681c2ccf47ac4c
spotify:track:4BIej0swGWja46j5B7l4s1,5df547c9f7ed41278698daa1917fdd24,2023-03-12T02:03:37Z,2,,3d37dadfdaf040a5aa681c2ccf47ac4c
spotify:track:579VwqpWpQrWyoqP3Pr23A,5df547c9f7ed41278698daa1917fdd24,2023-03-12T02:03:37Z,5,,3d37dadfdaf040a5aa681c2ccf47ac4c
spotify:track:6pVKIKOiCcqZXy29iWOWqq,5df547c9f7ed41278698daa1917fdd24,2023-03-12T02:03:37Z,3,,3d37dadfdaf040a5aa681c2ccf47ac4c
spotify:track:0pbmssrnuIfPvksK8gd5AL,e305e2cab85b4f929234bfdf98d6c6d0,2023-03-12T23:10:43Z,2,,4cc8d1f7035e4d87b8b9bed670eb7bbc
spotify:track:1dTROhfQaxNPuFTeYn0Tks,e305e2cab85b4f929234bfdf98d6c6d0,2023-03-12T23:10:43Z,2,,4cc8d1f7035e4d87b8b9bed670eb7bbc
spotify:track:1JcGNoiwifg0MdJMVgJQYx,e305e2cab85b4f929234bfdf98d6c6d0,2023-03-12T23:10:43Z,2,,4cc8d1f7035e4d87b8b9bed670eb7bbc
spotify:track:20tOKxDQzaimtiS50bZ8ul,e305e2cab85b4f929234bfdf98d6c6d0,2023-03-12T23:10:43Z,5,,4cc8d1f7035e4d87b8b9bed670eb7bbc
spotify:track:66tkDkPsznE5zIHNt4QkXB,e305e2cab85b4f929234bfdf98d6c6d0,2023-03-12T23:10:43Z,2,,4cc8d1f7035e4d87b8b9bed670eb7bbc
spotify:track:6tCQCy7SCL2xg2QNe2inmd,e305e2cab85b4f929234bfdf98d6c6d0,2023-03-12T23:10:43Z,4,,4cc8d1f7035e4d87b8b9bed670eb7bbc
spotify:track:7G7tgVYORlDuVprcYHuFJh,e305e2cab85b4f929234bfdf98d6c6d0,2023-03-12T23:10:43Z,3,"I'd always assumed they were 100% New Zealand, but Wiki tells me it's more complicated that that. ",4cc8d1f7035e4d87b8b9bed670eb7bbc
spotify:track:0pbmssrnuIfPvksK8gd5AL,bdd60b40c4ca4c78a0cbf518560cd06c,2023-03-12T23:22:00Z,1,,4cc8d1f7035e4d87b8b9bed670eb7bbc
spotify:track:1dTROhfQaxNPuFTeYn0Tks,bdd60b40c4ca4c78a0cbf518560cd06c,2023-03-12T23:22:00Z,1,,4cc8d1f7035e4d87b8b9bed670eb7bbc
spotify:track:1JcGNoiwifg0MdJMVgJQYx,bdd60b40c4ca4c78a0cbf518560cd06c,2023-03-12T23:22:00Z,2,,4cc8d1f7035e4d87b8b9bed670eb7bbc
spotify:track:20tOKxDQzaimtiS50bZ8ul,bdd60b40c4ca4c78a0cbf518560cd06c,2023-03-12T23:22:00Z,6,,4cc8d1f7035e4d87b8b9bed670eb7bbc
spotify:track:36DSP6wauBjy7JBz0I48rG,bdd60b40c4ca4c78a0cbf518560cd06c,2023-03-12T23:22:00Z,1,,4cc8d1f7035e4d87b8b9bed670eb7bbc
spotify:track:66tkDkPsznE5zIHNt4QkXB,bdd60b40c4ca4c78a0cbf518560cd06c,2023-03-12T23:22:00Z,4,,4cc8d1f7035e4d87b8b9bed670eb7bbc
spotify:track:7G7tgVYORlDuVprcYHuFJh,bdd60b40c4ca4c78a0cbf518560cd06c,2023-03-12T23:22:00Z,5,,4cc8d1f7035e4d87b8b9bed670eb7bbc
spotify:track:0pbmssrnuIfPvksK8gd5AL,5df547c9f7ed41278698daa1917fdd24,2023-03-13T16:31:51Z,4,,4cc8d1f7035e4d87b8b9bed670eb7bbc
spotify:track:1dTROhfQaxNPuFTeYn0Tks,5df547c9f7ed41278698daa1917fdd24,2023-03-13T16:31:51Z,2,,4cc8d1f7035e4d87b8b9bed670eb7bbc
spotify:track:1JcGNoiwifg0MdJMVgJQYx,5df547c9f7ed41278698daa1917fdd24,2023-03-13T16:31:51Z,2,,4cc8d1f7035e4d87b8b9bed670eb7bbc
spotify:track:36DSP6wauBjy7JBz0I48rG,5df547c9f7ed41278698daa1917fdd24,2023-03-13T16:31:51Z,3,,4cc8d1f7035e4d87b8b9bed670eb7bbc
spotify:track:66tkDkPsznE5zIHNt4QkXB,5df547c9f7ed41278698daa1917fdd24,2023-03-13T16:31:51Z,2,,4cc8d1f7035e4d87b8b9bed670eb7bbc
spotify:track:6tCQCy7SCL2xg2QNe2inmd,5df547c9f7ed41278698daa1917fdd24,2023-03-13T16:31:51Z,5,,4cc8d1f7035e4d87b8b9bed670eb7bbc
spotify:track:7G7tgVYORlDuVprcYHuFJh,5df547c9f7ed41278698daa1917fdd24,2023-03-13T16:31:51Z,2,,4cc8d1f7035e4d87b8b9bed670eb7bbc
spotify:track:0pbmssrnuIfPvksK8gd5AL,1dacffd0545140b2970d73e29fe6cf33,2023-03-13T23:02:52Z,10,,4cc8d1f7035e4d87b8b9bed670eb7bbc
spotify:track:7G7tgVYORlDuVprcYHuFJh,1dacffd0545140b2970d73e29fe6cf33,2023-03-13T23:02:52Z,10,,4cc8d1f7035e4d87b8b9bed670eb7bbc
spotify:track:1dTROhfQaxNPuFTeYn0Tks,9bbd7b198c6447b097e31d0e543fa630,2023-03-14T20:36:05Z,3,,4cc8d1f7035e4d87b8b9bed670eb7bbc
spotify:track:1JcGNoiwifg0MdJMVgJQYx,9bbd7b198c6447b097e31d0e543fa630,2023-03-14T20:36:05Z,3,,4cc8d1f7035e4d87b8b9bed670eb7bbc
spotify:track:20tOKxDQzaimtiS50bZ8ul,9bbd7b198c6447b097e31d0e543fa630,2023-03-14T20:36:05Z,5,,4cc8d1f7035e4d87b8b9bed670eb7bbc
spotify:track:36DSP6wauBjy7JBz0I48rG,9bbd7b198c6447b097e31d0e543fa630,2023-03-14T20:36:05Z,2,,4cc8d1f7035e4d87b8b9bed670eb7bbc
spotify:track:66tkDkPsznE5zIHNt4QkXB,9bbd7b198c6447b097e31d0e543fa630,2023-03-14T20:36:05Z,2,,4cc8d1f7035e4d87b8b9bed670eb7bbc
spotify:track:6tCQCy7SCL2xg2QNe2inmd,9bbd7b198c6447b097e31d0e543fa630,2023-03-14T20:36:05Z,5,,4cc8d1f7035e4d87b8b9bed670eb7bbc
spotify:track:0pbmssrnuIfPvksK8gd5AL,5be35bf564744df2a445fae855878c05,2023-03-15T02:12:08Z,2,,4cc8d1f7035e4d87b8b9bed670eb7bbc
spotify:track:1dTROhfQaxNPuFTeYn0Tks,5be35bf564744df2a445fae855878c05,2023-03-15T02:12:08Z,3,,4cc8d1f7035e4d87b8b9bed670eb7bbc
spotify:track:1JcGNoiwifg0MdJMVgJQYx,5be35bf564744df2a445fae855878c05,2023-03-15T02:12:08Z,3,,4cc8d1f7035e4d87b8b9bed670eb7bbc
spotify:track:20tOKxDQzaimtiS50bZ8ul,5be35bf564744df2a445fae855878c05,2023-03-15T02:12:08Z,4,,4cc8d1f7035e4d87b8b9bed670eb7bbc
spotify:track:36DSP6wauBjy7JBz0I48rG,5be35bf564744df2a445fae855878c05,2023-03-15T02:12:08Z,1,,4cc8d1f7035e4d87b8b9bed670eb7bbc
spotify:track:66tkDkPsznE5zIHNt4QkXB,5be35bf564744df2a445fae855878c05,2023-03-15T02:12:08Z,4,,4cc8d1f7035e4d87b8b9bed670eb7bbc
spotify:track:6tCQCy7SCL2xg2QNe2inmd,5be35bf564744df2a445fae855878c05,2023-03-15T02:12:08Z,3,,4cc8d1f7035e4d87b8b9bed670eb7bbc
spotify:track:0pbmssrnuIfPvksK8gd5AL,a42c0c643fe34d04b0795aeb631c3e65,2023-03-15T17:13:22Z,2,,4cc8d1f7035e4d87b8b9bed670eb7bbc
spotify:track:1JcGNoiwifg0MdJMVgJQYx,a42c0c643fe34d04b0795aeb631c3e65,2023-03-15T17:13:22Z,1,,4cc8d1f7035e4d87b8b9bed670eb7bbc
spotify:track:20tOKxDQzaimtiS50bZ8ul,a42c0c643fe34d04b0795aeb631c3e65,2023-03-15T17:13:22Z,4,,4cc8d1f7035e4d87b8b9bed670eb7bbc
spotify:track:66tkDkPsznE5zIHNt4QkXB,a42c0c643fe34d04b0795aeb631c3e65,2023-03-15T17:13:22Z,2,,4cc8d1f7035e4d87b8b9bed670eb7bbc
spotify:track:6tCQCy7SCL2xg2QNe2inmd,a42c0c643fe34d04b0795aeb631c3e65,2023-03-15T17:13:22Z,5,,4cc8d1f7035e4d87b8b9bed670eb7bbc
spotify:track:7G7tgVYORlDuVprcYHuFJh,a42c0c643fe34d04b0795aeb631c3e65,2023-03-15T17:13:22Z,6,,4cc8d1f7035e4d87b8b9bed670eb7bbc
spotify:track:1dTROhfQaxNPuFTeYn0Tks,58386a2a504f4fd08caed77112bedc82,2023-03-15T20:09:17Z,5,,4cc8d1f7035e4d87b8b9bed670eb7bbc
spotify:track:1JcGNoiwifg0MdJMVgJQYx,58386a2a504f4fd08caed77112bedc82,2023-03-15T20:09:17Z,3,,4cc8d1f7035e4d87b8b9bed670eb7bbc
spotify:track:20tOKxDQzaimtiS50bZ8ul,58386a2a504f4fd08caed77112bedc82,2023-03-15T20:09:17Z,3,,4cc8d1f7035e4d87b8b9bed670eb7bbc
spotify:track:36DSP6wauBjy7JBz0I48rG,58386a2a504f4fd08caed77112bedc82,2023-03-15T20:09:17Z,3,,4cc8d1f7035e4d87b8b9bed670eb7bbc
spotify:track:7G7tgVYORlDuVprcYHuFJh,58386a2a504f4fd08caed77112bedc82,2023-03-15T20:09:17Z,6,,4cc8d1f7035e4d87b8b9bed670eb7bbc
spotify:track:1fxqGusoFnaRoFRmf9bSsS,e305e2cab85b4f929234bfdf98d6c6d0,2023-03-16T02:32:14Z,6,"That first minute didn't bode well, but whoo boy did it take off after that. Loved it.",c1e41ffd6be84d2186cb03651d157fa4
spotify:track:2D0rl6TnBNkiTvB3rRtm22,e305e2cab85b4f929234bfdf98d6c6d0,2023-03-16T02:32:14Z,1,,c1e41ffd6be84d2186cb03651d157fa4
spotify:track:2UduNMj9tpsEcBTur8VwH2,e305e2cab85b4f929234bfdf98d6c6d0,2023-03-16T02:32:14Z,1,,c1e41ffd6be84d2186cb03651d157fa4
spotify:track:41hNJpYqMWTxccK6HnBbJV,e305e2cab85b4f929234bfdf98d6c6d0,2023-03-16T02:32:14Z,3,,c1e41ffd6be84d2186cb03651d157fa4
spotify:track:4SWOn4EZlfSbXX3YZV9wfx,e305e2cab85b4f929234bfdf98d6c6d0,2023-03-16T02:32:14Z,6,,c1e41ffd6be84d2186cb03651d157fa4
spotify:track:5DjeQPzhJa5jzEMUTYwwtD,e305e2cab85b4f929234bfdf98d6c6d0,2023-03-16T02:32:14Z,1,,c1e41ffd6be84d2186cb03651d157fa4
spotify:track:5Ext9ObPEi7wIcv5AiQWJy,e305e2cab85b4f929234bfdf98d6c6d0,2023-03-16T02:32:14Z,2,,c1e41ffd6be84d2186cb03651d157fa4
spotify:track:1fxqGusoFnaRoFRmf9bSsS,bdd60b40c4ca4c78a0cbf518560cd06c,2023-03-16T02:33:40Z,2,,c1e41ffd6be84d2186cb03651d157fa4
spotify:track:2D0rl6TnBNkiTvB3rRtm22,bdd60b40c4ca4c78a0cbf518560cd06c,2023-03-16T02:33:40Z,3,I was skeptical but I liked it a lot more than I thought ,c1e41ffd6be84d2186cb03651d157fa4
spotify:track:2pwG1fhFogBEiub9vErZNu,bdd60b40c4ca4c78a0cbf518560cd06c,2023-03-16T02:33:40Z,0,tricky way to try to get me to vote for radiohead,c1e41ffd6be84d2186cb03651d157fa4
spotify:track:3DxDNZNMA2H9hnWeblvRgL,bdd60b40c4ca4c78a0cbf518560cd06c,2023-03-16T02:33:40Z,5,,c1e41ffd6be84d2186cb03651d157fa4
spotify:track:41hNJpYqMWTxccK6HnBbJV,bdd60b40c4ca4c78a0cbf518560cd06c,2023-03-16T02:33:40Z,2,,c1e41ffd6be84d2186cb03651d157fa4
spotify:track:4SWOn4EZlfSbXX3YZV9wfx,bdd60b40c4ca4c78a0cbf518560cd06c,2023-03-16T02:33:40Z,3,,c1e41ffd6be84d2186cb03651d157fa4
spotify:track:5DjeQPzhJa5jzEMUTYwwtD,bdd60b40c4ca4c78a0cbf518560cd06c,2023-03-16T02:33:40Z,0,eh,c1e41ffd6be84d2186cb03651d157fa4
spotify:track:5Ext9ObPEi7wIcv5AiQWJy,bdd60b40c4ca4c78a0cbf518560cd06c,2023-03-16T02:33:40Z,1,,c1e41ffd6be84d2186cb03651d157fa4
spotify:track:7yHIhm47w7yPXbWrCU3NId,bdd60b40c4ca4c78a0cbf518560cd06c,2023-03-16T02:33:40Z,4,,c1e41ffd6be84d2186cb03651d157fa4
spotify:track:1fxqGusoFnaRoFRmf9bSsS,58386a2a504f4fd08caed77112bedc82,2023-03-17T00:19:22Z,3,,c1e41ffd6be84d2186cb03651d157fa4
spotify:track:2pwG1fhFogBEiub9vErZNu,58386a2a504f4fd08caed77112bedc82,2023-03-17T00:19:22Z,3,,c1e41ffd6be84d2186cb03651d157fa4
spotify:track:2UduNMj9tpsEcBTur8VwH2,58386a2a504f4fd08caed77112bedc82,2023-03-17T00:19:22Z,5,,c1e41ffd6be84d2186cb03651d157fa4
spotify:track:3DxDNZNMA2H9hnWeblvRgL,58386a2a504f4fd08caed77112bedc82,2023-03-17T00:19:22Z,3,,c1e41ffd6be84d2186cb03651d157fa4
spotify:track:41hNJpYqMWTxccK6HnBbJV,58386a2a504f4fd08caed77112bedc82,2023-03-17T00:19:22Z,1,,c1e41ffd6be84d2186cb03651d157fa4
spotify:track:5Ext9ObPEi7wIcv5AiQWJy,58386a2a504f4fd08caed77112bedc82,2023-03-17T00:19:22Z,3,,c1e41ffd6be84d2186cb03651d157fa4
spotify:track:7yHIhm47w7yPXbWrCU3NId,58386a2a504f4fd08caed77112bedc82,2023-03-17T00:19:22Z,2,,c1e41ffd6be84d2186cb03651d157fa4
spotify:track:1fxqGusoFnaRoFRmf9bSsS,5df547c9f7ed41278698daa1917fdd24,2023-03-17T07:35:16Z,2,,c1e41ffd6be84d2186cb03651d157fa4
spotify:track:2D0rl6TnBNkiTvB3rRtm22,5df547c9f7ed41278698daa1917fdd24,2023-03-17T07:35:16Z,4,,c1e41ffd6be84d2186cb03651d157fa4
spotify:track:2pwG1fhFogBEiub9vErZNu,5df547c9f7ed41278698daa1917fdd24,2023-03-17T07:35:16Z,2,,c1e41ffd6be84d2186cb03651d157fa4
spotify:track:3DxDNZNMA2H9hnWeblvRgL,5df547c9f7ed41278698daa1917fdd24,2023-03-17T07:35:16Z,2,This is certainly a combination of vibes. Unsure how to feel about it but love that it exists.,c1e41ffd6be84d2186cb03651d157fa4
spotify:track:4SWOn4EZlfSbXX3YZV9wfx,5df547c9f7ed41278698daa1917fdd24,2023-03-17T07:35:16Z,2,,c1e41ffd6be84d2186cb03651d157fa4
spotify:track:5DjeQPzhJa5jzEMUTYwwtD,5df547c9f7ed41278698daa1917fdd24,2023-03-17T07:35:16Z,2,,c1e41ffd6be84d2186cb03651d157fa4
spotify:track:5Ext9ObPEi7wIcv5AiQWJy,5df547c9f7ed41278698daa1917fdd24,2023-03-17T07:35:16Z,3,,c1e41ffd6be84d2186cb03651d157fa4
spotify:track:7yHIhm47w7yPXbWrCU3NId,5df547c9f7ed41278698daa1917fdd24,2023-03-17T07:35:16Z,3,,c1e41ffd6be84d2186cb03651d157fa4
spotify:track:1fxqGusoFnaRoFRmf9bSsS,fee7e973fd6f45d48299e77843f5cb17,2023-03-17T13:53:26Z,3,,c1e41ffd6be84d2186cb03651d157fa4
spotify:track:2pwG1fhFogBEiub9vErZNu,fee7e973fd6f45d48299e77843f5cb17,2023-03-17T13:53:26Z,2,,c1e41ffd6be84d2186cb03651d157fa4
spotify:track:2UduNMj9tpsEcBTur8VwH2,fee7e973fd6f45d48299e77843f5cb17,2023-03-17T13:53:26Z,2,,c1e41ffd6be84d2186cb03651d157fa4
spotify:track:3DxDNZNMA2H9hnWeblvRgL,fee7e973fd6f45d48299e77843f5cb17,2023-03-17T13:53:26Z,5,,c1e41ffd6be84d2186cb03651d157fa4
spotify:track:41hNJpYqMWTxccK6HnBbJV,fee7e973fd6f45d48299e77843f5cb17,2023-03-17T13:53:26Z,3,,c1e41ffd6be84d2186cb03651d157fa4
spotify:track:4SWOn4EZlfSbXX3YZV9wfx,fee7e973fd6f45d48299e77843f5cb17,2023-03-17T13:53:26Z,5,,c1e41ffd6be84d2186cb03651d157fa4
spotify:track:2D0rl6TnBNkiTvB3rRtm22,a42c0c643fe34d04b0795aeb631c3e65,2023-03-17T13:58:53Z,4,,c1e41ffd6be84d2186cb03651d157fa4
spotify:track:2UduNMj9tpsEcBTur8VwH2,a42c0c643fe34d04b0795aeb631c3e65,2023-03-17T13:58:53Z,4,,c1e41ffd6be84d2186cb03651d157fa4
spotify:track:41hNJpYqMWTxccK6HnBbJV,a42c0c643fe34d04b0795aeb631c3e65,2023-03-17T13:58:53Z,3,,c1e41ffd6be84d2186cb03651d157fa4
spotify:track:4SWOn4EZlfSbXX3YZV9wfx,a42c0c643fe34d04b0795aeb631c3e65,2023-03-17T13:58:53Z,1,,c1e41ffd6be84d2186cb03651d157fa4
spotify:track:5DjeQPzhJa5jzEMUTYwwtD,a42c0c643fe34d04b0795aeb631c3e65,2023-03-17T13:58:53Z,5,,c1e41ffd6be84d2186cb03651d157fa4
spotify:track:5Ext9ObPEi7wIcv5AiQWJy,a42c0c643fe34d04b0795aeb631c3e65,2023-03-17T13:58:53Z,3,,c1e41ffd6be84d2186cb03651d157fa4
spotify:track:1fxqGusoFnaRoFRmf9bSsS,488c42f9d7e948a188f671fe126eb74a,2023-03-17T18:49:38Z,1,,c1e41ffd6be84d2186cb03651d157fa4
spotify:track:2D0rl6TnBNkiTvB3rRtm22,488c42f9d7e948a188f671fe126eb74a,2023-03-17T18:49:38Z,3,"Despite my complicated opinion of Streetlight, I have fond memories of buying this CD on a first date over a decade ago and really enjoying it. The album, not the date.",c1e41ffd6be84d2186cb03651d157fa4
spotify:track:2pwG1fhFogBEiub9vErZNu,488c42f9d7e948a188f671fe126eb74a,2023-03-17T18:49:38Z,5,,c1e41ffd6be84d2186cb03651d157fa4
spotify:track:3DxDNZNMA2H9hnWeblvRgL,488c42f9d7e948a188f671fe126eb74a,2023-03-17T18:49:38Z,2,Pleasantly reminds me of The Blanks' cover of this song.,c1e41ffd6be84d2186cb03651d157fa4
spotify:track:41hNJpYqMWTxccK6HnBbJV,488c42f9d7e948a188f671fe126eb74a,2023-03-17T18:49:38Z,1,,c1e41ffd6be84d2186cb03651d157fa4
spotify:track:7yHIhm47w7yPXbWrCU3NId,488c42f9d7e948a188f671fe126eb74a,2023-03-17T18:49:38Z,8,"Every time I listened to this one, my brain felt so clever for recognizing it.",c1e41ffd6be84d2186cb03651d157fa4
spotify:track:1fxqGusoFnaRoFRmf9bSsS,9bbd7b198c6447b097e31d0e543fa630,2023-03-17T19:55:30Z,2,,c1e41ffd6be84d2186cb03651d157fa4
spotify:track:2D0rl6TnBNkiTvB3rRtm22,9bbd7b198c6447b097e31d0e543fa630,2023-03-17T19:55:30Z,3,,c1e41ffd6be84d2186cb03651d157fa4
spotify:track:2pwG1fhFogBEiub9vErZNu,9bbd7b198c6447b097e31d0e543fa630,2023-03-17T19:55:30Z,5,,c1e41ffd6be84d2186cb03651d157fa4
spotify:track:4SWOn4EZlfSbXX3YZV9wfx,9bbd7b198c6447b097e31d0e543fa630,2023-03-17T19:55:30Z,4,,c1e41ffd6be84d2186cb03651d157fa4
spotify:track:5DjeQPzhJa5jzEMUTYwwtD,9bbd7b198c6447b097e31d0e543fa630,2023-03-17T19:55:30Z,1,,c1e41ffd6be84d2186cb03651d157fa4
spotify:track:5Ext9ObPEi7wIcv5AiQWJy,9bbd7b198c6447b097e31d0e543fa630,2023-03-17T19:55:30Z,3,,c1e41ffd6be84d2186cb03651d157fa4
spotify:track:7yHIhm47w7yPXbWrCU3NId,9bbd7b198c6447b097e31d0e543fa630,2023-03-17T19:55:30Z,2,,c1e41ffd6be84d2186cb03651d157fa4
spotify:track:1fxqGusoFnaRoFRmf9bSsS,1dacffd0545140b2970d73e29fe6cf33,2023-03-18T00:03:25Z,4,,c1e41ffd6be84d2186cb03651d157fa4
spotify:track:2D0rl6TnBNkiTvB3rRtm22,1dacffd0545140b2970d73e29fe6cf33,2023-03-18T00:03:25Z,1,,c1e41ffd6be84d2186cb03651d157fa4
spotify:track:2UduNMj9tpsEcBTur8VwH2,1dacffd0545140b2970d73e29fe6cf33,2023-03-18T00:03:25Z,1,,c1e41ffd6be84d2186cb03651d157fa4
spotify:track:3DxDNZNMA2H9hnWeblvRgL,1dacffd0545140b2970d73e29fe6cf33,2023-03-18T00:03:25Z,2,,c1e41ffd6be84d2186cb03651d157fa4
spotify:track:41hNJpYqMWTxccK6HnBbJV,1dacffd0545140b2970d73e29fe6cf33,2023-03-18T00:03:25Z,2,,c1e41ffd6be84d2186cb03651d157fa4
spotify:track:4SWOn4EZlfSbXX3YZV9wfx,1dacffd0545140b2970d73e29fe6cf33,2023-03-18T00:03:25Z,1,,c1e41ffd6be84d2186cb03651d157fa4
spotify:track:5DjeQPzhJa5jzEMUTYwwtD,1dacffd0545140b2970d73e29fe6cf33,2023-03-18T00:03:25Z,7,,c1e41ffd6be84d2186cb03651d157fa4
spotify:track:7yHIhm47w7yPXbWrCU3NId,1dacffd0545140b2970d73e29fe6cf33,2023-03-18T00:03:25Z,2,,c1e41ffd6be84d2186cb03651d157fa4
spotify:track:1fxqGusoFnaRoFRmf9bSsS,5be35bf564744df2a445fae855878c05,2023-03-18T00:14:35Z,2,stressful but in like a good way ,c1e41ffd6be84d2186cb03651d157fa4
spotify:track:2D0rl6TnBNkiTvB3rRtm22,5be35bf564744df2a445fae855878c05,2023-03-18T00:14:35Z,1,I did not enjoy this but it was good for working out ,c1e41ffd6be84d2186cb03651d157fa4
spotify:track:2pwG1fhFogBEiub9vErZNu,5be35bf564744df2a445fae855878c05,2023-03-18T00:14:35Z,3,very cool!,c1e41ffd6be84d2186cb03651d157fa4
spotify:track:2UduNMj9tpsEcBTur8VwH2,5be35bf564744df2a445fae855878c05,2023-03-18T00:14:35Z,3,💔,c1e41ffd6be84d2186cb03651d157fa4
spotify:track:3DxDNZNMA2H9hnWeblvRgL,5be35bf564744df2a445fae855878c05,2023-03-18T00:14:35Z,3,ok yes the vibe has definitely been changed ,c1e41ffd6be84d2186cb03651d157fa4
spotify:track:41hNJpYqMWTxccK6HnBbJV,5be35bf564744df2a445fae855878c05,2023-03-18T00:14:35Z,3,,c1e41ffd6be84d2186cb03651d157fa4
spotify:track:4SWOn4EZlfSbXX3YZV9wfx,5be35bf564744df2a445fae855878c05,2023-03-18T00:14:35Z,3,"Bee Gees-esque, I like it ",c1e41ffd6be84d2186cb03651d157fa4
spotify:track:5Ext9ObPEi7wIcv5AiQWJy,5be35bf564744df2a445fae855878c05,2023-03-18T00:14:35Z,2,,c1e41ffd6be84d2186cb03651d157fa4
spotify:track:0GJtwvQGnnKfkCvENWsNRn,e305e2cab85b4f929234bfdf98d6c6d0,2023-03-20T00:40:02Z,1,,356ba5947c624f32909410ce132e67c4
spotify:track:0WsfGUycPre0SYxaRpLHBN,e305e2cab85b4f929234bfdf98d6c6d0,2023-03-20T00:40:02Z,5,,356ba5947c624f32909410ce132e67c4
spotify:track:2aa8iGanyB2Jj8VyXnTkNi,e305e2cab85b4f929234bfdf98d6c6d0,2023-03-20T00:40:02Z,3,,356ba5947c624f32909410ce132e67c4
spotify:track:4fVDiVuYquW9hBTtyk3g6v,e305e2cab85b4f929234bfdf98d6c6d0,2023-03-20T00:40:02Z,3,,356ba5947c624f32909410ce132e67c4
spotify:track:5aAzFyZo2RfW3gRiKlL0lK,e305e2cab85b4f929234bfdf98d6c6d0,2023-03-20T00:40:02Z,2,,356ba5947c624f32909410ce132e67c4
spotify:track:5VfEuwErhx6X4eaPbyBfyu,e305e2cab85b4f929234bfdf98d6c6d0,2023-03-20T00:40:02Z,4,"OK, so - I went from the prompt in the Theme Ideas doc, which says ""INSTRUMENTAL interlude"", which meant I immediately took this song out of contention for having some wordless vocals towards the end. It's probably a 6-pointer really, but I'm knocking 2 off through no fault of yours, just a piece of mindless destruction to vent my boiling-hot rage.",356ba5947c624f32909410ce132e67c4
spotify:track:6TbIqbiMtaeBeSoX1Cak4G,e305e2cab85b4f929234bfdf98d6c6d0,2023-03-20T00:40:02Z,1,,356ba5947c624f32909410ce132e67c4
spotify:track:6wPA3Eplol740Hftfbu3nY,e305e2cab85b4f929234bfdf98d6c6d0,2023-03-20T00:40:02Z,1,,356ba5947c624f32909410ce132e67c4
spotify:track:0GJtwvQGnnKfkCvENWsNRn,a42c0c643fe34d04b0795aeb631c3e65,2023-03-20T01:07:05Z,3,,356ba5947c624f32909410ce132e67c4
spotify:track:0tGrrf29CjwKZEdz06hu2H,a42c0c643fe34d04b0795aeb631c3e65,2023-03-20T01:07:05Z,2,,356ba5947c624f32909410ce132e67c4
spotify:track:0WsfGUycPre0SYxaRpLHBN,a42c0c643fe34d04b0795aeb631c3e65,2023-03-20T01:07:05Z,1,,356ba5947c624f32909410ce132e67c4
spotify:track:2aa8iGanyB2Jj8VyXnTkNi,a42c0c643fe34d04b0795aeb631c3e65,2023-03-20T01:07:05Z,2,,356ba5947c624f32909410ce132e67c4
spotify:track:4fVDiVuYquW9hBTtyk3g6v,a42c0c643fe34d04b0795aeb631c3e65,2023-03-20T01:07:05Z,4,,356ba5947c624f32909410ce132e67c4
spotify:track:5aAzFyZo2RfW3gRiKlL0lK,a42c0c643fe34d04b0795aeb631c3e65,2023-03-20T01:07:05Z,2,,356ba5947c624f32909410ce132e67c4
spotify:track:5VfEuwErhx6X4eaPbyBfyu,a42c0c643fe34d04b0795aeb631c3e65,2023-03-20T01:07:05Z,6,,356ba5947c624f32909410ce132e67c4
spotify:track:0WsfGUycPre0SYxaRpLHBN,488c42f9d7e948a188f671fe126eb74a,2023-03-20T01:12:24Z,4,,356ba5947c624f32909410ce132e67c4
spotify:track:2aa8iGanyB2Jj8VyXnTkNi,488c42f9d7e948a188f671fe126eb74a,2023-03-20T01:12:24Z,6,,356ba5947c624f32909410ce132e67c4
spotify:track:5aAzFyZo2RfW3gRiKlL0lK,488c42f9d7e948a188f671fe126eb74a,2023-03-20T01:12:24Z,6,,356ba5947c624f32909410ce132e67c4
spotify:track:5VfEuwErhx6X4eaPbyBfyu,488c42f9d7e948a188f671fe126eb74a,2023-03-20T01:12:24Z,1,,356ba5947c624f32909410ce132e67c4
spotify:track:7pLQIIweYDsmfwgf5xaGrq,488c42f9d7e948a188f671fe126eb74a,2023-03-20T01:12:24Z,3,,356ba5947c624f32909410ce132e67c4
spotify:track:0tGrrf29CjwKZEdz06hu2H,bdd60b40c4ca4c78a0cbf518560cd06c,2023-03-20T01:39:01Z,0,an outro? or an intro? unsure about this one,356ba5947c624f32909410ce132e67c4
spotify:track:0WsfGUycPre0SYxaRpLHBN,bdd60b40c4ca4c78a0cbf518560cd06c,2023-03-20T01:39:01Z,2,Appreciate albums that clearly label their intros,356ba5947c624f32909410ce132e67c4
spotify:track:2aa8iGanyB2Jj8VyXnTkNi,bdd60b40c4ca4c78a0cbf518560cd06c,2023-03-20T01:39:01Z,5,Love seeing Dead Prez on here,356ba5947c624f32909410ce132e67c4
spotify:track:4fVDiVuYquW9hBTtyk3g6v,bdd60b40c4ca4c78a0cbf518560cd06c,2023-03-20T01:39:01Z,3,,356ba5947c624f32909410ce132e67c4
spotify:track:5aAzFyZo2RfW3gRiKlL0lK,bdd60b40c4ca4c78a0cbf518560cd06c,2023-03-20T01:39:01Z,0,"Love Jawbreaker, but I don't think this fits the theme",356ba5947c624f32909410ce132e67c4
spotify:track:5VfEuwErhx6X4eaPbyBfyu,bdd60b40c4ca4c78a0cbf518560cd06c,2023-03-20T01:39:01Z,4,"well done, you got it",356ba5947c624f32909410ce132e67c4
spotify:track:6TbIqbiMtaeBeSoX1Cak4G,bdd60b40c4ca4c78a0cbf518560cd06c,2023-03-20T01:39:01Z,1,,356ba5947c624f32909410ce132e67c4
spotify:track:6wPA3Eplol740Hftfbu3nY,bdd60b40c4ca4c78a0cbf518560cd06c,2023-03-20T01:39:01Z,3,,356ba5947c624f32909410ce132e67c4
spotify:track:7pLQIIweYDsmfwgf5xaGrq,bdd60b40c4ca4c78a0cbf518560cd06c,2023-03-20T01:39:01Z,2,,356ba5947c624f32909410ce132e67c4
spotify:track:0GJtwvQGnnKfkCvENWsNRn,58386a2a504f4fd08caed77112bedc82,2023-03-20T10:32:16Z,1,,356ba5947c624f32909410ce132e67c4
spotify:track:0tGrrf29CjwKZEdz06hu2H,58386a2a504f4fd08caed77112bedc82,2023-03-20T10:32:16Z,3,,356ba5947c624f32909410ce132e67c4
spotify:track:0WsfGUycPre0SYxaRpLHBN,58386a2a504f4fd08caed77112bedc82,2023-03-20T10:32:16Z,1,,356ba5947c624f32909410ce132e67c4
spotify:track:5VfEuwErhx6X4eaPbyBfyu,58386a2a504f4fd08caed77112bedc82,2023-03-20T10:32:16Z,5,,356ba5947c624f32909410ce132e67c4
spotify:track:6TbIqbiMtaeBeSoX1Cak4G,58386a2a504f4fd08caed77112bedc82,2023-03-20T10:32:16Z,3,,356ba5947c624f32909410ce132e67c4
spotify:track:6wPA3Eplol740Hftfbu3nY,58386a2a504f4fd08caed77112bedc82,2023-03-20T10:32:16Z,3,,356ba5947c624f32909410ce132e67c4
spotify:track:7pLQIIweYDsmfwgf5xaGrq,58386a2a504f4fd08caed77112bedc82,2023-03-20T10:32:16Z,4,,356ba5947c624f32909410ce132e67c4
spotify:track:0GJtwvQGnnKfkCvENWsNRn,9bbd7b198c6447b097e31d0e543fa630,2023-03-20T11:48:14Z,1,,356ba5947c624f32909410ce132e67c4
spotify:track:0tGrrf29CjwKZEdz06hu2H,9bbd7b198c6447b097e31d0e543fa630,2023-03-20T11:48:14Z,2,,356ba5947c624f32909410ce132e67c4
spotify:track:0WsfGUycPre0SYxaRpLHBN,9bbd7b198c6447b097e31d0e543fa630,2023-03-20T11:48:14Z,2,,356ba5947c624f32909410ce132e67c4
spotify:track:2aa8iGanyB2Jj8VyXnTkNi,9bbd7b198c6447b097e31d0e543fa630,2023-03-20T11:48:14Z,4,,356ba5947c624f32909410ce132e67c4
spotify:track:4fVDiVuYquW9hBTtyk3g6v,9bbd7b198c6447b097e31d0e543fa630,2023-03-20T11:48:14Z,2,,356ba5947c624f32909410ce132e67c4
spotify:track:6TbIqbiMtaeBeSoX1Cak4G,9bbd7b198c6447b097e31d0e543fa630,2023-03-20T11:48:14Z,4,,356ba5947c624f32909410ce132e67c4
spotify:track:6wPA3Eplol740Hftfbu3nY,9bbd7b198c6447b097e31d0e543fa630,2023-03-20T11:48:14Z,3,,356ba5947c624f32909410ce132e67c4
spotify:track:7pLQIIweYDsmfwgf5xaGrq,9bbd7b198c6447b097e31d0e543fa630,2023-03-20T11:48:14Z,2,,356ba5947c624f32909410ce132e67c4
spotify:track:0tGrrf29CjwKZEdz06hu2H,fee7e973fd6f45d48299e77843f5cb17,2023-03-20T20:06:43Z,5,,356ba5947c624f32909410ce132e67c4
spotify:track:0WsfGUycPre0SYxaRpLHBN,fee7e973fd6f45d48299e77843f5cb17,2023-03-20T20:06:43Z,5,,356ba5947c624f32909410ce132e67c4
spotify:track:4fVDiVuYquW9hBTtyk3g6v,fee7e973fd6f45d48299e77843f5cb17,2023-03-20T20:06:43Z,4,,356ba5947c624f32909410ce132e67c4
spotify:track:5VfEuwErhx6X4eaPbyBfyu,fee7e973fd6f45d48299e77843f5cb17,2023-03-20T20:06:43Z,4,,356ba5947c624f32909410ce132e67c4
spotify:track:6wPA3Eplol740Hftfbu3nY,fee7e973fd6f45d48299e77843f5cb17,2023-03-20T20:06:43Z,1,,356ba5947c624f32909410ce132e67c4
spotify:track:7pLQIIweYDsmfwgf5xaGrq,fee7e973fd6f45d48299e77843f5cb17,2023-03-20T20:06:43Z,1,,356ba5947c624f32909410ce132e67c4
spotify:track:0GJtwvQGnnKfkCvENWsNRn,1dacffd0545140b2970d73e29fe6cf33,2023-03-21T00:03:38Z,2,,356ba5947c624f32909410ce132e67c4
spotify:track:0tGrrf29CjwKZEdz06hu2H,1dacffd0545140b2970d73e29fe6cf33,2023-03-21T00:03:38Z,3,,356ba5947c624f32909410ce132e67c4
spotify:track:0WsfGUycPre0SYxaRpLHBN,1dacffd0545140b2970d73e29fe6cf33,2023-03-21T00:03:38Z,2,,356ba5947c624f32909410ce132e67c4
spotify:track:2aa8iGanyB2Jj8VyXnTkNi,1dacffd0545140b2970d73e29fe6cf33,2023-03-21T00:03:38Z,2,,356ba5947c624f32909410ce132e67c4
spotify:track:4fVDiVuYquW9hBTtyk3g6v,1dacffd0545140b2970d73e29fe6cf33,2023-03-21T00:03:38Z,2,,356ba5947c624f32909410ce132e67c4
spotify:track:5VfEuwErhx6X4eaPbyBfyu,1dacffd0545140b2970d73e29fe6cf33,2023-03-21T00:03:38Z,2,,356ba5947c624f32909410ce132e67c4
spotify:track:6TbIqbiMtaeBeSoX1Cak4G,1dacffd0545140b2970d73e29fe6cf33,2023-03-21T00:03:38Z,2,,356ba5947c624f32909410ce132e67c4
spotify:track:6wPA3Eplol740Hftfbu3nY,1dacffd0545140b2970d73e29fe6cf33,2023-03-21T00:03:38Z,3,,356ba5947c624f32909410ce132e67c4
spotify:track:7pLQIIweYDsmfwgf5xaGrq,1dacffd0545140b2970d73e29fe6cf33,2023-03-21T00:03:38Z,2,,356ba5947c624f32909410ce132e67c4
spotify:track:0GJtwvQGnnKfkCvENWsNRn,5be35bf564744df2a445fae855878c05,2023-03-21T00:12:32Z,2,,356ba5947c624f32909410ce132e67c4
spotify:track:2aa8iGanyB2Jj8VyXnTkNi,5be35bf564744df2a445fae855878c05,2023-03-21T00:12:32Z,3,,356ba5947c624f32909410ce132e67c4
spotify:track:4fVDiVuYquW9hBTtyk3g6v,5be35bf564744df2a445fae855878c05,2023-03-21T00:12:32Z,3,,356ba5947c624f32909410ce132e67c4
spotify:track:5VfEuwErhx6X4eaPbyBfyu,5be35bf564744df2a445fae855878c05,2023-03-21T00:12:32Z,4,I attempted it second! (Or maybe like sixth),356ba5947c624f32909410ce132e67c4
spotify:track:6TbIqbiMtaeBeSoX1Cak4G,5be35bf564744df2a445fae855878c05,2023-03-21T00:12:32Z,2,,356ba5947c624f32909410ce132e67c4
spotify:track:6wPA3Eplol740Hftfbu3nY,5be35bf564744df2a445fae855878c05,2023-03-21T00:12:32Z,2,,356ba5947c624f32909410ce132e67c4
spotify:track:7pLQIIweYDsmfwgf5xaGrq,5be35bf564744df2a445fae855878c05,2023-03-21T00:12:32Z,4,,356ba5947c624f32909410ce132e67c4
spotify:track:0GJtwvQGnnKfkCvENWsNRn,5df547c9f7ed41278698daa1917fdd24,2023-03-21T01:32:57Z,2,,356ba5947c624f32909410ce132e67c4
spotify:track:0WsfGUycPre0SYxaRpLHBN,5df547c9f7ed41278698daa1917fdd24,2023-03-21T01:32:57Z,2,,356ba5947c624f32909410ce132e67c4
spotify:track:2aa8iGanyB2Jj8VyXnTkNi,5df547c9f7ed41278698daa1917fdd24,2023-03-21T01:32:57Z,2,,356ba5947c624f32909410ce132e67c4
spotify:track:5aAzFyZo2RfW3gRiKlL0lK,5df547c9f7ed41278698daa1917fdd24,2023-03-21T01:32:57Z,1,,356ba5947c624f32909410ce132e67c4
spotify:track:5VfEuwErhx6X4eaPbyBfyu,5df547c9f7ed41278698daa1917fdd24,2023-03-21T01:32:57Z,5,,356ba5947c624f32909410ce132e67c4
spotify:track:6TbIqbiMtaeBeSoX1Cak4G,5df547c9f7ed41278698daa1917fdd24,2023-03-21T01:32:57Z,2,,356ba5947c624f32909410ce132e67c4
spotify:track:6wPA3Eplol740Hftfbu3nY,5df547c9f7ed41278698daa1917fdd24,2023-03-21T01:32:57Z,2,,356ba5947c624f32909410ce132e67c4
spotify:track:7pLQIIweYDsmfwgf5xaGrq,5df547c9f7ed41278698daa1917fdd24,2023-03-21T01:32:57Z,4,,356ba5947c624f32909410ce132e67c4
spotify:track:3P7NsMPImXxcShk8WlUAJ4,e305e2cab85b4f929234bfdf98d6c6d0,2023-03-22T01:49:15Z,3,,f5fa1945fde64eb6a4ae233f47f6f844
spotify:track:47hr9KDPHYmOCCd0aj3Q04,e305e2cab85b4f929234bfdf98d6c6d0,2023-03-22T01:49:15Z,3,,f5fa1945fde64eb6a4ae233f47f6f844
spotify:track:56LAHIIyWXTg7vYmVSGBUf,e305e2cab85b4f929234bfdf98d6c6d0,2023-03-22T01:49:15Z,4,,f5fa1945fde64eb6a4ae233f47f6f844
spotify:track:59AasfokhGnvuaDVUiJqb7,e305e2cab85b4f929234bfdf98d6c6d0,2023-03-22T01:49:15Z,10,,f5fa1945fde64eb6a4ae233f47f6f844
spotify:track:3P7NsMPImXxcShk8WlUAJ4,bdd60b40c4ca4c78a0cbf518560cd06c,2023-03-22T01:50:02Z,2,,f5fa1945fde64eb6a4ae233f47f6f844
spotify:track:47hr9KDPHYmOCCd0aj3Q04,bdd60b40c4ca4c78a0cbf518560cd06c,2023-03-22T01:50:02Z,2,,f5fa1945fde64eb6a4ae233f47f6f844
spotify:track:1urgZoAjz91vFqPEokA1OR,bdd60b40c4ca4c78a0cbf518560cd06c,2023-03-22T01:50:02Z,0,"Eh, description does start with 'not samples'",f5fa1945fde64eb6a4ae233f47f6f844
spotify:track:59AasfokhGnvuaDVUiJqb7,bdd60b40c4ca4c78a0cbf518560cd06c,2023-03-22T01:50:02Z,3,"Ah yep, that's it",f5fa1945fde64eb6a4ae233f47f6f844
spotify:track:56LAHIIyWXTg7vYmVSGBUf,bdd60b40c4ca4c78a0cbf518560cd06c,2023-03-22T01:50:02Z,4,well there it is,f5fa1945fde64eb6a4ae233f47f6f844
spotify:track:1bzQEsGH0KEMLt9ZlJ3vmk,bdd60b40c4ca4c78a0cbf518560cd06c,2023-03-22T01:50:02Z,2,,f5fa1945fde64eb6a4ae233f47f6f844
spotify:track:10Nmj3JCNoMeBQ87uw5j8k,bdd60b40c4ca4c78a0cbf518560cd06c,2023-03-22T01:50:02Z,3,"Great choice

And I definitely skipped this",f5fa1945fde64eb6a4ae233f47f6f844
spotify:track:2g9EvzLR2sYscJQubwKGqu,bdd60b40c4ca4c78a0cbf518560cd06c,2023-03-22T01:50:02Z,4,I like this take on the round,f5fa1945fde64eb6a4ae233f47f6f844
spotify:track:1bzQEsGH0KEMLt9ZlJ3vmk,1dacffd0545140b2970d73e29fe6cf33,2023-03-22T13:18:59Z,2,,f5fa1945fde64eb6a4ae233f47f6f844
spotify:track:10Nmj3JCNoMeBQ87uw5j8k,1dacffd0545140b2970d73e29fe6cf33,2023-03-22T13:18:59Z,1,,f5fa1945fde64eb6a4ae233f47f6f844
spotify:track:1urgZoAjz91vFqPEokA1OR,1dacffd0545140b2970d73e29fe6cf33,2023-03-22T13:18:59Z,2,,f5fa1945fde64eb6a4ae233f47f6f844
spotify:track:2g9EvzLR2sYscJQubwKGqu,1dacffd0545140b2970d73e29fe6cf33,2023-03-22T13:18:59Z,2,,f5fa1945fde64eb6a4ae233f47f6f844
spotify:track:3muMI7YXx7JU3yaaJzWVPw,1dacffd0545140b2970d73e29fe6cf33,2023-03-22T13:18:59Z,2,,f5fa1945fde64eb6a4ae233f47f6f844
spotify:track:3P7NsMPImXxcShk8WlUAJ4,1dacffd0545140b2970d73e29fe6cf33,2023-03-22T13:18:59Z,5,,f5fa1945fde64eb6a4ae233f47f6f844
spotify:track:56LAHIIyWXTg7vYmVSGBUf,1dacffd0545140b2970d73e29fe6cf33,2023-03-22T13:18:59Z,3,,f5fa1945fde64eb6a4ae233f47f6f844
spotify:track:59AasfokhGnvuaDVUiJqb7,1dacffd0545140b2970d73e29fe6cf33,2023-03-22T13:18:59Z,3,,f5fa1945fde64eb6a4ae233f47f6f844
spotify:track:10Nmj3JCNoMeBQ87uw5j8k,9bbd7b198c6447b097e31d0e543fa630,2023-03-23T18:24:16Z,3,Shit. Guess I missed that.,f5fa1945fde64eb6a4ae233f47f6f844
spotify:track:1bzQEsGH0KEMLt9ZlJ3vmk,9bbd7b198c6447b097e31d0e543fa630,2023-03-23T18:24:16Z,1,,f5fa1945fde64eb6a4ae233f47f6f844
spotify:track:1urgZoAjz91vFqPEokA1OR,9bbd7b198c6447b097e31d0e543fa630,2023-03-23T18:24:16Z,2,"Don’t know His much it fits the prompt, but it was weirdly fun.",f5fa1945fde64eb6a4ae233f47f6f844
spotify:track:3muMI7YXx7JU3yaaJzWVPw,9bbd7b198c6447b097e31d0e543fa630,2023-03-23T18:24:16Z,4,Holy shit. ,f5fa1945fde64eb6a4ae233f47f6f844
spotify:track:3P7NsMPImXxcShk8WlUAJ4,9bbd7b198c6447b097e31d0e543fa630,2023-03-23T18:24:16Z,5,This one was a great ride.,f5fa1945fde64eb6a4ae233f47f6f844
spotify:track:47hr9KDPHYmOCCd0aj3Q04,9bbd7b198c6447b097e31d0e543fa630,2023-03-23T18:24:16Z,5,,f5fa1945fde64eb6a4ae233f47f6f844
spotify:track:59AasfokhGnvuaDVUiJqb7,9bbd7b198c6447b097e31d0e543fa630,2023-03-23T18:24:16Z,0,Do Bowie’s people know about this yet?,f5fa1945fde64eb6a4ae233f47f6f844
spotify:track:3muMI7YXx7JU3yaaJzWVPw,488c42f9d7e948a188f671fe126eb74a,2023-03-23T19:28:30Z,4,"Not sure I really hear the Friends theme, but I dig the song.",f5fa1945fde64eb6a4ae233f47f6f844
spotify:track:1bzQEsGH0KEMLt9ZlJ3vmk,488c42f9d7e948a188f671fe126eb74a,2023-03-23T19:28:30Z,2,,f5fa1945fde64eb6a4ae233f47f6f844
spotify:track:2g9EvzLR2sYscJQubwKGqu,488c42f9d7e948a188f671fe126eb74a,2023-03-23T19:28:30Z,2,,f5fa1945fde64eb6a4ae233f47f6f844
spotify:track:47hr9KDPHYmOCCd0aj3Q04,488c42f9d7e948a188f671fe126eb74a,2023-03-23T19:28:30Z,5,,f5fa1945fde64eb6a4ae233f47f6f844
spotify:track:56LAHIIyWXTg7vYmVSGBUf,488c42f9d7e948a188f671fe126eb74a,2023-03-23T19:28:30Z,2,,f5fa1945fde64eb6a4ae233f47f6f844
spotify:track:59AasfokhGnvuaDVUiJqb7,488c42f9d7e948a188f671fe126eb74a,2023-03-23T19:28:30Z,5,,f5fa1945fde64eb6a4ae233f47f6f844
spotify:track:10Nmj3JCNoMeBQ87uw5j8k,58386a2a504f4fd08caed77112bedc82,2023-03-23T23:12:44Z,2,,f5fa1945fde64eb6a4ae233f47f6f844
spotify:track:1bzQEsGH0KEMLt9ZlJ3vmk,58386a2a504f4fd08caed77112bedc82,2023-03-23T23:12:44Z,2,,f5fa1945fde64eb6a4ae233f47f6f844
spotify:track:1urgZoAjz91vFqPEokA1OR,58386a2a504f4fd08caed77112bedc82,2023-03-23T23:12:44Z,2,,f5fa1945fde64eb6a4ae233f47f6f844
spotify:track:3muMI7YXx7JU3yaaJzWVPw,58386a2a504f4fd08caed77112bedc82,2023-03-23T23:12:44Z,5,,f5fa1945fde64eb6a4ae233f47f6f844
spotify:track:3P7NsMPImXxcShk8WlUAJ4,58386a2a504f4fd08caed77112bedc82,2023-03-23T23:12:44Z,2,,f5fa1945fde64eb6a4ae233f47f6f844
spotify:track:47hr9KDPHYmOCCd0aj3Q04,58386a2a504f4fd08caed77112bedc82,2023-03-23T23:12:44Z,2,,f5fa1945fde64eb6a4ae233f47f6f844
spotify:track:56LAHIIyWXTg7vYmVSGBUf,58386a2a504f4fd08caed77112bedc82,2023-03-23T23:12:44Z,5,,f5fa1945fde64eb6a4ae233f47f6f844
spotify:track:2g9EvzLR2sYscJQubwKGqu,5df547c9f7ed41278698daa1917fdd24,2023-03-24T00:01:52Z,3,,f5fa1945fde64eb6a4ae233f47f6f844
spotify:track:3muMI7YXx7JU3yaaJzWVPw,5df547c9f7ed41278698daa1917fdd24,2023-03-24T00:01:52Z,5,,f5fa1945fde64eb6a4ae233f47f6f844
spotify:track:3P7NsMPImXxcShk8WlUAJ4,5df547c9f7ed41278698daa1917fdd24,2023-03-24T00:01:52Z,4,,f5fa1945fde64eb6a4ae233f47f6f844
spotify:track:56LAHIIyWXTg7vYmVSGBUf,5df547c9f7ed41278698daa1917fdd24,2023-03-24T00:01:52Z,3,,f5fa1945fde64eb6a4ae233f47f6f844
spotify:track:59AasfokhGnvuaDVUiJqb7,5df547c9f7ed41278698daa1917fdd24,2023-03-24T00:01:52Z,5,,f5fa1945fde64eb6a4ae233f47f6f844
spotify:track:10Nmj3JCNoMeBQ87uw5j8k,a42c0c643fe34d04b0795aeb631c3e65,2023-03-24T00:03:40Z,3,,f5fa1945fde64eb6a4ae233f47f6f844
spotify:track:1bzQEsGH0KEMLt9ZlJ3vmk,a42c0c643fe34d04b0795aeb631c3e65,2023-03-24T00:03:40Z,3,,f5fa1945fde64eb6a4ae233f47f6f844
spotify:track:1urgZoAjz91vFqPEokA1OR,a42c0c643fe34d04b0795aeb631c3e65,2023-03-24T00:03:40Z,2,,f5fa1945fde64eb6a4ae233f47f6f844
spotify:track:3P7NsMPImXxcShk8WlUAJ4,a42c0c643fe34d04b0795aeb631c3e65,2023-03-24T00:03:40Z,2,,f5fa1945fde64eb6a4ae233f47f6f844
spotify:track:47hr9KDPHYmOCCd0aj3Q04,a42c0c643fe34d04b0795aeb631c3e65,2023-03-24T00:03:40Z,2,,f5fa1945fde64eb6a4ae233f47f6f844
spotify:track:56LAHIIyWXTg7vYmVSGBUf,a42c0c643fe34d04b0795aeb631c3e65,2023-03-24T00:03:40Z,3,,f5fa1945fde64eb6a4ae233f47f6f844
spotify:track:59AasfokhGnvuaDVUiJqb7,a42c0c643fe34d04b0795aeb631c3e65,2023-03-24T00:03:40Z,5,,f5fa1945fde64eb6a4ae233f47f6f844
spotify:track:1bzQEsGH0KEMLt9ZlJ3vmk,5be35bf564744df2a445fae855878c05,2023-03-24T00:18:11Z,4,,f5fa1945fde64eb6a4ae233f47f6f844
spotify:track:1urgZoAjz91vFqPEokA1OR,5be35bf564744df2a445fae855878c05,2023-03-24T00:18:11Z,3,,f5fa1945fde64eb6a4ae233f47f6f844
spotify:track:3muMI7YXx7JU3yaaJzWVPw,5be35bf564744df2a445fae855878c05,2023-03-24T00:18:11Z,5,This was unexpected,f5fa1945fde64eb6a4ae233f47f6f844
spotify:track:47hr9KDPHYmOCCd0aj3Q04,5be35bf564744df2a445fae855878c05,2023-03-24T00:18:11Z,1,,f5fa1945fde64eb6a4ae233f47f6f844
spotify:track:56LAHIIyWXTg7vYmVSGBUf,5be35bf564744df2a445fae855878c05,2023-03-24T00:18:11Z,3,,f5fa1945fde64eb6a4ae233f47f6f844
spotify:track:59AasfokhGnvuaDVUiJqb7,5be35bf564744df2a445fae855878c05,2023-03-24T00:18:11Z,4,,f5fa1945fde64eb6a4ae233f47f6f844
spotify:track:0eTSsv0VxP5VYugrpvRYkI,e305e2cab85b4f929234bfdf98d6c6d0,2023-03-25T14:44:41Z,1,,fe29e8bd2e374f4cad6a9b1f402cfe54
spotify:track:7fniOAdIYsvpR8BMnGIu6d,e305e2cab85b4f929234bfdf98d6c6d0,2023-03-25T14:44:41Z,6,,fe29e8bd2e374f4cad6a9b1f402cfe54
spotify:track:6YufjjSqUweXdQHduL76zr,e305e2cab85b4f929234bfdf98d6c6d0,2023-03-25T14:44:41Z,0,"I love Binny! Very sorry I can't vote for this. Can't remember who came up with this round, but I curse them.....  ",fe29e8bd2e374f4cad6a9b1f402cfe54
spotify:track:696z3r1EqxYB53EUM4xbH6,e305e2cab85b4f929234bfdf98d6c6d0,2023-03-25T14:44:41Z,6,,fe29e8bd2e374f4cad6a9b1f402cfe54
spotify:track:1xLs8Mu1QEVbGCpyHQ2r2U,e305e2cab85b4f929234bfdf98d6c6d0,2023-03-25T14:44:41Z,5,,fe29e8bd2e374f4cad6a9b1f402cfe54
spotify:track:0ng20XIqe2ug6DlNpPIWQx,e305e2cab85b4f929234bfdf98d6c6d0,2023-03-25T14:44:41Z,1,,fe29e8bd2e374f4cad6a9b1f402cfe54
spotify:track:0m6vWUiWHjXuPsG1ERtnkE,e305e2cab85b4f929234bfdf98d6c6d0,2023-03-25T14:44:41Z,1,,fe29e8bd2e374f4cad6a9b1f402cfe54
spotify:track:0ng20XIqe2ug6DlNpPIWQx,bdd60b40c4ca4c78a0cbf518560cd06c,2023-03-26T01:37:46Z,0,I remember this band from the first round this season,fe29e8bd2e374f4cad6a9b1f402cfe54
spotify:track:7fniOAdIYsvpR8BMnGIu6d,bdd60b40c4ca4c78a0cbf518560cd06c,2023-03-26T01:37:46Z,3,,fe29e8bd2e374f4cad6a9b1f402cfe54
spotify:track:6YufjjSqUweXdQHduL76zr,bdd60b40c4ca4c78a0cbf518560cd06c,2023-03-26T01:37:46Z,3,Now I want to do a round about cars,fe29e8bd2e374f4cad6a9b1f402cfe54
spotify:track:696z3r1EqxYB53EUM4xbH6,bdd60b40c4ca4c78a0cbf518560cd06c,2023-03-26T01:37:46Z,1,,fe29e8bd2e374f4cad6a9b1f402cfe54
spotify:track:3aCAVmtMYU1AGyUqUNwsdA,bdd60b40c4ca4c78a0cbf518560cd06c,2023-03-26T01:37:46Z,4,I get it,fe29e8bd2e374f4cad6a9b1f402cfe54
spotify:track:16vkuChBKoNYS33qMcmbDM,bdd60b40c4ca4c78a0cbf518560cd06c,2023-03-26T01:37:46Z,2,,fe29e8bd2e374f4cad6a9b1f402cfe54
spotify:track:0eTSsv0VxP5VYugrpvRYkI,bdd60b40c4ca4c78a0cbf518560cd06c,2023-03-26T01:37:46Z,4,This is great!,fe29e8bd2e374f4cad6a9b1f402cfe54
spotify:track:0m6vWUiWHjXuPsG1ERtnkE,bdd60b40c4ca4c78a0cbf518560cd06c,2023-03-26T01:37:46Z,3,,fe29e8bd2e374f4cad6a9b1f402cfe54
spotify:track:0eTSsv0VxP5VYugrpvRYkI,1dacffd0545140b2970d73e29fe6cf33,2023-03-26T12:14:56Z,2,,fe29e8bd2e374f4cad6a9b1f402cfe54
spotify:track:7fniOAdIYsvpR8BMnGIu6d,1dacffd0545140b2970d73e29fe6cf33,2023-03-26T12:14:56Z,3,,fe29e8bd2e374f4cad6a9b1f402cfe54
spotify:track:6YufjjSqUweXdQHduL76zr,1dacffd0545140b2970d73e29fe6cf33,2023-03-26T12:14:56Z,3,,fe29e8bd2e374f4cad6a9b1f402cfe54
spotify:track:696z3r1EqxYB53EUM4xbH6,1dacffd0545140b2970d73e29fe6cf33,2023-03-26T12:14:56Z,2,,fe29e8bd2e374f4cad6a9b1f402cfe54
spotify:track:3aCAVmtMYU1AGyUqUNwsdA,1dacffd0545140b2970d73e29fe6cf33,2023-03-26T12:14:56Z,2,,fe29e8bd2e374f4cad6a9b1f402cfe54
spotify:track:1xLs8Mu1QEVbGCpyHQ2r2U,1dacffd0545140b2970d73e29fe6cf33,2023-03-26T12:14:56Z,2,,fe29e8bd2e374f4cad6a9b1f402cfe54
spotify:track:16vkuChBKoNYS33qMcmbDM,1dacffd0545140b2970d73e29fe6cf33,2023-03-26T12:14:56Z,2,,fe29e8bd2e374f4cad6a9b1f402cfe54
spotify:track:0m6vWUiWHjXuPsG1ERtnkE,1dacffd0545140b2970d73e29fe6cf33,2023-03-26T12:14:56Z,4,,fe29e8bd2e374f4cad6a9b1f402cfe54
spotify:track:16vkuChBKoNYS33qMcmbDM,9bbd7b198c6447b097e31d0e543fa630,2023-03-26T17:09:39Z,1,,fe29e8bd2e374f4cad6a9b1f402cfe54
spotify:track:1xLs8Mu1QEVbGCpyHQ2r2U,9bbd7b198c6447b097e31d0e543fa630,2023-03-26T17:09:39Z,3,,fe29e8bd2e374f4cad6a9b1f402cfe54
spotify:track:3aCAVmtMYU1AGyUqUNwsdA,9bbd7b198c6447b097e31d0e543fa630,2023-03-26T17:09:39Z,4,,fe29e8bd2e374f4cad6a9b1f402cfe54
spotify:track:696z3r1EqxYB53EUM4xbH6,9bbd7b198c6447b097e31d0e543fa630,2023-03-26T17:09:39Z,5,,fe29e8bd2e374f4cad6a9b1f402cfe54
spotify:track:7fniOAdIYsvpR8BMnGIu6d,9bbd7b198c6447b097e31d0e543fa630,2023-03-26T17:09:39Z,4,,fe29e8bd2e374f4cad6a9b1f402cfe54
spotify:track:0m6vWUiWHjXuPsG1ERtnkE,9bbd7b198c6447b097e31d0e543fa630,2023-03-26T17:09:39Z,1,,fe29e8bd2e374f4cad6a9b1f402cfe54
spotify:track:0ng20XIqe2ug6DlNpPIWQx,9bbd7b198c6447b097e31d0e543fa630,2023-03-26T17:09:39Z,2,,fe29e8bd2e374f4cad6a9b1f402cfe54
spotify:track:6YufjjSqUweXdQHduL76zr,5be35bf564744df2a445fae855878c05,2023-03-26T17:14:08Z,4,how is this not a viral tiktok sound already ,fe29e8bd2e374f4cad6a9b1f402cfe54
spotify:track:0eTSsv0VxP5VYugrpvRYkI,5be35bf564744df2a445fae855878c05,2023-03-26T17:14:08Z,3,,fe29e8bd2e374f4cad6a9b1f402cfe54
spotify:track:0m6vWUiWHjXuPsG1ERtnkE,5be35bf564744df2a445fae855878c05,2023-03-26T17:14:08Z,1,,fe29e8bd2e374f4cad6a9b1f402cfe54
spotify:track:0ng20XIqe2ug6DlNpPIWQx,5be35bf564744df2a445fae855878c05,2023-03-26T17:14:08Z,3,,fe29e8bd2e374f4cad6a9b1f402cfe54
spotify:track:16vkuChBKoNYS33qMcmbDM,5be35bf564744df2a445fae855878c05,2023-03-26T17:14:08Z,3,,fe29e8bd2e374f4cad6a9b1f402cfe54
spotify:track:1xLs8Mu1QEVbGCpyHQ2r2U,5be35bf564744df2a445fae855878c05,2023-03-26T17:14:08Z,2,,fe29e8bd2e374f4cad6a9b1f402cfe54
spotify:track:3aCAVmtMYU1AGyUqUNwsdA,5be35bf564744df2a445fae855878c05,2023-03-26T17:14:08Z,1,As a big fan of the original song I feel like this almost works but feels a bit like those gimmicky Max Frost videos?,fe29e8bd2e374f4cad6a9b1f402cfe54
spotify:track:7fniOAdIYsvpR8BMnGIu6d,5be35bf564744df2a445fae855878c05,2023-03-26T17:14:08Z,3,,fe29e8bd2e374f4cad6a9b1f402cfe54
spotify:track:7fniOAdIYsvpR8BMnGIu6d,58386a2a504f4fd08caed77112bedc82,2023-03-26T20:26:42Z,3,,fe29e8bd2e374f4cad6a9b1f402cfe54
spotify:track:16vkuChBKoNYS33qMcmbDM,58386a2a504f4fd08caed77112bedc82,2023-03-26T20:26:42Z,5,,fe29e8bd2e374f4cad6a9b1f402cfe54
spotify:track:1xLs8Mu1QEVbGCpyHQ2r2U,58386a2a504f4fd08caed77112bedc82,2023-03-26T20:26:42Z,1,,fe29e8bd2e374f4cad6a9b1f402cfe54
spotify:track:696z3r1EqxYB53EUM4xbH6,58386a2a504f4fd08caed77112bedc82,2023-03-26T20:26:42Z,3,,fe29e8bd2e374f4cad6a9b1f402cfe54
spotify:track:6YufjjSqUweXdQHduL76zr,58386a2a504f4fd08caed77112bedc82,2023-03-26T20:26:42Z,3,,fe29e8bd2e374f4cad6a9b1f402cfe54
spotify:track:0m6vWUiWHjXuPsG1ERtnkE,58386a2a504f4fd08caed77112bedc82,2023-03-26T20:26:42Z,4,,fe29e8bd2e374f4cad6a9b1f402cfe54
spotify:track:0ng20XIqe2ug6DlNpPIWQx,58386a2a504f4fd08caed77112bedc82,2023-03-26T20:26:42Z,1,,fe29e8bd2e374f4cad6a9b1f402cfe54
spotify:track:16vkuChBKoNYS33qMcmbDM,fee7e973fd6f45d48299e77843f5cb17,2023-03-26T23:47:31Z,5,,fe29e8bd2e374f4cad6a9b1f402cfe54
spotify:track:0ng20XIqe2ug6DlNpPIWQx,fee7e973fd6f45d48299e77843f5cb17,2023-03-26T23:47:31Z,2,,fe29e8bd2e374f4cad6a9b1f402cfe54
spotify:track:0eTSsv0VxP5VYugrpvRYkI,fee7e973fd6f45d48299e77843f5cb17,2023-03-26T23:47:31Z,4,,fe29e8bd2e374f4cad6a9b1f402cfe54
spotify:track:7fniOAdIYsvpR8BMnGIu6d,fee7e973fd6f45d48299e77843f5cb17,2023-03-26T23:47:31Z,3,,fe29e8bd2e374f4cad6a9b1f402cfe54
spotify:track:6YufjjSqUweXdQHduL76zr,fee7e973fd6f45d48299e77843f5cb17,2023-03-26T23:47:31Z,5,,fe29e8bd2e374f4cad6a9b1f402cfe54
spotify:track:3aCAVmtMYU1AGyUqUNwsdA,fee7e973fd6f45d48299e77843f5cb17,2023-03-26T23:47:31Z,1,,fe29e8bd2e374f4cad6a9b1f402cfe54
spotify:track:6YufjjSqUweXdQHduL76zr,5df547c9f7ed41278698daa1917fdd24,2023-03-27T00:09:37Z,4,,fe29e8bd2e374f4cad6a9b1f402cfe54
spotify:track:696z3r1EqxYB53EUM4xbH6,5df547c9f7ed41278698daa1917fdd24,2023-03-27T00:09:37Z,4,,fe29e8bd2e374f4cad6a9b1f402cfe54
spotify:track:3aCAVmtMYU1AGyUqUNwsdA,5df547c9f7ed41278698daa1917fdd24,2023-03-27T00:09:37Z,5,,fe29e8bd2e374f4cad6a9b1f402cfe54
spotify:track:1xLs8Mu1QEVbGCpyHQ2r2U,5df547c9f7ed41278698daa1917fdd24,2023-03-27T00:09:37Z,0,"Heard this, sorry :(",fe29e8bd2e374f4cad6a9b1f402cfe54
spotify:track:16vkuChBKoNYS33qMcmbDM,5df547c9f7ed41278698daa1917fdd24,2023-03-27T00:09:37Z,1,,fe29e8bd2e374f4cad6a9b1f402cfe54
spotify:track:0ng20XIqe2ug6DlNpPIWQx,5df547c9f7ed41278698daa1917fdd24,2023-03-27T00:09:37Z,1,,fe29e8bd2e374f4cad6a9b1f402cfe54
spotify:track:0m6vWUiWHjXuPsG1ERtnkE,5df547c9f7ed41278698daa1917fdd24,2023-03-27T00:09:37Z,1,,fe29e8bd2e374f4cad6a9b1f402cfe54
spotify:track:0eTSsv0VxP5VYugrpvRYkI,5df547c9f7ed41278698daa1917fdd24,2023-03-27T00:09:37Z,4,,fe29e8bd2e374f4cad6a9b1f402cfe54
spotify:track:7fniOAdIYsvpR8BMnGIu6d,488c42f9d7e948a188f671fe126eb74a,2023-03-27T00:13:14Z,5,,fe29e8bd2e374f4cad6a9b1f402cfe54
spotify:track:6YufjjSqUweXdQHduL76zr,488c42f9d7e948a188f671fe126eb74a,2023-03-27T00:13:14Z,1,,fe29e8bd2e374f4cad6a9b1f402cfe54
spotify:track:696z3r1EqxYB53EUM4xbH6,488c42f9d7e948a188f671fe126eb74a,2023-03-27T00:13:14Z,1,,fe29e8bd2e374f4cad6a9b1f402cfe54
spotify:track:3aCAVmtMYU1AGyUqUNwsdA,488c42f9d7e948a188f671fe126eb74a,2023-03-27T00:13:14Z,3,,fe29e8bd2e374f4cad6a9b1f402cfe54
spotify:track:1xLs8Mu1QEVbGCpyHQ2r2U,488c42f9d7e948a188f671fe126eb74a,2023-03-27T00:13:14Z,2,,fe29e8bd2e374f4cad6a9b1f402cfe54
spotify:track:0ng20XIqe2ug6DlNpPIWQx,488c42f9d7e948a188f671fe126eb74a,2023-03-27T00:13:14Z,6,,fe29e8bd2e374f4cad6a9b1f402cfe54
spotify:track:0m6vWUiWHjXuPsG1ERtnkE,488c42f9d7e948a188f671fe126eb74a,2023-03-27T00:13:14Z,2,,fe29e8bd2e374f4cad6a9b1f402cfe54
