Spotify URI,Title,Album,Artist(s),Submitter ID,Created,Comment,Round ID,Visible To Voters
spotify:track:07OGGwchpRKlh7SVt6gxBl,Love Comes Crushing,Oblation (Deluxe),Floor,942db94f20df4bbf8653da742bb672bd,2023-08-28T20:25:13Z,"Any Floor song should dominate this round. Just the absolute heaviest riffs with some nearly angelic vocals over the top of them, letting the heavy richness of the stew sing with a bit of light overtones. ",db721fb0addc4ad2b9061335a32594aa,Yes
spotify:track:0mCeiMVvvP7HXrQL7ZhHL2,Curicó,Creatures of Habit,Kiltro,fee7e973fd6f45d48299e77843f5cb17,2023-08-30T01:24:47Z,"Slowly brew over time, add in a dash of vocalization here, let it simmer for a minute or two but not too much now. Serve warm, guaranteed to sustain you through a cold autumn night.",db721fb0addc4ad2b9061335a32594aa,Yes
spotify:track:0qaWxVVd3KrP4WY27KWpIe,In a River,In a River,Rostam,3ceb8b04eb6f49139ce22d7c27a71e41,2023-08-29T23:56:49Z,Took some back and forth but I'm happy with this pick! I listen to it even more in the fall.,db721fb0addc4ad2b9061335a32594aa,Yes
spotify:track:0qMwDBHvt2UBgc615owxAv,Candy Bars & Men,Candy Bars & Men,Mal Blum,d16b02d16f77415da273094af63d462e,2023-08-28T22:01:38Z,,db721fb0addc4ad2b9061335a32594aa,Yes
spotify:track:0RGtMGYaz9esrHsFiC8TJR,Seer,Witch,Witch,2ba87e2af1a24e13a9082becf806f540,2023-08-29T01:28:41Z,"Picked this one cause it sounds like you’re slowly being submerged into a hot bubbling cauldron of rich, heavy YOU STEW!!!!!",db721fb0addc4ad2b9061335a32594aa,Yes
spotify:track:0SDjmcEJPltb2Rur7usWN2,Sim Sala Bim,Helplessness Blues,Fleet Foxes,9885fc6ccffc4dd198f2ba810d533ea6,2023-08-28T17:40:59Z,,db721fb0addc4ad2b9061335a32594aa,Yes
spotify:track:12aorxTsA3NlwJd7wDiOi3,The Ramblin' Boys of Pleasure,The Greatest Story Ever Told,The Lawrence Arms,ac2cbacc715846dba121cab12050f0c1,2023-08-28T14:10:34Z,,db721fb0addc4ad2b9061335a32594aa,Yes
spotify:track:1h0R5cstHZ070tevUAfEo7,Illegal Smile,John Prine,John Prine,704b79ab3f4b470884593060712e8afd,2023-08-30T01:41:14Z,,db721fb0addc4ad2b9061335a32594aa,Yes
spotify:track:1lATXTBJDHwawvT1UfxWu3,The Pot,"10,000 Days",TOOL,fd4c3b50daf548ffa16be6f215d5b883,2023-08-28T21:52:21Z,,db721fb0addc4ad2b9061335a32594aa,Yes
spotify:track:2DImlXPkRkrA2zpGW5su0B,"Skins, Punx and Drunx",Viking,Lars Frederiksen and the Bastards,3f3b3254d9e849b58ae1b5b6f85cff85,2023-08-28T21:58:41Z,,db721fb0addc4ad2b9061335a32594aa,Yes
spotify:track:3WDp9ac7rKdLJny6Crza0T,Kingdoms (G),Pyroclasts,sunn O))),bdd60b40c4ca4c78a0cbf518560cd06c,2023-08-29T02:46:54Z,"A slow-cooked thick, chunky sonic stew, simmering for hours. It's just too bad this song isn't longer.

An aside: The guitar sound on this album sounds exactly like the freezers in my local grocery store.",db721fb0addc4ad2b9061335a32594aa,Yes
spotify:track:4SC0ZQYHYwH2G136M2YxLz,Oskus Urug,"Honkoroi, Vol. 2: Compilation of Siberian World Music",Radik Tyulush,6e74e3bbc8e643a0b2ed5c998b8bb5ce,2023-08-28T13:26:13Z,,db721fb0addc4ad2b9061335a32594aa,No
spotify:track:4VpH45fTwmwECcd8QH0amq,Out of Reach,Something to Write Home About,The Get Up Kids,1dacffd0545140b2970d73e29fe6cf33,2023-08-28T21:56:05Z,It builds and fills you up,db721fb0addc4ad2b9061335a32594aa,Yes
spotify:track:5AtfMGn09mkbTMBI4YUvuE,So Long,So Long,Hot Apple Band,6042ea21f1044c4180e3673bcd4b435b,2023-08-30T01:40:26Z,"This laurel canyon/alt-country sound feels like heavy stew to me but I can’t exactly say why. I’m from Arkansas originally so there’s something about tunes in this genre that’s comforting to me, not unlike a tasty homemade stew. ",db721fb0addc4ad2b9061335a32594aa,Yes
spotify:track:5uZLsGY9fknBd5Rxr7AIss,Shut Up Kiss Me,MY WOMAN,Angel Olsen,1f8ca948510946fa8edffd20518859ea,2023-08-28T19:15:02Z,I think this prompt calls for a song that is a) immediately satisfying and b) that you would want to sing along to at the end of a long day. This song scratches that itch for me. I think it's a banger from the very first note and I love singing along to it.,db721fb0addc4ad2b9061335a32594aa,Yes
spotify:track:5ziwXuJhGGI50gCzrZV1ig,The Ghost I Used to Be,Foundations of Burden,Pallbearer,5be35bf564744df2a445fae855878c05,2023-08-29T18:22:31Z,luxuriously heavy groove and big guitars,db721fb0addc4ad2b9061335a32594aa,Yes
spotify:track:6LgJvl0Xdtc73RJ1mmpotq,Paranoid Android,OK Computer,Radiohead,58386a2a504f4fd08caed77112bedc82,2023-08-28T21:54:17Z,"There's just so much going on with this tune. It's a dozen songs in. It's melodic, it's harsh, it's creepy, it's lovely.",db721fb0addc4ad2b9061335a32594aa,Yes
spotify:track:6YPzZYl6b1xnQxlKRFjl2q,Burn - Live,Anniversary: 1978 - 2018 Live In Hyde Park London,The Cure,e305e2cab85b4f929234bfdf98d6c6d0,2023-08-28T16:05:07Z,"A full-bodied, gamey stew that you suspect may have been made from crows",db721fb0addc4ad2b9061335a32594aa,Yes
spotify:track:7JU1ukwFqES4bDI9oYn6rV,Built On Ashes,Stranger Fruit,Zeal & Ardor,488c42f9d7e948a188f671fe126eb74a,2023-08-29T21:22:02Z,"This one's got a lot to chew on! If it were a stew, it would be chunky, but with plenty of well-cooked veggies in there for texture and flavor. Even the stock would taste good, all by itself.",db721fb0addc4ad2b9061335a32594aa,Yes
spotify:track:036aHtB4zEPGQu0XmR4B1w,No Moon At All,Blue Skies,Seth MacFarlane,fee7e973fd6f45d48299e77843f5cb17,2023-09-05T01:34:33Z,"Grandma: ""It's a great song!""

Friends: ""It's a great song, also this is Peter Griffin!""",533175d7237d4278a1baccfa39ca049e,Yes
spotify:track:0620OecAlwJQxWieRW4L9s,Bless the Telephone,The Singer & The Song,Labi Siffre,704b79ab3f4b470884593060712e8afd,2023-09-04T08:30:56Z,For my hopeless romantic grandma ,533175d7237d4278a1baccfa39ca049e,Yes
spotify:track:2HBNpowBFX4mAdVHQN1ET9,Graceland,Graceland,Paul Simon,bdd60b40c4ca4c78a0cbf518560cd06c,2023-09-03T18:00:53Z,My son loves this song and his grandma does too. I’m sure he can play it for his friends when he’s older and his grandma will keep loving it too. Who doesn’t love Paul Simon?,533175d7237d4278a1baccfa39ca049e,Yes
spotify:track:2PLlDmo8ugWB0uKPxovQ6E,Car Song,"This Land is Your Land: The Asch Recordings, Vol. 1",Woody Guthrie,1f8ca948510946fa8edffd20518859ea,2023-09-02T05:43:18Z,"you can show it to your friends to be like ""did you know woody guthrie wrote a song that's largely 
car sounds he makes with his mouth"" and you can show it to your grandma because it's wholesome and she'll think it's cute. is this technically a children's song, yes, but it still makes me laugh because it's kind of unhinged to start any song with mouth car sounds instead of words.",533175d7237d4278a1baccfa39ca049e,Yes
spotify:track:2uI9lgtOpYaGPlDqZ7I041,Hoover Dam,Copper Blue (Remastered),Sugar,ac2cbacc715846dba121cab12050f0c1,2023-09-04T02:03:37Z,This song is just a nice listen for anyone all around I think ,533175d7237d4278a1baccfa39ca049e,Yes
spotify:track:2YglzZmqZoRdNbKH6yUHi0,Grandma Song,The Great Depression,"Defiance, Ohio",d16b02d16f77415da273094af63d462e,2023-09-04T17:34:55Z,"Not just because of the title but it did help.

Also this might rely heavily on the specific tastes of my friends but I promise it's true.",533175d7237d4278a1baccfa39ca049e,Yes
spotify:track:38Ngied9rBORlAbLYNCl4k,Once in a Lifetime - 2005 Remaster,Remain in Light (Deluxe Version),Talking Heads,1dacffd0545140b2970d73e29fe6cf33,2023-09-03T20:58:42Z,"True story: my grandmother loved the sound of talking heads. Could never remember the band's name though. Whenever they would come on the radio she would turn to whoever was next to her and ask ""is this that band I like?"" Wonderful woman. RIP",533175d7237d4278a1baccfa39ca049e,Yes
spotify:track:3Q13H08h7Oz99laDXhGbA2,Flower Glass,Wildly Idle (Humble Before the Void),Hand Habits,5be35bf564744df2a445fae855878c05,2023-09-03T22:11:23Z,"my dear crazy grandma (RIP) actually loved saying shocking things and wouldn’t be fazed by dirty lyrics or anything. But this gentle indie tune is good for the more traditional grandma populations. It’s very pretty, but Meg Duffy is also extremely hip and artsy enough to impress your friends. Just look at their musical resume ",533175d7237d4278a1baccfa39ca049e,Yes
spotify:track:3zwmW1gM4E8FlHXV5nE16u,Be Yourself,Out of Exile,Audioslave,58386a2a504f4fd08caed77112bedc82,2023-09-03T14:13:32Z,It's rock but also has an uplifting message of being yourself which my nan would have been able to get behind,533175d7237d4278a1baccfa39ca049e,Yes
spotify:track:41fxuV7r7YyFJlTzXsjpA5,Railroad Man,Blinking Lights and Other Revelations,Eels,e305e2cab85b4f929234bfdf98d6c6d0,2023-09-04T03:27:22Z,"I did a quick seance and this tested pretty well with both grandmas. There was a broad consensus that he seemed like a nice young man, and that it was nice to be able to actually hear the words, and that more songs should have pedal steel guitars. Then they kind of went on a long tangent about how music nowadays is all ""yeet this"" and ""skrrt that"" and after a while I just hung up.",533175d7237d4278a1baccfa39ca049e,Yes
spotify:track:52SCT6ImFklqEhH21lgErO,Sweet City Woman,Against the Grain,Stampeders,6e74e3bbc8e643a0b2ed5c998b8bb5ce,2023-09-02T12:04:36Z,,533175d7237d4278a1baccfa39ca049e,Yes
spotify:track:55DyBUkjebkcYhDGfEXitR,Cariño,Cariño,The Marías,3ceb8b04eb6f49139ce22d7c27a71e41,2023-09-03T16:02:53Z,Maybe not my grandma but someone's grandma ,533175d7237d4278a1baccfa39ca049e,Yes
spotify:track:5cXtT63OTadsjqfRkm5Dwd,Deepthroat,Cum Cake,cupcakKe,3f3b3254d9e849b58ae1b5b6f85cff85,2023-09-03T21:32:31Z,Were getting the social security check w this one guys 🗣️💯💯💯,533175d7237d4278a1baccfa39ca049e,Yes
spotify:track:5HQ2pLdNJwKDm83LqpNYlA,Sofy Yuditskaya,Disembodied,Jen Kutler,942db94f20df4bbf8653da742bb672bd,2023-09-02T07:32:56Z,"Depends on the grandma, but I suspect the droning tones will remind her of church organs and the chirpy bits will bring her back to the childhood frog pond.

Also, here’s the write up for the album:  “Disembodied is a series of audio pieces generated by the vibrations and movements captured by an electronic ring worn on the finger of a feminine spectrum body while bringing themselves to orgasm.” We won’t tell grandma about that part.",533175d7237d4278a1baccfa39ca049e,Yes
spotify:track:5IKObiY5s1wOUrxWrwgj7s,Clean-Up Crew,No Joy,Spanish Love Songs,6042ea21f1044c4180e3673bcd4b435b,2023-09-05T01:25:55Z,My grandma is my friend and she likes anything I like,533175d7237d4278a1baccfa39ca049e,Yes
spotify:track:6BE7wBQqdQQudliybOH6r9,I'd Rather Be a Cowboy (Lady's Chains),Farewell Andromeda,John Denver,2ba87e2af1a24e13a9082becf806f540,2023-09-02T20:27:20Z,"I think if I showed this to my grandma, she’d think it was such a nice, pretty song and if I showed it to my friends, they’d think “hey whoa wait a minute, John Denver is actually pretty good??!” Both great feelings! ",533175d7237d4278a1baccfa39ca049e,Yes
spotify:track:73uJybGAhwGRD9MZYrOmTY,Death with Dignity,Carrie & Lowell,Sufjan Stevens,9885fc6ccffc4dd198f2ba810d533ea6,2023-09-02T02:38:02Z,"Okay so weird choice I know, but the year this came out all of my friends liked it but my Grandma fucking LOVED it. ",533175d7237d4278a1baccfa39ca049e,Yes
spotify:track:7uFejCG9QDaxbmDv66Qoew,"I Wanna Be a Cowboy, Baby!",If My Wife New I'd Be Dead (Deluxe),CMAT,fd4c3b50daf548ffa16be6f215d5b883,2023-09-02T12:30:21Z,"I have in fact shown this song to both my nana and my friends. This artist takes the type of music Irish ""popstars"" of the 60s/70s were making and turns it modern through clever lyrics and updated musical annotations in a way that connects with every generation. Also: she makes bangers. Also: i do indeed wanna be a cowboy baby",533175d7237d4278a1baccfa39ca049e,Yes
spotify:track:7xqwxkdMnYCcEegCtFfbK5,I Love Hot Nights,Modern Lovers 88,"Jonathan Richman, The Modern Lovers",488c42f9d7e948a188f671fe126eb74a,2023-09-03T20:52:52Z,"Both my grandmas are dead and would be over 100. They had basically no overlap in musical taste with my partner. I don't think any of the aforementioned would love this song, but I think I could get away with playing for them without complaint.",533175d7237d4278a1baccfa39ca049e,Yes
spotify:track:0PdM2a6oIjqepoEfcJo0RO,Pour Some Sugar On Me - Remastered 2017,Hysteria (Super Deluxe),Def Leppard,e305e2cab85b4f929234bfdf98d6c6d0,2023-09-07T11:34:14Z,"Too ridiculous for everyday listening, but a lot of fun to do at karaoke (though my office Christmas party wasn't quite ready to hear me sing ""you got the peaches / I got the cream""). Many years ago I also used to perform a slowed-down cover of it as part of a duo - me on acoustic guitar and my friend Chantelle doing earnest torch-song vocals. Fast forward to this year, and Def Leppard released this mind-boggling slow version - https://shorturl.at/jrU38 - we're still waiting on our royalties.",e40b132c3d2f4ccab4b4a816128cf5b8,Yes
spotify:track:1OxcIUqVmVYxT6427tbhDW,Fly Away,5,Lenny Kravitz,5be35bf564744df2a445fae855878c05,2023-09-07T21:25:58Z,Heard it more than enough for this lifetime on the radio and in that Nissan Xterra commercial. But I still think it’d be fun to play that guitar riff!,e40b132c3d2f4ccab4b4a816128cf5b8,Yes
spotify:track:1y4eb6hmAvsqlDOl3fx9kk,Hot N Cold,One Of The Boys,Katy Perry,1f8ca948510946fa8edffd20518859ea,2023-09-07T04:47:17Z,this song is so dumb not to mention misogynistic and mental health stigmatizing. unfortunately it is fun as hell to sing. there was a time when i could also play it on ukulele which i'm sure my neighbors loved.,e40b132c3d2f4ccab4b4a816128cf5b8,Yes
spotify:track:28IEbk5a7twNTbUEvWslUb,Paralyzer,Them Vs. You Vs. Me (Deluxe Edition),Finger Eleven,6042ea21f1044c4180e3673bcd4b435b,2023-09-08T01:15:19Z,"I swear I don’t like this and I would never intentionally listen to it, but damn it sounds fun to play. I knew the assignment, typed “butt rock” into Spotify and found a playlist called “divorced dad buttrock” and saw this track calling out to me and knew it had to be my choice. But yeah the guitar part on the chorus especially sounds like a good time.",e40b132c3d2f4ccab4b4a816128cf5b8,Yes
spotify:track:2jWuNKBlgkfb3M0WDKexY8,The Sinister Minister,Bela Fleck and the Flecktones,Béla Fleck and the Flecktones,942db94f20df4bbf8653da742bb672bd,2023-09-07T09:55:00Z,"As a bass player, my response to this prompt is “literally anything with slap bass.” But this song is my top choice. Incredibly dumb sounding even by jam band standards, but so many fun variations on the main riff through the whole thing and those triplets are fuuuuuuuuuun",e40b132c3d2f4ccab4b4a816128cf5b8,Yes
spotify:track:37ZJ0p5Jm13JPevGcx4SkF,Livin' On A Prayer,Slippery When Wet,Bon Jovi,9885fc6ccffc4dd198f2ba810d533ea6,2023-09-07T19:21:39Z,"I played bass in a cover band once. I haaaaaate Bon Jovi, but this one was always super fun to run through and got the bar hoppin'",e40b132c3d2f4ccab4b4a816128cf5b8,Yes
spotify:track:3ExNcJ7LkInTekJg13FQSq,Satch Boogie,Surfing With The Alien,Joe Satriani,ac2cbacc715846dba121cab12050f0c1,2023-09-07T18:56:25Z,"I had to learn this song for a guitar class, and it's a lot of fun to play. That said, I just can't sit down and listen to this style of music. No hate towards it, just not my thing. ",e40b132c3d2f4ccab4b4a816128cf5b8,Yes
spotify:track:3QmesrvdbPjwf7i40nht1D,Everlong - Acoustic Version,Greatest Hits,Foo Fighters,d16b02d16f77415da273094af63d462e,2023-09-07T20:39:44Z,"I don't really dislike the song, but I learned to play it because my mom loves FF and that's way more fun than listening to it",e40b132c3d2f4ccab4b4a816128cf5b8,Yes
spotify:track:3SpS1YrqjhPisiTsUlOXNy,Rocky Top - Live,Live and Well,Dolly Parton,3f3b3254d9e849b58ae1b5b6f85cff85,2023-09-07T18:55:57Z,"Specifically the dolly version, think itd be p sick for me (cis man) to be able to pull off a perf dolly impression at a karaoke bar or smth. I’d never wanna listen to the original v tho",e40b132c3d2f4ccab4b4a816128cf5b8,Yes
spotify:track:46Rq56w2y1DrDskiG2rQXQ,City Called Heaven - Live,The Circle of Life,Salt Lake Vocal Artists,fee7e973fd6f45d48299e77843f5cb17,2023-09-08T01:59:15Z,"Fuck it, let's REALLY lean into this theme. I did this song years ago with a choir, and I still sing and get the solo stuck in my head sometimes despite never listening to similar music

There are 100 versions of this song, and this is the best version I found. The soloist has this desperate-sounding vibrato, and while their voice is beautiful it also hits the frantic tone the song needs. Plus I always forget how spine-chilling a big choir can be. Won't listen to it ever again after this though.",e40b132c3d2f4ccab4b4a816128cf5b8,Yes
spotify:track:4bHsxqR3GMrXTxEPLuK5ue,Don't Stop Believin',Escape (Bonus Track Version),Journey,fd4c3b50daf548ffa16be6f215d5b883,2023-09-07T06:34:46Z,"I'm a drummer and the first time I ever played with other people, I was asked to play along with the music class in school when my teacher found out that I drummed. Well I had the best time of my whole life playing this song with those guys (the guitarist was unnecessarily insane on guitar at age 15, still is today too) and I played my heart out. However, I do not generally like this song and would never in a million years play it by choice. Though the flashbacks to that moment are really nice",e40b132c3d2f4ccab4b4a816128cf5b8,Yes
spotify:track:5EOoMWIB9iK4ZpcSex9Ec7,Old Time Rock & Roll,Stranger In Town,Bob Seger,6e74e3bbc8e643a0b2ed5c998b8bb5ce,2023-09-07T01:00:51Z,"I can’t STAND this song, it’s so goddamned loud and annoying. But HOLY SHIT the opening piano riff is the best thing to play when you need someone’s attention. It’s a blast to play. But this song SUCKS",e40b132c3d2f4ccab4b4a816128cf5b8,Yes
spotify:track:5W8YXBz9MTIDyrpYaCg2Ky,Last Resort,Infest,Papa Roach,bdd60b40c4ca4c78a0cbf518560cd06c,2023-09-07T01:08:12Z,"I think the riff is super fun to play. But listening to this song would be my last resort.

I can't fit the whole tab, but this part:

E|-| 
B|-| 
G|-|
D|-|-----------9--------------------9--------------------9-------------------9------------|
A|-|-7-10-9-10---10-9-10----10-9-10---10-9-10----10-9-10---10-9-10---10-9-10-----10-9-10--|
D|-|---------------------12-------------------10-------------------9----------------------|
 ",e40b132c3d2f4ccab4b4a816128cf5b8,Yes
spotify:track:5WzdX4iArSQZELuxI0Oq5Q,Wynona's Big Brown Beaver,Tales From The Punchbowl,Primus,2ba87e2af1a24e13a9082becf806f540,2023-09-07T19:26:21Z,"I firmly believe that this song SANS VOCALS is an incredible composition, and if I could play this on the bass I’d never stop. That being said, I’m not gonna listen to a damn Primus song, I’m a grown up!!!",e40b132c3d2f4ccab4b4a816128cf5b8,Yes
spotify:track:5X7vdW9Ib2i1nkNlLEstcL,Red River Rock,Music For Parties,Silicon Teens,488c42f9d7e948a188f671fe126eb74a,2023-09-07T23:43:07Z,Does whistling/humming count?,e40b132c3d2f4ccab4b4a816128cf5b8,Yes
spotify:track:6ihL9TjfRjadfEePzXXyVF,Gives You Hell,When The World Comes Down,The All-American Rejects,704b79ab3f4b470884593060712e8afd,2023-09-08T00:58:35Z,"This song is definitely a douchebag anthem, but it brings me back to middle school and it’s really fun to sing. I like to think of me telling off some imaginary person who hurt me. Sometimes you need to indulge the pettiness inside ",e40b132c3d2f4ccab4b4a816128cf5b8,Yes
spotify:track:6WUfWf1nQ6KH4OTXdqfi9j,I Am Going To Kill The President Of The United States Of America,XO,Leathermouth,3ceb8b04eb6f49139ce22d7c27a71e41,2023-09-07T01:11:30Z,"I do listen to their other songs, Murder Was the Case, and Leviathan a lot. This song fucking rips but I have listened to it only a handful of times. Just enough to decide I would love to play it.",e40b132c3d2f4ccab4b4a816128cf5b8,Yes
spotify:track:7b4yGtR0rujvLi5EBfKKJ2,Take Me Home Tonight,Can't Hold Back,Eddie Money,1dacffd0545140b2970d73e29fe6cf33,2023-09-07T01:29:33Z,Had a lot of options for this round (my original pick was Rush) but this one just felt like It'd be the most fun,e40b132c3d2f4ccab4b4a816128cf5b8,Yes
spotify:track:08mG3Y1vljYA6bvDt4Wqkj,Back In Black,Back In Black,AC/DC,5be35bf564744df2a445fae855878c05,2023-09-12T01:10:50Z,This is the go-to song for the appearance of the badass character in old movies/TV shows and I want people to fear me as I walk confidently on stage in my leather jacket ,e3d83475e5e54d138f5e020267a2039d,Yes
spotify:track:16GF5HUow99fT4I7rNdNAk,Semicircle Song,SEMICIRCLE,The Go! Team,e305e2cab85b4f929234bfdf98d6c6d0,2023-09-11T01:48:50Z,"I don't want a song that gets lamely re-arranged for the house band, I want a song that a proper (brass-heavy) house band can do justice to. (I will also insist that the band contains a steel drum, even though they won't actually get as far as that part of the song).",e3d83475e5e54d138f5e020267a2039d,Yes
spotify:track:1wXE6zvNWRz8GuMfEUgETz,Hair Of The Dog,Hair Of The Dog,Nazareth,9885fc6ccffc4dd198f2ba810d533ea6,2023-09-11T00:54:27Z,Specifically the chorus,e3d83475e5e54d138f5e020267a2039d,Yes
spotify:track:291RmMazWAmDitFuD6NJCv,Another One Bites The Dust,The Game,Queen,ac2cbacc715846dba121cab12050f0c1,2023-09-12T01:47:08Z,"I would like to specify that I would intentionally trip while walking out to this, then lay on the floor for the remainder of the show. ",e3d83475e5e54d138f5e020267a2039d,Yes
spotify:track:2pDKE8Q40TDGPl1O11DKKn,Shameika,Fetch The Bolt Cutters,Fiona Apple,704b79ab3f4b470884593060712e8afd,2023-09-13T00:55:33Z,"Probably overthought this and started to question if house bands usually include vocals/lyrics. I fuck with this as just instrumentals, but vocals included are even better. This song starts strong, makes an entrance if you will heh

I also think the theme of this song from childhood and potential into adulthood and realized potential is a good fit for being interviewed on a talk show.",e3d83475e5e54d138f5e020267a2039d,Yes
spotify:track:2sLk8Pk1IUUY3bt0bEKoFS,The Puppy Song,Harry,Harry Nilsson,1f8ca948510946fa8edffd20518859ea,2023-09-12T01:26:56Z,"my song would have to be about dogs but i don't want it to be like ""who let the dogs out"" or something terrible. i think this one would translate well into a band arrangement. a catchy little song.",e3d83475e5e54d138f5e020267a2039d,Yes
spotify:track:2xuaGUZwr4lr0HhFx3JybI,So They Say,LOUIE,Kenny Beats,3f3b3254d9e849b58ae1b5b6f85cff85,2023-09-11T01:55:51Z,"Had a friend of mine recommend this song to me, listened to the whole album and its solid as shit tbh. Love the beat and all the trumpet(?) shit goin on",e3d83475e5e54d138f5e020267a2039d,Yes
spotify:track:37mfTcSlX60JtAvAETytGs,Choke,Choke,I DONT KNOW HOW BUT THEY FOUND ME,fee7e973fd6f45d48299e77843f5cb17,2023-09-12T19:39:57Z,"While the lyrics would be a bit unhinged for something like Jimmy Fallon, I think the beat/instrumental would be jaunty and fun for a quick little walk-out (specifically, the chorus kick at 2:25). Or we do it with lyrics, and make everyone reallll uncomfortable while plugging my next MCU movie.",e3d83475e5e54d138f5e020267a2039d,Yes
spotify:track:39stBeu2367ts8MRuRZ0Av,Cholla,Abracadabra,Jerry Paper,6042ea21f1044c4180e3673bcd4b435b,2023-09-12T01:08:25Z,"This has good late night talk show vibes I feel like. Funky, fun, I could even do a light-hearted shuffle type dance out to the chair. ",e3d83475e5e54d138f5e020267a2039d,Yes
spotify:track:3NoOwvxhI2yMYknxqnFUVx,Nervous Breakdown,Nervous Breakdown,Black Flag,1dacffd0545140b2970d73e29fe6cf33,2023-09-11T18:32:01Z,"Wanted ""banned in DC"" but already used that one for the wrestling walk out song. This was a very close second ",e3d83475e5e54d138f5e020267a2039d,Yes
spotify:track:3Vr406z58yyyO2Ofh1fbqA,Funky Fanfare,The Kpm 1000 Series - Volume 1,Keith Mansfield,bdd60b40c4ca4c78a0cbf518560cd06c,2023-09-12T02:22:44Z,"Based on my research, the best entrances fall into three camps: 
1. songs referencing your work 
2. wrestler intro vibes 
3. jams to dance your way in

Hard to reference my work anonymously, and we've already done wrestler entrance, so I'm leaning into a song that'll have me and the host dancing in
 
It's also key that the instrumental holds up; the house band likely won't do vocals. 
So here's a jam famously sampled in Old School Rules by DOOM. I listened to that album endlessly in high school.",e3d83475e5e54d138f5e020267a2039d,Yes
spotify:track:4P5KoWXOxwuobLmHXLMobV,Come As You Are,Nevermind (Remastered),Nirvana,d16b02d16f77415da273094af63d462e,2023-09-12T04:52:01Z,"Mainstream enough that the talk show people don't think I'm an asshole, while still presenting A Certain Image.

Also it's something that's actually recognizable, with that opening bass line.

I don't know a goddamn thing about talk shows and I'm kinda just guessing but more importantly, vote for the nirvana song you sheep. You know you want to. And now that I insulted you you can ironically vote for me to spite my insults!

I plan to accept last place gracefully.",e3d83475e5e54d138f5e020267a2039d,Yes
spotify:track:4SSh5Mr1HGnZnh310i4O6a,(Sk)A-Punk,(Sk)A-Punk,"Skatune Network, JER, Jeff Rosenstock",488c42f9d7e948a188f671fe126eb74a,2023-09-13T00:26:34Z,"I promise I'm not doing this to annoy anyone! If I was on a talk show, I'm 100% making the house band play a ska cover. In fact, if I had *my own* talk show, I would throw money at JER until they agreed to be my band leader.

Honestly, you're all lucky I didn't pick one of the Skatune Animal Crossing covers.",e3d83475e5e54d138f5e020267a2039d,Yes
spotify:track:4vvaua4fbZARQTGtwSzP3d,The Little Rascals,TV Themes - Best Of Comedy Theme Songs,The TV Theme Players,2ba87e2af1a24e13a9082becf806f540,2023-09-11T01:05:27Z,"I think this is the perfect song to poke your head out of the curtain to first, before stepping out and greeting the crowd/host. Nice short length to time your sit-down, too. Also, personally, it would indicate the level of childlike whimsy I’d be bringing to my interview.",e3d83475e5e54d138f5e020267a2039d,Yes
spotify:track:4zXa17K83Pp6N2yXdVc2sv,You're The Best,The Karate Kid: The Original Motion Picture Soundtrack,"Joe ""Bean"" Esposito",942db94f20df4bbf8653da742bb672bd,2023-09-11T07:26:40Z,And I walk out with ungodly levels of swagger in the freshest damn suit ever seen.,e3d83475e5e54d138f5e020267a2039d,Yes
spotify:track:6sxptembJVty4sNtcPMAVz,Man! I Feel Like A Woman!,Come On Over,Shania Twain,fd4c3b50daf548ffa16be6f215d5b883,2023-09-11T18:00:30Z,"I just feel like the absolute energy I could evoke from the crowd by bursting out from backstage to this would be enormous. I'd get away with murder with anything I said during the interview because they'd be so riled up from my entrance they'd be putty in my hands. I could probably somehow do cartwheels across the stage off the sheer power of the line ""Let's go girls"" alone. ",e3d83475e5e54d138f5e020267a2039d,Yes
spotify:track:6UBQONiLH8kNmmB8UrV2Ef,Genius of Love,Tom Tom Club,Tom Tom Club,3ceb8b04eb6f49139ce22d7c27a71e41,2023-09-11T18:09:59Z,Upbeat and strong intro! Has a quirky vibe! Perfect for the brief moments it will need to play,e3d83475e5e54d138f5e020267a2039d,Yes
spotify:track:7fcpWj44x6NqyLo4DQwH0Y,Tv - Entertainment Tonight Theme,The Complete Grand Entrance Party CD,Bobby Morganstein,6e74e3bbc8e643a0b2ed5c998b8bb5ce,2023-09-11T12:29:24Z,"I know I’m not Mary Hart or John Tesh but I could think of no better walk-out music.  (Side note: there are several covers of the Entertainment Tonight theme on Spotify, but this one specifically says ‘Grand Entrance’ on the thumbnail. That’s kismet, baby)",e3d83475e5e54d138f5e020267a2039d,Yes
spotify:track:1fMRVs0YLIO9jdiGivT52M,Widdershins,Houseghost,Houseghost,488c42f9d7e948a188f671fe126eb74a,2023-09-15T23:57:23Z,I've probably used Houseghost before. I just think they're neat!,b01714ab0da545f096122d0354235f9b,Yes
spotify:track:1gIXgeL8KPbRCnWvPfZyUJ,"Shooting Up, Breaking Down (feat. Jesse Sendejas)",Into a Monster,"Chad Hates George, Jesse Sendejas",d16b02d16f77415da273094af63d462e,2023-09-15T23:39:37Z,"I'm folk punk garbage and I know it but goddamn I love this song. The contrast between the Sendejas' voices is awesome, and lyrics like ""I'm so exhausted, but I just don't feel I'm welcome in my bed"" still hit me straight in the heart.",b01714ab0da545f096122d0354235f9b,Yes
spotify:track:1NuBaXmaY9sbyPZ1EwwlIw,Boots,Boots,Pretty Happy,fd4c3b50daf548ffa16be6f215d5b883,2023-09-15T07:31:54Z,"I took the ""less"" in 3 or less quite seriously. Also these guys absolutely rip and very much commit to the bit live. The opposite of a law and orderly band for this round",b01714ab0da545f096122d0354235f9b,Yes
spotify:track:1ydkCHE2sIbsnFEgPidTXt,Caramel,Lava Land,Piglet,942db94f20df4bbf8653da742bb672bd,2023-09-15T02:30:06Z,Absolute legends with 14.8k monthly listeners and only 1 ep/1 live ep/1 single from a radio session.,b01714ab0da545f096122d0354235f9b,Yes
spotify:track:2KXj74ZMgVkfWFYl9GGuoD,My Better Half,1986,One Last Wish,bdd60b40c4ca4c78a0cbf518560cd06c,2023-09-15T02:09:05Z,"12.8k monthly listeners, just one release. Totally overshadowed by Fugazi, but this album is great and this song is a jam.",b01714ab0da545f096122d0354235f9b,Yes
spotify:track:2NwvB2xS3DBVNb8gKxxYFq,Dream Lover,Dream Lover,Slut Magic,6e74e3bbc8e643a0b2ed5c998b8bb5ce,2023-09-15T12:46:09Z,"I’m a sucker for a 10/10 punk cover and this is one of my favs. Love this band, their energy, their vocals, their violin and their whole aesthetic ",b01714ab0da545f096122d0354235f9b,Yes
spotify:track:2QSkgqFePhES9hokl9lgeW,Hit the Breaks,PLOSIVS,PLOSIVS,ac2cbacc715846dba121cab12050f0c1,2023-09-16T01:33:32Z,,b01714ab0da545f096122d0354235f9b,Yes
spotify:track:2TcULoo1oW4dVMbXu5kE0z,Princess Skullface Sings,Chandeliers in the Savannah,Neon Blonde,9885fc6ccffc4dd198f2ba810d533ea6,2023-09-15T14:16:23Z,"Was kind of shocked to see how few monthly listeners they have, but I suppose it makes sense as Johnny Whitney's side projects were always pretty slept on. Sounds like early Arctic Monkeys dipped in LSD",b01714ab0da545f096122d0354235f9b,Yes
spotify:track:2uWTSzExDgzISj7pL8C9FH,Obey the Groove,And the Flying Boombox,No More Kings,fee7e973fd6f45d48299e77843f5cb17,2023-09-15T19:50:30Z,"Just a little bit of head-bobbin' funk for your weekend

46.6k monthly listeners, exactly 3 full albums",b01714ab0da545f096122d0354235f9b,Yes
spotify:track:35apcrUmP43fkQk8Yxc52S,Cold Toes,"Fear of the Savanna, Terror of the Suburbs",Mt. Pocono,6042ea21f1044c4180e3673bcd4b435b,2023-09-15T19:58:46Z,"This absolutely rules, rips, and most importantly it meets Sam’s rigid criteria ",b01714ab0da545f096122d0354235f9b,Yes
spotify:track:36auCrOOQtbGCgJxPLNQo4,Angry Bong Rips,In The Parlance of Our Times,Russian Girlfriends,3f3b3254d9e849b58ae1b5b6f85cff85,2023-09-15T20:04:28Z,"This whole album is really great imo, but this song was the only hit off it. If you wanna get more into them, Jeremy’s Last Stand, Pride Parade, The Day We Put the Dog Down, and Babylon is for Lovers are other great songs off the record. ",b01714ab0da545f096122d0354235f9b,Yes
spotify:track:4V2bnXoPjyJjvMDj5rTBqQ,How'm I Supposed to Wake Up in the Morning,S/T,Hank Wood and the Hammerheads,2ba87e2af1a24e13a9082becf806f540,2023-09-15T22:48:19Z,My old band played a show with these guys in like 2012 and afterward I promptly broke up my group and switched permanently to comedy because there was no sense in trying to do garage-punk at all when the Hammerheads were doing it this perfectly.,b01714ab0da545f096122d0354235f9b,Yes
spotify:track:5uvPKAuME298m4WfiS9PWQ,Dirty Laundry,Nervous Like Me,Cayetana,1dacffd0545140b2970d73e29fe6cf33,2023-09-15T18:53:36Z,Surprised to find they only had two full albums on Spotify ,b01714ab0da545f096122d0354235f9b,Yes
spotify:track:6nCnDIX8yMOwvq4fC44gyV,Plume,Oll Korrect,Ghetto Amaretto,5be35bf564744df2a445fae855878c05,2023-09-15T22:30:07Z,"They created an indie/electronica-type album via email, which makes them kind of just like The Postal Service except they're Irish and have 3 monthly listeners.",b01714ab0da545f096122d0354235f9b,Yes
spotify:track:6yWlIVjWD0BsSyYfI8nHML,Ghost Dance,Time Flies,DBH,704b79ab3f4b470884593060712e8afd,2023-09-16T16:18:16Z,A full spectrum of emotion here,b01714ab0da545f096122d0354235f9b,Yes
spotify:track:72ywvEBzFn2fg4JRF7pBDn,Morning Light,Morning Light,DILLY DALLY,e305e2cab85b4f929234bfdf98d6c6d0,2023-09-15T02:19:17Z,"Sadly broke up this year, signing off with this (relatively) poppy single.",b01714ab0da545f096122d0354235f9b,Yes
spotify:track:7ArU1U22qrYZbjFgUDzN5S,Little Fang,Enter The Slasher House,"Avey Tare's Slasher Flicks, Avey Tare",3ceb8b04eb6f49139ce22d7c27a71e41,2023-09-15T02:49:54Z,"I'm so fucking excited because this has been one of my very favorite songs since high school. It's on my ""me"" playlist and I feel incredibly connected to it, which I know is a little corny but I really do adore this song. It's a little funky with some weird vocals, but I love the lyrics and truly this one has made it onto so many of my playlists through the years. I hope y'all enjoy it too!",b01714ab0da545f096122d0354235f9b,Yes
spotify:track:7LEoX2GmJJJ593wgLtYHj4,Diggin,Curve of Earth (Deluxe Version),Ohtis,1f8ca948510946fa8edffd20518859ea,2023-09-16T05:15:17Z,"the singer of this band is now my friend's ex-husband but unfortunately i can't stop listening to them (i started when they were still married). i love their depressing twangy sound and their melodies. 23,705 monthly listeners and 1 album on spotify.",b01714ab0da545f096122d0354235f9b,Yes
spotify:track:0PDZ4Rgj36MxVgvoMv3sk5,Another Girl Another Planet,Another Girl Another Planet The Best Of,The Only Ones,1dacffd0545140b2970d73e29fe6cf33,2023-09-19T13:19:07Z,I had this song on a compilation of new wave from the 70s when I was like 15. Now every five years since then there is one day where it's all my brain decides I'm allowed to listen to that day,e142448b9e294440892a07a782b8adfb,Yes
spotify:track:23MrkN7g6Q5U7GLIxNHN1B,Foxey Lady,Are You Experienced,Jimi Hendrix,fd4c3b50daf548ffa16be6f215d5b883,2023-09-19T13:44:59Z,I deliberated over this for a while but everytime I watch Wayne's World or even if someone references it I get this song stuck in my head and my brain replays Dana Carvey's moves the entire time its stuck so ya how the hell is this whole scene so imprinted on my brain lol,e142448b9e294440892a07a782b8adfb,Yes
spotify:track:2G5ylbQCu7rtfbW7QI5agG,Loop de Loop,Spongebob Squarepants - Original Theme Highlights,Ween,9885fc6ccffc4dd198f2ba810d533ea6,2023-09-19T16:10:27Z,Hate Ween for doing this and I get it stuck in my head multiple times a month. ,e142448b9e294440892a07a782b8adfb,Yes
spotify:track:2IGMVunIBsBLtEQyoI1Mu7,Paint The Town Red,Paint The Town Red,Doja Cat,488c42f9d7e948a188f671fe126eb74a,2023-09-19T19:54:46Z,"I guess this song is huge right now, but I heard it, like, once, when my partner played it in the car a week ago. Since then it's been firmly lodged in my cranium.",e142448b9e294440892a07a782b8adfb,Yes
spotify:track:2jQ83plqEYklrHY4gaH8a6,Different,Ximena Sariñana,Ximena Sariñana,942db94f20df4bbf8653da742bb672bd,2023-09-19T11:52:22Z,"When I was teaching high school, I would watch MTV before I left for work at 6 AM because they actually played music videos at that hour. Jump to a few years later and I had a weird memory of watching a video at that time but could only remember 3 details: (a) the video was shot at a vaguely 1950s-looking pool, (b) the artist's name started with X, and (c) about three notes. Couldn't get that vague memory out of my head for like 5 years, but I finally found it. And i can't stop jamming it now.",e142448b9e294440892a07a782b8adfb,Yes
spotify:track:2S4N7RYlhHr1vWadDaleuJ,Burnt Rice (feat. Yung GEMMY),Burnt Rice (feat. Yung GEMMY),"Shawn Wasabi, YDG, Yung GEMMY",3ceb8b04eb6f49139ce22d7c27a71e41,2023-09-19T00:57:33Z,This is a summer 2017 earworm for me,e142448b9e294440892a07a782b8adfb,Yes
spotify:track:36ckFm0oicmvX8bWEErIHd,You Were On My Mind,You Were On My Mind,We Five,1f8ca948510946fa8edffd20518859ea,2023-09-19T18:19:44Z,"this song gets stuck in my head all the time but i can't remember the last time i actually heard it. i feel like it was on oldies stations sometimes when i was a kid, so maybe it just buried itself in my brain then? it's a catchy song though, i don't mind it.",e142448b9e294440892a07a782b8adfb,Yes
spotify:track:3AOKTnqkgcG0WR3i0gwmPj,Combination Pizza Hut and Taco Bell,"Shut Up, Dude","Das Racist, Heems",bdd60b40c4ca4c78a0cbf518560cd06c,2023-09-19T01:44:01Z,"I don’t know if I’ve actually heard this song in the wild for like 10 years but it just pops into my head from time to time. 

A real earworm, but I think I secretly kinda like it. Don’t tell anyone.",e142448b9e294440892a07a782b8adfb,Yes
spotify:track:3gWZ8TJ6oIpJWQBfrUOksW,Brimful of Asha - Norman Cook Remix Single Version,Brimful of Asha,"Cornershop, Norman Cook",e305e2cab85b4f929234bfdf98d6c6d0,2023-09-19T00:45:14Z,"I've not actively listened to this since it was an unlikely hit in 1998 - but I haven't needed to, as my brain often grabs my internal aux cord and gives it a blast (and I don't mind at all). Lots to love, including its celebration of veteran Indian singer Asha Bhosle, and the lyric ""everyone needs a bosom for a pillow"". (Also, singer Tjinder Singh once publicly set fire to a poster of Morrissey to protest against his ""flamboyant racist overtones"". In the last few years, right? Nope - 1992)",e142448b9e294440892a07a782b8adfb,Yes
spotify:track:3VEV9UsGggVjjiworiuscR,Colonel Hathi's March (The Elephant Song),The Jungle Book,"J. Pat O'Malley, Disney Studio Chorus",2ba87e2af1a24e13a9082becf806f540,2023-09-19T15:35:01Z,"I haven’t seen the Jungle Book in like 20 damn years but if I’m mindlessly traipsing down the sidewalk, as I often am, there is a 95% chance this is the melody in my head.",e142448b9e294440892a07a782b8adfb,Yes
spotify:track:4UflFk4hLqXOfp2X38X6sI,Doja - Sped Up Version,Doja (Sped Up Version),sped up nightcore,5be35bf564744df2a445fae855878c05,2023-09-19T15:39:03Z,"“Earwormy but good”? Yes. I am a cool youth who uses tiktok and gets those hyper sped-up songs deeply stuck in my head for months on end. The old Eve interpolation is v fun and something about this song just scratches the brain so nicely that I’m dangerously close to shouting the lyrics in public or on a work call or something, which would be weird. ",e142448b9e294440892a07a782b8adfb,Yes
spotify:track:5KFa7aO49TOsH8zfMarw6N,This Time Around,Quiet Signs,Jessica Pratt,704b79ab3f4b470884593060712e8afd,2023-09-20T00:57:51Z,"This song stuck with me the first time I heard it, despite the fact that I have no idea what the fuck she’s saying. 

I find myself singing “havawala name but to claim to hahahaha” without the song playing. I looked up the lyrics once, but they never stick for me unless they’re inteligible. Jessica Pratt knows this and prioritizes the melody. 

A very successful earworm!",e142448b9e294440892a07a782b8adfb,Yes
spotify:track:6Lv6GFKWSjWJExxRgkdboY,Gig Life,"Whenever, If Ever",The World Is A Beautiful Place & I Am No Longer Afraid To Die,d16b02d16f77415da273094af63d462e,2023-09-19T20:50:26Z,"I feel like I maybe don't quite ""get"" this round tbh but I like this song and I think about it a lot I guess",e142448b9e294440892a07a782b8adfb,Yes
spotify:track:6WkSUgo1VdpzgtiXKlFPcY,Dammit,Dude Ranch,blink-182,3f3b3254d9e849b58ae1b5b6f85cff85,2023-09-19T15:46:58Z,I got the blink182 brainrot. Doesnt help that the guitar riff for the songs earwormy as hell,e142448b9e294440892a07a782b8adfb,Yes
spotify:track:717oSBYrcR8awQgUsmyE32,All I Want,Ixnay On The Hombre,The Offspring,6e74e3bbc8e643a0b2ed5c998b8bb5ce,2023-09-19T15:34:11Z,"Thanks to Crazy Taxi I find myself humming this song almost every time I pull out of my driveway/parking spot. After all these years I still barely know any of the words, so it’s just “yeah yeah yeah yeah” on a loop… ",e142448b9e294440892a07a782b8adfb,Yes
spotify:track:0qmmtQNx3pl4batTvYhJpz,Someday,Chumped,Chumped,d16b02d16f77415da273094af63d462e,2023-09-22T22:16:15Z,"I was thinking I would do something from this EP. I was 14 and super not plugged in at the time, and they broke up like the next year or the year after that. I didn't find Chumped until... 2021? But I'm super into them. I think most of them are still out there; I know Anika Pyle is. I'm still not really sure which of the first three songs on this album is the best one to use here, but I ADORE the opening riff on this one.

Don't tell anybody but I think I found them in an auto-generated playlist",6b4b7910fa31410fae3024cf79444863,Yes
spotify:track:1id8C2LdzAayYwyWqfBCrk,California Girls,Distortion,The Magnetic Fields,2ba87e2af1a24e13a9082becf806f540,2023-09-22T02:41:26Z,"Getting real into the Magnetic Fields at age 35, just fully living that Jim Gaffigan “I just saw Heat!” bit smh…",6b4b7910fa31410fae3024cf79444863,Yes
spotify:track:1rSEBPA1voMxyY8hY7EoRo,We Came to Dance,The Collection,Ultravox,fd4c3b50daf548ffa16be6f215d5b883,2023-09-22T10:25:22Z,I think its fair to use this example of coming late to this band this was released before I was born but their sound scratches my brain in a way not many other bands can and nobody except for my dad ever wants to talk to me about them lol ,6b4b7910fa31410fae3024cf79444863,Yes
spotify:track:2gxfUzq0kLUwdHIo87aHIC,L.G. FUAD,Commit This To Memory,Motion City Soundtrack,942db94f20df4bbf8653da742bb672bd,2023-09-22T12:16:31Z,"Caught this band in a bar in maybe 2004 at the time when I was actually listening to emo/pop-punk stuff on the regular. Remember thinking they were ""fine"" and that the keyboard handstand was pretty gimmicky. But now that I'm swinging back into nostalgia listening, they're probably the band from that genre that I listen to the most despite not actually doing it at the time. If nothing else, I want to argue with people about how their counterpoint blows Taking Back Sunday's out of the water.",6b4b7910fa31410fae3024cf79444863,Yes
spotify:track:2w3ScXudq4aD3K5HFO5xvx,Gold Dust Woman - 2004 Remaster,Rumours,Fleetwood Mac,5be35bf564744df2a445fae855878c05,2023-09-22T20:56:07Z,"hey hey have you guys heard of this band called Fleetwood Mac? Seriously though, I had always casually listened in a “music my parents like” sort of way until seeing them live in 2019 and then did a full deep dive into the catalogue and became a super committed fan … just incredible stuff and you can hear so much of their influence in newer bands",6b4b7910fa31410fae3024cf79444863,Yes
spotify:track:2yiCdoQVSXUnGxn7uG8Jqi,Mama's Eyes,Midnight at the Movies,Justin Townes Earle,bdd60b40c4ca4c78a0cbf518560cd06c,2023-09-23T01:37:21Z,"I was talking to a friend about JTE after I'd ""discovered"" him, and I asked if she listened to him. She responded, ""yeah, love him, sad story."" I had not realized he was dead... but I just discovered him! I want to talk about him now!
This was not that long ago, and I think JTE is now one of my most-played artists on Spotify. I'm not used to feeling this late to a band! And then learning that Steve Earle is his dad and this song is about him.  I thought I knew all the things about music already!",6b4b7910fa31410fae3024cf79444863,Yes
spotify:track:3zvjgw8Lt41RIyYbrlegJk,Victoria,Never Hungover Again,Joyce Manor,1dacffd0545140b2970d73e29fe6cf33,2023-09-22T13:06:06Z,Known about Joyce manor for years and never really paid much attention. Then like two weeks ago for no reason whatsoever I just decided I wanted to get really into them. This is my favorite song so far.,6b4b7910fa31410fae3024cf79444863,Yes
spotify:track:47zzGSaqmo9KuSLEGXnsZ2,Christmas in Prison,Sweet Revenge,John Prine,1f8ca948510946fa8edffd20518859ea,2023-09-23T00:29:20Z,"this is my ""most embarrassingly late to"" artist as i just started listening to john prine last year. now i'm like ""whoa have you guys heard of this john prine guy?! he's the next big thing!"" (he's dead) also taking a risk here as this is a song about christmas, but this is the song that introduced me to him and i really like it.",6b4b7910fa31410fae3024cf79444863,Yes
spotify:track:4VVt65mIYQsuTcMFvTqdXW,Choose Me For Champion,Oh Perilous World,Rasputina,704b79ab3f4b470884593060712e8afd,2023-09-23T00:59:47Z,"When I was a junior in college, I had a roommate who was 9 years older than me and they introduced me to Rasputina. They bought a UE Boom speaker because I had one and you could link them together for “surround sound.” We’d smoke hella weed and blast music together, a lot of Rasputina included. You can really get lost in the stories in their music, especially when you’re high.

Rasputina is fucking awesome, my roommate was fucking awesome. I’m a better person with better music for meeting them. ",6b4b7910fa31410fae3024cf79444863,Yes
spotify:track:5KUNwkaNf8l5A9sXZhiCgI,Rapp Snitch Knishes,MM..FOOD,"MF DOOM, Mr. Fantastik",fee7e973fd6f45d48299e77843f5cb17,2023-09-22T22:53:26Z,"First heard MF Doom when an old resident showed me Doomsday when I was an RA. ""Oh cool, I'll definitely look more into him later,"" I said. And I did, about 6 years later.

And holy shit, MF Doom is so good.",6b4b7910fa31410fae3024cf79444863,Yes
spotify:track:6aBUnkXuCEQQHAlTokv9or,This Must Be the Place (Naive Melody) - 2005 Remaster,Speaking in Tongues (Deluxe Version),Talking Heads,3ceb8b04eb6f49139ce22d7c27a71e41,2023-09-23T01:04:08Z,"Listen. Ok. I actually really hated the talking heads for a long time until this year specifically. I decided David Byrne is charming and this song has grown on me a lot. I think more musicians should be a little kooky and lighthearted like this guy is. Also, some of the instrumentals kinda sound like yoshis island music ",6b4b7910fa31410fae3024cf79444863,Yes
spotify:track:6CSP4f1yEJnGdibOHnwV4X,"Caroline, Please Kill Me",Blue Suicide,Coma Cinema,488c42f9d7e948a188f671fe126eb74a,2023-09-22T22:31:20Z,These dudes were making the exact kind of music I like while I was in college listening to bands that basically sound just like them and somehow I never got into them until this year? Wth?,6b4b7910fa31410fae3024cf79444863,Yes
spotify:track:6gVnU0iR0DcRUdfbrBtfD8,Well Done,Brutalism,IDLES,9885fc6ccffc4dd198f2ba810d533ea6,2023-09-22T22:32:46Z,Avoided them for the longest time until my friend played this album on a road trip last year. Now they're in the top 10 for me,6b4b7910fa31410fae3024cf79444863,Yes
spotify:track:6MDijuuArPJv1vbp7K1x3f,Genghis Khan,iii,Miike Snow,6e74e3bbc8e643a0b2ed5c998b8bb5ce,2023-09-22T14:46:23Z,"Y’all are gonna roll your eyes at me but I just discovered Swedish-pop group Miike Snow last year (haha im so out of touch). 

Im a sucker for catchy pop, but what truly enamored me to this band was the music video for ‘Genghis Kahn’. If you like this song and HAVENT seen the video, PLEASE PLEASE PLEASE go watch it later today. It’s a delight. One of my all time favorites. 

Once this round is over feel free to recommend other Swedish pop acts if they go as hard as Miike Snow!",6b4b7910fa31410fae3024cf79444863,Yes
spotify:track:6U6CQjaqOtYTLNDsnze4qO,INRIhab,The Big Dirty,Every Time I Die,ac2cbacc715846dba121cab12050f0c1,2023-09-22T02:50:12Z,"I was in my brother's car, he was playing this song, and the conversation went something like this:
Me: What is this? 
Him: Every Time I Die. 
Me: I like this song, it sounds cool. 
Him: Well they just broke up. ",6b4b7910fa31410fae3024cf79444863,Yes
spotify:track:7ieSKdo9F5jrblXxVypz1s,IMpossible,The Heartfelt,Figurine,e305e2cab85b4f929234bfdf98d6c6d0,2023-09-23T01:43:06Z,"Before The Postal Service, Jimmy Tamborello was apparently in this band, which I discovered recently (a full 20 years after Give Up). It's not exactly like discovering bonus Postal Service, but there's a bit of crossover and it's cool in its own right. I figured maybe everyone already knew about them, but also they have less than 5k Spotify listeners, so who knows",6b4b7910fa31410fae3024cf79444863,Yes
spotify:track:0Lx2UASwFBWFSzPKBq3d40,Allison,Bossanova,Pixies,1f8ca948510946fa8edffd20518859ea,2023-09-25T18:27:47Z,a classic! this song is always in my head. 1:17,0124173da84142859f0330b7a92ae5f7,Yes
spotify:track:1kftorJNhsWrtqjCJyte6j,Shop,Shop: A Pop Opera,Jack Stauber's Micropop,6e74e3bbc8e643a0b2ed5c998b8bb5ce,2023-09-25T17:45:49Z,Jack Stauber is one of my favs & and I’m in luck - he’s got OODLES of great short songs to choose from ,0124173da84142859f0330b7a92ae5f7,Yes
spotify:track:1R3SOHFV4zt1OeKa75vkFT,Hush Rattle,Mood Valiant,Hiatus Kaiyote,704b79ab3f4b470884593060712e8afd,2023-09-26T18:52:22Z,I find this enjoyable and worth listening to,0124173da84142859f0330b7a92ae5f7,Yes
spotify:track:2yWbhIVXLwTaqVF2Q6nlTV,Short Songs,Give Me Convenience or Give Me Death,Dead Kennedys,2ba87e2af1a24e13a9082becf806f540,2023-09-25T14:48:38Z,"I mean, all I can say about this one is…Hell yeah. ",0124173da84142859f0330b7a92ae5f7,Yes
spotify:track:3hHOTDFrciIXTZ9SttBHNy,Bluff,Take Me Apart,Kelela,e305e2cab85b4f929234bfdf98d6c6d0,2023-09-27T01:14:33Z,Short 'n slow,0124173da84142859f0330b7a92ae5f7,Yes
spotify:track:3idaWZXzbVZ6QclVRz9SuE,Kicker Of Elves,Bee Thousand,Guided By Voices,6042ea21f1044c4180e3673bcd4b435b,2023-09-27T01:49:05Z,dodoododododo kicker of elves,0124173da84142859f0330b7a92ae5f7,Yes
spotify:track:3osLZWzFGWI1mFWGtASVBE,Four Chords Pt. II: Five Chords,THE UNRAVELING OF PUPTHEBAND,PUP,d16b02d16f77415da273094af63d462e,2023-09-25T20:15:55Z,"All of the Four Chords songs are pretty reliant on the structure of the album, but I think this one is still kinda fun on its own. Part one is better and part three is shorter, but the balance here made me pick it I guess",0124173da84142859f0330b7a92ae5f7,Yes
spotify:track:4OOnKruLT7SQf9ny770YKe,Crackity Jones,Doolittle,Pixies,3f3b3254d9e849b58ae1b5b6f85cff85,2023-09-26T19:14:32Z,"Idk how people feel about the Pixies,  but I feel like this song (tbh the stretch of 3 songs: Mr. Grieves -> Crackity Jones -> La La Love You) is one of the high points of Doolittle. Feel like it doesnt get as much attention as the other big songs off the record bc its only like ~1:20 long. Still rips tho tbh",0124173da84142859f0330b7a92ae5f7,Yes
spotify:track:4WaO8txBXmh3XWdXhUsH0Z,Pash Rash,WORRY.,Jeff Rosenstock,bdd60b40c4ca4c78a0cbf518560cd06c,2023-09-26T02:22:54Z,"I made this huge playlist of short songs for past rounds/leagues that have had 1 or 2 minute song rounds. 

I've been listening to this playlist all day just looking for the most enjoyable song. A lot of contenders but who doesn’t enjoy this?",0124173da84142859f0330b7a92ae5f7,Yes
spotify:track:5cDMd2XtX1Xy4gqTHo1pmW,Take Flight,Nature,Louie Zong,fee7e973fd6f45d48299e77843f5cb17,2023-09-27T00:40:26Z,"Fuck it, have some whimsy",0124173da84142859f0330b7a92ae5f7,Yes
spotify:track:5eR2lAGV9Gd2EpZtcaIVqG,The Supine,Armchair Apocrypha,Andrew Bird,5be35bf564744df2a445fae855878c05,2023-09-25T23:48:48Z,"Very pretty instrumental song, genuinely enjoyable to listen to. Back when I was a yoga teacher and made meticulously timed playlists for every class, sometimes I’d have this one timed to play right when I was cueing students into savasana (aka lying down at the end), it’s “Supine,” get it? No one had heard of Andrew Bird and no one got it and you’re not really supposed to talk much at that point in the class anyway. Good song! ",0124173da84142859f0330b7a92ae5f7,Yes
spotify:track:5lE1g5Qsi1stIjYh8O5FC1,"Happy Holidays, You Bastard",Take Off Your Pants And Jacket,blink-182,488c42f9d7e948a188f671fe126eb74a,2023-09-27T01:39:23Z,"Someone took Descendents and there's 20 minutes to the deadline, so we're going with this ",0124173da84142859f0330b7a92ae5f7,Yes
spotify:track:5SwYKAcchq3n4tMIoQTSRO,Megameanie,Fight Like Apes and the Mystery of the Golden Medallion,Fight Like Apes,fd4c3b50daf548ffa16be6f215d5b883,2023-09-25T14:15:02Z,FLA are such an incredible band and they just did a reunion show for the anniversary of this album where they scattered 3 plays of Megameanie to the delight of everyone in the room its one of those great short songs that acts as a little welcome rage-break in the album and when it comes on live its a blink and you'll miss it stomp-fest ,0124173da84142859f0330b7a92ae5f7,Yes
spotify:track:64MGXTtBOIiQA84yi7Tuvq,The Positive Aspect of Negative Thinking,Against The Grain,Bad Religion,ac2cbacc715846dba121cab12050f0c1,2023-09-26T01:27:18Z,It's less than a minute long and still managed to include a cool change at the end. ,0124173da84142859f0330b7a92ae5f7,Yes
spotify:track:6P0QRfdkGc5qpx8lUSRNe7,I'm Always Tired,Of All Things I Will Soon Grow Tired,Joyce Manor,3ceb8b04eb6f49139ce22d7c27a71e41,2023-09-25T23:01:07Z,Joyce Manor Enjoyers Rise Up,0124173da84142859f0330b7a92ae5f7,Yes
spotify:track:71NUd0qNkP1tDKuabzJ1Mb,I Like Food,Bonus Fat,Descendents,1dacffd0545140b2970d73e29fe6cf33,2023-09-25T18:08:59Z,This song has a great message: food is good.,0124173da84142859f0330b7a92ae5f7,Yes
spotify:track:77Zm1VR4gVmpUL9n7QOcmD,Loosie,Some Rap Songs,Earl Sweatshirt,942db94f20df4bbf8653da742bb672bd,2023-09-25T18:13:19Z,,0124173da84142859f0330b7a92ae5f7,Yes
spotify:track:7hypCBfCEsgimTKJwctnBK,Guitarmy,"Burn, Piano Island, Burn (Bonus Track Version)",The Blood Brothers,9885fc6ccffc4dd198f2ba810d533ea6,2023-09-26T02:03:04Z,,0124173da84142859f0330b7a92ae5f7,Yes
spotify:track:0bU7X5P4bFSYMXgOMdV0jQ,Heavy Boots,Mondo Amore,Nicole Atkins,5be35bf564744df2a445fae855878c05,2023-09-29T16:53:48Z,"Heavy boots are both inanimate and inedible (bootlickers notwithstanding), per the rules. Underrated artist with many excellent songs like this one ",3d7659fcd62544b4ac8a8965e9cb65ba,Yes
spotify:track:0rS5bl8WHAiDuiorCulzuV,Where's My Juul?? (feat. Lil Mariko),Where's My Juul?? (feat. Lil Mariko),"Full Tac, Lil Mariko",704b79ab3f4b470884593060712e8afd,2023-09-29T21:42:43Z,All of her songs are fun,3d7659fcd62544b4ac8a8965e9cb65ba,Yes
spotify:track:10pk4wkRPNF86h4WVIz9p8,Galaxy 500,Lucky 7,The Reverend Horton Heat,ac2cbacc715846dba121cab12050f0c1,2023-09-29T20:48:22Z,"After hearing this song, I'm pretty sure it's the only inanimate object you really need",3d7659fcd62544b4ac8a8965e9cb65ba,Yes
spotify:track:16HQ0SsRblCVsu1OJiMy9R,Why Does the Sun Really Shine? (The Sun Is a Miasma of Incandescent Plasma),At Large,They Might Be Giants,942db94f20df4bbf8653da742bb672bd,2023-09-29T06:00:17Z,"What I like about this song is that they wrote a song about the sun, got told it inaccurately described the sun by the fans, and then wrote this scientifically updated version of the song.",3d7659fcd62544b4ac8a8965e9cb65ba,Yes
spotify:track:186T9p0ddgnF4Gg3T85Z3L,My Bully Is Dead,St Anger,Private Function,3f3b3254d9e849b58ae1b5b6f85cff85,2023-09-29T03:57:34Z,"One of my favorite songs by Private Function. Songs about a funeral, and his bully isn’t an animate object anymore lmao",3d7659fcd62544b4ac8a8965e9cb65ba,Yes
spotify:track:223z30R4bjsGkFEQcgrVD5,The Combine Harvester (Brand New Key),Novelty Songs,The Wurzels,fee7e973fd6f45d48299e77843f5cb17,2023-09-29T18:03:27Z,"If anyone submitted the Roller Skate song, I'm not sorry.",3d7659fcd62544b4ac8a8965e9cb65ba,Yes
spotify:track:35VqQrwh16t58JMjdLxZDZ,Bitchin' Camaro,Big Lizard In My Back Yard,The Dead Milkmen,488c42f9d7e948a188f671fe126eb74a,2023-09-29T22:15:41Z,"Someone beat me to Mabu, so let's see if another song about a car can beat it out. I've always thought this league needed more skits that took up 2/3 of the track's length.",3d7659fcd62544b4ac8a8965e9cb65ba,Yes
spotify:track:4L75RNLUGN3qg7H2CndpTz,Mabu,PUP,PUP,d16b02d16f77415da273094af63d462e,2023-09-29T17:05:30Z,Fuck it we PUP,3d7659fcd62544b4ac8a8965e9cb65ba,Yes
spotify:track:4nm4RAp6EdOmKKFpgclSJr,Telephone Book,3 (US Version),Violent Femmes,1f8ca948510946fa8edffd20518859ea,2023-09-29T03:37:24Z,"simple, short, and catchy. and now quaint because it's about an old timey object!",3d7659fcd62544b4ac8a8965e9cb65ba,Yes
spotify:track:4OV4vGGaANzlxhCZsEL2l2,Apple TV Remote,Lean Into Life,Petey,bdd60b40c4ca4c78a0cbf518560cd06c,2023-09-29T16:57:25Z,"Maybe you heard about him on some site called Hard Times. Sure he’s a TikTok star, but this song is a jam. Also, I have a black couch and an Apple TV. Very relatable stuff.",3d7659fcd62544b4ac8a8965e9cb65ba,Yes
spotify:track:5GvdOog4FrFxWm6fXfjYIY,Jailbreak the Tesla (feat. Aminé),Jailbreak the Tesla (feat. Aminé),"Injury Reserve, Aminé",fd4c3b50daf548ffa16be6f215d5b883,2023-09-29T06:54:56Z,"Although I don't understand how self-driving works, I still attest that cars are inanimate (and hopefully inedible)",3d7659fcd62544b4ac8a8965e9cb65ba,Yes
spotify:track:5huLMzIzFEdVcvEzt2hfk1,Peaches,The Presidents of The United States of America: Ten Year Super Bonus Special Anniversary Edition,The Presidents Of The United States Of America,6042ea21f1044c4180e3673bcd4b435b,2023-09-29T22:46:24Z,Yummm,3d7659fcd62544b4ac8a8965e9cb65ba,Yes
spotify:track:5iHAFChkdOPRgmBDolmHXy,I Love My Shirt,Barabajagal,Donovan,6e74e3bbc8e643a0b2ed5c998b8bb5ce,2023-09-29T13:51:39Z,lol this song is so dumb i love it so much sorry ,3d7659fcd62544b4ac8a8965e9cb65ba,Yes
spotify:track:5WNfllr5vx9PWc3e5B4eYi,Plastic Jesus,Folksongs & Ballads,Tia Blake,3ceb8b04eb6f49139ce22d7c27a71e41,2023-09-29T02:30:57Z,This version specifically! I sing this to my kitties a lot ,3d7659fcd62544b4ac8a8965e9cb65ba,Yes
spotify:track:6aeOSY6fPsvGTzyXi65pNY,Leopard-Skin Pill-Box Hat,Blonde On Blonde,Bob Dylan,9885fc6ccffc4dd198f2ba810d533ea6,2023-09-29T02:58:01Z,"Okay. He talks about a lot of things in this song, but I literally do not think the hat is a metaphor here. I think he legitimately hates Leopard-Skin-Pill-Box hats and I love him for it. ",3d7659fcd62544b4ac8a8965e9cb65ba,Yes
spotify:track:6ZQs32DQEou9ABQy02awdX,Musette And Drums,Head Over Heels,Cocteau Twins,e305e2cab85b4f929234bfdf98d6c6d0,2023-09-29T22:37:52Z,"A musette is a type of French bagpipe with a soft sound (obvs). Literal/metaphorical is a tough distinction here, but it seems about as literal as you're going to get from Liz Fraser - she states the title plainly in the lyrics, plus I'm guessing that the slightly droney synth you can hear is a nod to the musette. (The ""drums"" are a nod to the ""drums""). Also this song is a good rejoinder to anyone calling Cocteau Twins ""Dream Pop"" at this point in their career - holy shit does this song go hard.",3d7659fcd62544b4ac8a8965e9cb65ba,Yes
spotify:track:7EEst6o3tDcp8Rqm2KljUV,My My Metrocard,Le Tigre,Le Tigre,2ba87e2af1a24e13a9082becf806f540,2023-09-29T02:07:38Z,"A song about a lil card, that can’t move, but can help you move all around the greatest city in the world!!!",3d7659fcd62544b4ac8a8965e9cb65ba,Yes
spotify:track:7mXpvHxoklNaMATCscYwo8,The Boat Dreams from the Hill,24 Hour Revenge Therapy,Jawbreaker,1dacffd0545140b2970d73e29fe6cf33,2023-09-29T15:44:51Z,Possibly the best song ever written about a depressed boat,3d7659fcd62544b4ac8a8965e9cb65ba,Yes
spotify:track:0EVXXXqoeXT9ercsAzHZJb,Fuck That Shit,My Friends Live In My Pocket,Holliday Howe,e305e2cab85b4f929234bfdf98d6c6d0,2023-10-02T23:55:36Z,"holly is an amazing producer/singer/songwriter/artist/polymath, and even though she's way out of my league, she did collaborate on and release a song with me last year (not this one). i don't know her super well, but definitely more than my favorite coffeeshop barista. (also - more songs should be called Fuck That Shit.....maybe even all of them?)",7b36c44e87c74986bf2d7c59439388fb,Yes
spotify:track:1i0n66AEokID5HhX59TwDj,Give It Up,Dancing on the Wind,The Sloppy Boys,2ba87e2af1a24e13a9082becf806f540,2023-10-02T02:57:02Z,"These are my buddies Mike, Tim and Jeff. They were in the sketch group the Birthday Boys (which I was a big fan of before I became pals with them, and I always worry they can smell it on me) and have a funny podcast about cocktails. Good dudes! ",7b36c44e87c74986bf2d7c59439388fb,Yes
spotify:track:1IX1P4rKzDJobBHgaeyjkn,You've Got Friends,Shit for Brians,Brian Damage,9885fc6ccffc4dd198f2ba810d533ea6,2023-10-03T00:25:50Z,"Very good friends and yes, they use the AOL sample live",7b36c44e87c74986bf2d7c59439388fb,Yes
spotify:track:2ggwdOnVsnWCknWF0ePll2,Antichrist Complex,Antichrist Complex,Joe Baughman + The Righteous Few,6e74e3bbc8e643a0b2ed5c998b8bb5ce,2023-10-02T13:47:48Z,I went to college with this these guys! Go Pilots! Loud Midwestern rock with a big heart. ,7b36c44e87c74986bf2d7c59439388fb,Yes
spotify:track:2gk18Mvex85Ap0kHBVaJ0g,Snickers or Reese's,Domesplitter (Reissue),Direct Hit!,942db94f20df4bbf8653da742bb672bd,2023-10-02T06:57:01Z,"Picking the one with the most monthly listeners that I can think of (42k) and it just happens to be my older brother. And with this specific track, I also know me.",7b36c44e87c74986bf2d7c59439388fb,Yes
spotify:track:2tOlHa5LqMjXydHJNx1byO,Flight,Fire in the Mind.,Dopeghost,488c42f9d7e948a188f671fe126eb74a,2023-10-02T21:44:29Z,"My future sister-in-law is dating a guy in this band. I don't think he knows that we know he's in a band. He's in our ""friends"" Music League and I've always wanted to submit one of their songs and play dumb.

Anyway, if this song doesn't do well, then David can't join the family. I'm drawing a line in the sand.",7b36c44e87c74986bf2d7c59439388fb,Yes
spotify:track:2ui08pG6XpoX4Cu198ZPGq,Sometimes,Distorted Lullabies,Ours,5be35bf564744df2a445fae855878c05,2023-10-02T13:54:37Z,"Jimmy Gnecco is a longtime friend of a few of my friends and we’ve all hung out a lot over the years. So dramatic on stage but a very nice, quiet, unassuming guy socially. My favorite memory is the time he came over exhausted and jetlagged after a tour. We were all playing Cards Against Humanity when he just folded his arms on the table and put his head down and went to sleep, so we kept trying to laugh quietly and let him rest. Wholesome times with musicians! Anyway this is their biggest hit.",7b36c44e87c74986bf2d7c59439388fb,Yes
spotify:track:2X91xGZMbe0pHjlcTgmmbl,Normal,Presents: Normal,The Homeless Gospel Choir,1dacffd0545140b2970d73e29fe6cf33,2023-10-02T00:25:42Z,"The singer, guitarist and drummer are all friends of mine.",7b36c44e87c74986bf2d7c59439388fb,Yes
spotify:track:3NQobh4RWnptMwrCijzo9R,The Lampolier,The Optimist,Grover Anderson,704b79ab3f4b470884593060712e8afd,2023-10-03T00:11:53Z,"I come from a small town of about 5 thousand people, and this guy is kind of a local legend. He’s friends with my mom and I’ve met him a few times. 
He made up this lampolier word and says it means “a soul-devouring demon who dwells in abandoned mines.” So you know he’s committed to the bit.
This song IS a jam, though. When he performs, he gets the audience of mostly old folks absolutely fucking pumped.",7b36c44e87c74986bf2d7c59439388fb,Yes
spotify:track:4wMCEFgK3eJIVA2XCoO3gB,Dirty Rotten (Dirty),Dirty Rotten (Dirty),Killium,ac2cbacc715846dba121cab12050f0c1,2023-10-02T22:47:38Z,"Great guys that I've been lucky enough to call my friends, this is their first single from their upcoming album and I think it's really good. (It's also really close to 1000 streams, if you feel like listening to it after this round too...)",7b36c44e87c74986bf2d7c59439388fb,Yes
spotify:track:4ztZagyjeKYLORn5OztiI5,Your Ideal,Your Ideal,Cinema Hearts,3ceb8b04eb6f49139ce22d7c27a71e41,2023-10-03T00:03:19Z,My friend Massimo is the bassist!!! He's a very talented musician who also works at a recording studio and school in DC. Love u Massi,7b36c44e87c74986bf2d7c59439388fb,Yes
spotify:track:53oL8akm13XH1U8zrGHnEm,Don't Take It from Me,Don't Take It from Me,Podge Lane,fd4c3b50daf548ffa16be6f215d5b883,2023-10-02T12:06:08Z,"My friend Podge has some really cool music - I met him when he started going out with one of my friends from college so it's been pretty cool watching him play more and more shows. I would listen to this song a lot when he first released it, there's something so nice about the simplicity of it ",7b36c44e87c74986bf2d7c59439388fb,Yes
spotify:track:5KfGOgkKpPlYWa7wj1Gkkk,Nightmare,Not Sorry,"Bad Cop, Bad Cop",1f8ca948510946fa8edffd20518859ea,2023-10-02T19:05:54Z,tbh their music is not really my genre but this is my good friend's band. they are on fat wreck chords and i think that's pretty cool! she sings this song and she also did the cover art for this album! 35k monthly listeners.,7b36c44e87c74986bf2d7c59439388fb,Yes
spotify:track:6we8n8vV3FoYd2BZBj1WUQ,Flyover,Flyover,Ringularity,bdd60b40c4ca4c78a0cbf518560cd06c,2023-10-02T13:39:14Z,"This is my buddy Dan's band/project. We met in college, used to do a podcast together, I just got to visit him in New York. He's only released a little bit of what he's recorded recently, but I loved this track. Very post-rock/doomy. ",7b36c44e87c74986bf2d7c59439388fb,Yes
spotify:track:73iFJnFSDqUSgChVEwb3xM,Arrows,Gospel,Fireworks,fee7e973fd6f45d48299e77843f5cb17,2023-10-03T00:17:31Z,"Old friend/coworker of mine in college was the drummer in this band, admittedly haven't talked to him in a bit. I should shoot him a text",7b36c44e87c74986bf2d7c59439388fb,Yes
spotify:track:75OQOQp6YYMUQnbMSBHABn,WAY 2 GOOD,WAY 2 GOOD,The Current Year,3f3b3254d9e849b58ae1b5b6f85cff85,2023-10-02T22:23:01Z,My buddy ian from hs started this band w another friend of his! ,7b36c44e87c74986bf2d7c59439388fb,Yes
